id_pagador,qtd_boletos,media_atraso,atraso_maximo,taxa_atraso,valor_total,ticket_medio,id_cnpj,cd_cnae_prin,uf,sacado_indice_liquidez_1m,cedente_indice_liquidez_1m,score_materialidade_evolucao,media_atraso_dias,indicador_liquidez_quantitativo_3m,share_vl_inad_pag_bol_6_a_15d,score_quantidade_v2,score_materialidade_v2
0005f9a401a3e628bfb8a8264a89e8018087737f38c448b128af27a2959365f2,1,0.0,0.0,0.0,8939.74,8939.74,,,,,,,,,,,
000b6b5897c37b89cc5aba2150791a68fd39ec48ca21f50f1ebe64857e08ab3c,1,0.0,0.0,0.0,3728.39,3728.39,000b6b5897c37b89cc5aba2150791a68fd39ec48ca21f50f1ebe64857e08ab3c,3104700.0,SP,9420000000000000.0,8070000000000000.0,937.0,2.03e+16,950.0,3687.0,983.0,988.0
001535d58bce027835cab82ba9cdee5b8f4ecf6a2a1623414eed7e26c601dc83,1,0.0,0.0,0.0,362.13,362.13,001535d58bce027835cab82ba9cdee5b8f4ecf6a2a1623414eed7e26c601dc83,4744099.0,SC,9850000000000000.0,9230000000000000.0,953.0,286000.0,890.0,5959.0,977.0,988.0
001b70791e528af6d8fc2bb1118567829782222e93524e7a159ab9ebb2c65b96,1,0.0,0.0,0.0,3158.92,3158.92,001b70791e528af6d8fc2bb1118567829782222e93524e7a159ab9ebb2c65b96,4646002.0,CE,1e+16,764605000000000.0,964.0,2.37e+16,910.0,0.0,968.0,989.0
00303ef0342cf76115d05d3997a85f341b627b8f01fbd2eee3fb608b0d526bf9,3,0.0,0.0,0.0,1700000.0,566666.6666666666,,,,,,,,,,,
003df5a54c2be4b5ba1a0fe1fa22dfa791d9ce8893061783b3df0822d52ac759,1,2.0,2.0,1.0,1025.56,1025.56,,,,,,,,,,,
0051060314660b01091a791b842f342fbf0e3db94268ce622ef0d9612de65aa0,1,1.0,1.0,1.0,1112.94,1112.94,0051060314660b01091a791b842f342fbf0e3db94268ce622ef0d9612de65aa0,4530703.0,ES,9860000000000000.0,9720000000000000.0,963.0,2.25e+16,940.0,4762.0,979.0,989.0
0058b0a75be2b245cc836be26c5c1e29d66a09e499f4fe95e33b1a7167727310,1,0.0,0.0,0.0,691.47,691.47,,,,,,,,,,,
006f986ab24b52fb10bfbebdb511ad20e28c042bc4c0321d1a2ff4cfe6cffb72,2,0.0,0.0,0.0,357184.8,178592.4,,,,,,,,,,,
0074bf39b9ce8514fe4b5f1ee4e8415d975219377250713826b339866b979708,1,9.0,9.0,1.0,147.48,147.48,0074bf39b9ce8514fe4b5f1ee4e8415d975219377250713826b339866b979708,4731800.0,RN,9650000000000000.0,8660000000000000.0,910.0,2600000000000000.0,890.0,512.0,978.0,988.0
009e7f9dcb9c3cf5a3cdc39a1a851c825de02e5851d507d9e42490333ed47a69,2,0.0,0.0,0.0,175711.02000000002,87855.51000000001,009e7f9dcb9c3cf5a3cdc39a1a851c825de02e5851d507d9e42490333ed47a69,2222600.0,RS,9470000000000000.0,9930000000000000.0,952.0,268020.0,970.0,0.0,983.0,988.0
00a7466ae0f0b6197ed64c3355af45062aa75ba4f7b1363a575181a64809c536,1,0.0,0.0,0.0,453.27,453.27,,,,,,,,,,,
00b68b9e70d6cd1174c45535314b86bd6627ba8419d25c1975e528955f51494e,1,1.0,1.0,1.0,832.37,832.37,,,,,,,,,,,
00c6058892d530a9b7b03c624528eafad999f4400ef69ec4d04a316b8a4eb54c,1,0.0,0.0,0.0,392.98,392.98,,,,,,,,,,,
00d088a48364e7781618e0ca042c6340c8168ed6cdf81d80a76d483c126cff6d,3,0.0,0.0,0.0,5707.3,1902.4333333333334,00d088a48364e7781618e0ca042c6340c8168ed6cdf81d80a76d483c126cff6d,4679699.0,SC,9800000000000000.0,7780000000000000.0,965.0,224000.0,960.0,5686.0,984.0,989.0
00d6c5d14f66f7663cfb52ad4f7a237305afdef39922fe04d3c0363524878739,1,0.0,0.0,0.0,170.73,170.73,,,,,,,,,,,
01050c03933f0d1c653e3528094b4c4935094de9825dfe6d23aeb918c4edd538,1,4.0,4.0,1.0,1964862.43,1964862.43,01050c03933f0d1c653e3528094b4c4935094de9825dfe6d23aeb918c4edd538,6120502.0,SP,2720000000000000.0,4260000000000000.0,137.0,1.15e+16,240.0,204.0,279.0,985.0
010ab2c35c6612c5b7fccbda92ce2559d3c8ce47f2d8af84e401d8e2fb5f73f1,2,0.0,0.0,0.0,1996.73,998.365,,,,,,,,,,,
0131e0d468954d0ce8393df5634e73f670341fe8dd83cece22367a2cbfcd49e0,1,0.0,0.0,0.0,392.87,392.87,0131e0d468954d0ce8393df5634e73f670341fe8dd83cece22367a2cbfcd49e0,4742300.0,SC,9080000000000000.0,9270000000000000.0,951.0,1.89e+16,960.0,4965.0,982.0,988.0
0134e82cfdd7397ee6446e87218972a451c2f75240d535d8c5093341382a7244,1,0.0,0.0,0.0,96.54,96.54,,,,,,,,,,,
014cab8094fe9a9fcde06953483bf50e91339cbbf201cafbe001ae368b41150b,1,0.0,0.0,0.0,444.29,444.29,,,,,,,,,,,
0155678ae57d6b33d68a88eafdb47a7beace01d9f66222dcbca5e54eaf7bf1f6,1,0.0,0.0,0.0,1340.9,1340.9,,,,,,,,,,,
015be28a2c4155e8505ed25c32b0fddc61f3e130754a71d4b997313f615838f3,1,0.0,0.0,0.0,474.97,474.97,015be28a2c4155e8505ed25c32b0fddc61f3e130754a71d4b997313f615838f3,4771701.0,PR,9910000000000000.0,8880000000000000.0,958.0,2.5e+16,980.0,92.0,983.0,988.0
015cd7473cc4eb08b4f6c32b5683fe475861626e855e00270ddfb239e96d93de,1,0.0,0.0,0.0,880.0,880.0,015cd7473cc4eb08b4f6c32b5683fe475861626e855e00270ddfb239e96d93de,4930203.0,SP,5260000000000000.0,7690000000000000.0,671.0,1.27e+16,860.0,12049.0,960.0,986.0
016bc7520c2e8543ece5710ac647cf221ec099491b078eec5699473b9143921d,1,0.0,0.0,0.0,2172.25,2172.25,016bc7520c2e8543ece5710ac647cf221ec099491b078eec5699473b9143921d,4789099.0,MS,9950000000000000.0,805428000000000.0,935.0,2290000000000000.0,980.0,1762.0,976.0,988.0
018001ff9503f4bdde07941cb37f6fa193eabd02186b52c5d6a964df32589179,1,0.0,0.0,0.0,120.9,120.9,,,,,,,,,,,
0185e7d737e5d895caf9d0e27a0ce37c61bb65077b67d65eb0074648d4b7cf12,1,0.0,0.0,0.0,1730.32,1730.32,0185e7d737e5d895caf9d0e27a0ce37c61bb65077b67d65eb0074648d4b7cf12,2099199.0,SP,730968000000000.0,8530000000000000.0,958.0,23846875.0,970.0,756.0,980.0,988.0
01a2b0bfbd69c5381967d007c3b9742b152fae4375a599a2a133f2adfcd6a177,1,0.0,0.0,0.0,1116.76,1116.76,,,,,,,,,,,
01ae8ec89f423c810a0c33c8ad9cd3d099407aa905f4ac0eb90f8b8606b30274,1,4.0,4.0,1.0,2015.08,2015.08,,,,,,,,,,,
01c7e60771002b8c157ab3ee2f2fb851348b3e208e393b74606173d9c2942e0d,1,0.0,0.0,0.0,1249.75,1249.75,,,,,,,,,,,
020fba5bffaea666d89c2fa2d7821d262e99a456f08cce04ce019a565ac6a509,1,0.0,0.0,0.0,44.94,44.94,,,,,,,,,,,
021fe69dbf502a6fa4371d85f952149b09fcee720d67d19d74bef4cdefe9449a,5,0.0,0.0,0.0,2059.4,411.88,,,,,,,,,,,
0225c5d1c27e9cba51f2aeb4cd522631ff9d02ab05343987d73ea5cd11fd01a9,1,0.0,0.0,0.0,457.32,457.32,,,,,,,,,,,
023677ea1e345761d7cc60eb10d59d0738834efb3f514019f5332365624c3d9a,1,0.0,0.0,0.0,1030.5,1030.5,,,,,,,,,,,
0251a7ab34d05aa321aa54bfdec9b6aec83a19dd6ef12c59b792c37424d83d72,1,0.0,0.0,0.0,1505.0,1505.0,0251a7ab34d05aa321aa54bfdec9b6aec83a19dd6ef12c59b792c37424d83d72,2212900.0,GO,9320000000000000.0,8430000000000000.0,960.0,1990000000000000.0,970.0,8059.0,981.0,988.0
0259469ae07feaf9eb942bc96a270f25171b211c6e9ed53c6d21e234fddc8b0a,1,2.0,2.0,1.0,4808.88,4808.88,0259469ae07feaf9eb942bc96a270f25171b211c6e9ed53c6d21e234fddc8b0a,4930202.0,RS,7790000000000000.0,9760000000000000.0,836.0,154930000000000.0,870.0,10771.0,978.0,988.0
025a48d9c8d4a2c968f87676d479ed8647ac6499c7cb21a936a4328a4dc8a975,1,0.0,0.0,0.0,7240.39,7240.39,,,,,,,,,,,
0276d9746ca146d6af6cd397ba7438f877736dddb185eea343f5c5a5ad4d16c8,2,6.0,6.0,1.0,422.94,211.47,0276d9746ca146d6af6cd397ba7438f877736dddb185eea343f5c5a5ad4d16c8,4632001.0,PR,9530000000000000.0,8880000000000000.0,760.0,159500.0,730.0,0.0,889.0,983.0
027f0fd7392eab23737949f0f45d4d94044501b414c8836793a53a516ccc523d,1,2.0,2.0,1.0,2907.1,2907.1,027f0fd7392eab23737949f0f45d4d94044501b414c8836793a53a516ccc523d,8211300.0,RS,8060000000000000.0,9180000000000000.0,897.0,1.59e+16,900.0,20127.0,978.0,989.0
029903066635cb573f2b50522962c01e8dc8f7c46625ac9c232d7fb9770017e7,4,32.25,122.0,0.5,63014.86,15753.715,029903066635cb573f2b50522962c01e8dc8f7c46625ac9c232d7fb9770017e7,4639702.0,SP,9550000000000000.0,8170000000000000.0,880.0,205280.0,940.0,17116.0,974.0,988.0
02a85b7e377d3b49db10b22afa0576acdbbee83834c7e444581e062c65ebc435,1,0.0,0.0,0.0,3806.6,3806.6,,,,,,,,,,,
02b2efbd7272551f192f5661301b221ceb764a45c31bba9c1d5e67212d96e1d9,2,0.5,1.0,0.5,363.73,181.865,,,,,,,,,,,
02bbd2fee9b8b0a577a5ca23d99e2141aa175df0eeb73d6cdd5b6c1f72cf0a4a,1,0.0,0.0,0.0,2009.12,2009.12,,,,,,,,,,,
02bc5d1eb23d7fd25f72d65a334b145ba19909270ba44fb6d12e13e971137a45,1,0.0,0.0,0.0,220.34,220.34,,,,,,,,,,,
02bc9f4352d3bbe3dcba7fabd1b347ddbcc5d8a7f01c77319c0b5ead30469499,2,0.0,0.0,0.0,179.42000000000002,89.71000000000001,02bc9f4352d3bbe3dcba7fabd1b347ddbcc5d8a7f01c77319c0b5ead30469499,4771701.0,PR,9470000000000000.0,9390000000000000.0,881.0,2100000000000000.0,970.0,8235.0,959.0,986.0
02c0b9128f8c0d0c480c328b92efa7585f0fe997cb0bfcc24874a9c2925fccde,1,1.0,1.0,1.0,399.7,399.7,02c0b9128f8c0d0c480c328b92efa7585f0fe997cb0bfcc24874a9c2925fccde,4781400.0,SP,9660000000000000.0,6150000000000000.0,938.0,200000.0,990.0,0.0,977.0,986.0
02c357a53273f65c88bccb76fe4b754923445f0fc0bcffec55bc1611f26257eb,1,0.0,0.0,0.0,403.8,403.8,,,,,,,,,,,
02f27cefdd07cb806495d09bfc8c633349426a43795164ce376d0659e16ca545,1,0.0,0.0,0.0,99.56,99.56,02f27cefdd07cb806495d09bfc8c633349426a43795164ce376d0659e16ca545,4771701.0,PR,9850000000000000.0,1000.0,936.0,2.09e+16,990.0,395.0,982.0,988.0
02faf700b2f9d26a9a0f8fcd1fc2f321333f48ccbc077b8e17f093bb9b88de4f,1,0.0,0.0,0.0,330.59,330.59,,,,,,,,,,,
03032d5545d03d6a80c2c0c7a246cd21ee99220c88185ede3e61147637522414,1,0.0,0.0,0.0,600.0,600.0,,,,,,,,,,,
032de167a32b1c0fad8ef0d8075d89c942c772a82a888bab322d0493e5dffb13,1,0.0,0.0,0.0,549.6,549.6,,,,,,,,,,,
0342a204c8f2ac38fa1b0d1fe11cb8ee3845a42c3604fd46a85dc2f188f39a1a,2,0.5,1.0,0.5,181645.05000000002,90822.52500000001,0342a204c8f2ac38fa1b0d1fe11cb8ee3845a42c3604fd46a85dc2f188f39a1a,4673700.0,SP,9820000000000000.0,8960000000000000.0,944.0,2.26e+16,980.0,0.0,983.0,988.0
0351113dbf32d54c59d2e796d34294af15952ad722cced17e73b837e2708291b,1,0.0,0.0,0.0,293.9,293.9,,,,,,,,,,,
035448685b88a3f018019e43fdf8ecaeabc24b8157f81c4b6597ba10e98d76e0,2,0.5,1.0,0.5,19421.800000000003,9710.900000000001,,,,,,,,,,,
0375b747ff1a0376fa206f8c786d20368edec76826fe47e9374176d84edb4870,1,0.0,0.0,0.0,403.83,403.83,0375b747ff1a0376fa206f8c786d20368edec76826fe47e9374176d84edb4870,4781400.0,MS,9210000000000000.0,9260000000000000.0,937.0,5790000000000000.0,990.0,22189.0,971.0,989.0
0397be76b44c0cd77d6801abc4a723fca950512982bd9589eae82b1ea00b7269,1,0.0,0.0,0.0,2660.0,2660.0,0397be76b44c0cd77d6801abc4a723fca950512982bd9589eae82b1ea00b7269,2071100.0,SP,9990000000000000.0,1000.0,903.0,2.14e+16,960.0,0.0,961.0,989.0
039b2e75b6eeef7cc32e5d7a5b4b3215dda9788c0fcf31e1c8395925aa081b4d,1,0.0,0.0,0.0,408.96,408.96,,,,,,,,,,,
03a23c6d0c731f423c89d33ecd90fefcd106e3614ca8326838d5ba9128342601,1,16.0,16.0,1.0,2127.87,2127.87,03a23c6d0c731f423c89d33ecd90fefcd106e3614ca8326838d5ba9128342601,4642701.0,RJ,5530000000000000.0,7570000000000000.0,193.0,161800.0,810.0,1797.0,326.0,980.0
03a96499773502afde5d8196f52121136be8832f060b9ebaea7615209d644b0a,1,0.0,0.0,0.0,609.55,609.55,,,,,,,,,,,
03c7017fd6e94583fbc67fe7d77ec35b84824a3b14559a46a27d2654b47ed28b,1,0.0,0.0,0.0,361.12,361.12,,,,,,,,,,,
03cc399315efb0e3d30fb28422ecfbd83315025747ca0fb096368bb230af4a7e,1,1.0,1.0,1.0,255.09,255.09,03cc399315efb0e3d30fb28422ecfbd83315025747ca0fb096368bb230af4a7e,4742300.0,SC,9230000000000000.0,7630000000000000.0,767.0,30000.0,920.0,49017.0,979.0,987.0
03dd42fa86c38bf08534b47e1580be91b35dad7fbccd330ccf8403c294c77c9a,1,0.0,0.0,0.0,159.15,159.15,,,,,,,,,,,
03de6595066767567620bb6f2181abd6473201580d4c922978d558ab3d14afa4,1,8.0,8.0,1.0,74944.5,74944.5,,,,,,,,,,,
04035511eb7373bdca98b42e8bd5ae09bc958910f2ec407aadbeaa2b46a19d29,2,2.0,2.0,1.0,1000.54,500.27,04035511eb7373bdca98b42e8bd5ae09bc958910f2ec407aadbeaa2b46a19d29,4744099.0,SP,1000.0,1000.0,931.0,204800.0,910.0,0.0,959.0,987.0
040442ac14fbb8a32b7b47da75bed955817f53134008cefcf628fd82ea5c44e7,1,2.0,2.0,1.0,1116.8,1116.8,,,,,,,,,,,
0427016f184de570f9d6f115776b50ab961b1b547c352330c2efbf30df95f96c,1,0.0,0.0,0.0,2075.0,2075.0,,,,,,,,,,,
0435cbc051f69223afa9fc4b66d46ff9c82b14e11bee604f69d7c7999b65a1dd,1,1.0,1.0,1.0,976.0,976.0,0435cbc051f69223afa9fc4b66d46ff9c82b14e11bee604f69d7c7999b65a1dd,2532201.0,SP,8290000000000000.0,949619000000000.0,403.0,150000.0,720.0,15075.0,132.0,978.0
04377762b04d436e2c3e904b584b2da18806768e992c235ac53026be401aba09,1,0.0,0.0,0.0,681.26,681.26,,,,,,,,,,,
043b826aad24628fde2e145a11ae9bee12155e75b8d3b58ddbc0c3343a2a150d,1,0.0,0.0,0.0,66.97,66.97,043b826aad24628fde2e145a11ae9bee12155e75b8d3b58ddbc0c3343a2a150d,4511101.0,SP,7470000000000000.0,9980000000000000.0,948.0,1950000000000000.0,910.0,315.0,981.0,985.0
043ff829a5866403be9983860405d4a63ce140b6dfb2320fa56174158395596f,2,0.0,0.0,0.0,1368.42,684.21,,,,,,,,,,,
044ce53215bd94b7619418e63379d0fc1dc18a9ddc74340e902a165413f0dc72,1,3.0,3.0,1.0,83.68,83.68,,,,,,,,,,,
046306c24eb7deb9de4130f21cb9254e05bb5636bbd1b39d9c49f60c8598aac1,1,0.0,0.0,0.0,800.24,800.24,,,,,,,,,,,
046dc19657e5ef9b348518f2eba12b7b3f4fc8179d5eb5c38ecd68e6dfb185d2,1,0.0,0.0,0.0,3349.91,3349.91,046dc19657e5ef9b348518f2eba12b7b3f4fc8179d5eb5c38ecd68e6dfb185d2,4744003.0,MG,9640000000000000.0,7390000000000000.0,929.0,250000.0,850.0,0.0,955.0,986.0
04a1a6d846aeaee038910b10ae377608ff0847f452d8748e12ca2248e9708422,1,2.0,2.0,1.0,2394.56,2394.56,04a1a6d846aeaee038910b10ae377608ff0847f452d8748e12ca2248e9708422,4744003.0,SP,9220000000000000.0,9030000000000000.0,951.0,190000.0,950.0,0.0,968.0,989.0
04a7902b1bd94f26b2d49eca270b3ef118260724784b259e021ec4503f9bcf33,3,0.0,0.0,0.0,1039.1200000000001,346.3733333333334,04a7902b1bd94f26b2d49eca270b3ef118260724784b259e021ec4503f9bcf33,4729699.0,GO,9310000000000000.0,8310000000000000.0,959.0,2.16e+16,950.0,288.0,969.0,989.0
04e884bda37cbb3f403800efef436300540b8aa66492e820dee6ec378dc2556c,1,0.0,0.0,0.0,3259.08,3259.08,04e884bda37cbb3f403800efef436300540b8aa66492e820dee6ec378dc2556c,4722901.0,GO,8240000000000000.0,8300000000000000.0,919.0,2060000000000000.0,950.0,12151.0,975.0,988.0
04e94b017a621851c7f16521d3ac5b1086594ac88b235c8b026929afee471707,1,0.0,0.0,0.0,1251.38,1251.38,,,,,,,,,,,
04ec5c2d804534138ef3ae62a152cff69995bee5c5ff996fb3239090b2f837e5,3,0.0,0.0,0.0,2529.7200000000003,843.2400000000001,04ec5c2d804534138ef3ae62a152cff69995bee5c5ff996fb3239090b2f837e5,4530703.0,PR,9650000000000000.0,8910000000000000.0,936.0,192500.0,930.0,771.0,982.0,989.0
04f814dc80e433898a79fbd2106d1c8e4a678f4167fa210dfbb5f96674b7137a,1,0.0,0.0,0.0,1768.86,1768.86,,,,,,,,,,,
0502c4ed8e29114cecfe7f6fc432255c689043e01096f7cec191314e65dd69ce,4,1.25,4.0,0.5,13277.96,3319.49,0502c4ed8e29114cecfe7f6fc432255c689043e01096f7cec191314e65dd69ce,4644301.0,PR,7110000000000000.0,4.97e+16,351.0,1.42e+16,880.0,15134.0,180.0,972.0
053a44e6338c2ac07bd7aeee4d0b810d1f1cd63f10203247435591efbc9c43fb,1,2.0,2.0,1.0,5594.61,5594.61,,,,,,,,,,,
054e051830e363c00cc1b88e6e9d7651ad75e0dba49e3753b03d72e98f5d2f43,8,0.0,0.0,0.0,1596418.43,199552.30375,,,,,,,,,,,
054ffabbbac7fd9c2766f154264fa0a235c999041d36d77637df9839f0f53c8a,3,0.0,0.0,0.0,4949.65,1649.8833333333332,054ffabbbac7fd9c2766f154264fa0a235c999041d36d77637df9839f0f53c8a,2821601.0,SP,9740000000000000.0,87478900000000.0,953.0,2110000000000000.0,950.0,247.0,981.0,988.0
0553f6d3d4b39088a3634ca734413f938e3ab974901067d0e8dcd1190c7aa89c,2,4.5,5.0,1.0,7990.6,3995.3,0553f6d3d4b39088a3634ca734413f938e3ab974901067d0e8dcd1190c7aa89c,4744099.0,SC,6350000000000000.0,9140000000000000.0,545.0,1.02e+16,910.0,49586.0,124.0,924.0
055871b50374b32601d8e6dcc3d82dd71873bb1c65ae440b3e86183c2988b5c4,1,0.0,0.0,0.0,73.96,73.96,,,,,,,,,,,
056b23b847f8f9cd8dadf04f827df2cabe9bb1d2385410b13b5635e157df8e1f,1,0.0,0.0,0.0,4723.28,4723.28,056b23b847f8f9cd8dadf04f827df2cabe9bb1d2385410b13b5635e157df8e1f,4781400.0,SP,8730000000000000.0,1000.0,830.0,1.11e+16,940.0,12867.0,978.0,987.0
0575aa4e4b50c894cd021d7cbf0774fa9ea670a1246c73c23a6d537f68e22595,4,0.0,0.0,0.0,9187.48,2296.87,0575aa4e4b50c894cd021d7cbf0774fa9ea670a1246c73c23a6d537f68e22595,8291100.0,SP,8630000000000000.0,9490000000000000.0,921.0,2063125.0,920.0,9932.0,977.0,989.0
058ebde151919f17434a9f2d1c6f204cd05dd01c42edebf1f16ed6494d2c9274,1,7.0,7.0,1.0,1100.0,1100.0,,,,,,,,,,,
059313ee8c4ea9971df4333d8ff4c31279ebda1eec1dc3832f8a1bad8817c1b2,6,0.16666666666666666,1.0,0.16666666666666666,364484.76,60747.46,059313ee8c4ea9971df4333d8ff4c31279ebda1eec1dc3832f8a1bad8817c1b2,2451200.0,RS,8950000000000000.0,9020000000000000.0,960.0,2.46e+16,970.0,1636.0,981.0,989.0
059731019d67de9e150b3ce72050261d72841409190bc453afcfeef96fabb791,3,0.0,0.0,0.0,721.24,240.41333333333333,,,,,,,,,,,
05a8d3240ebc93422268809cff1f097b23a544a283106a845baae550e8586a4e,2,1.5,3.0,0.5,3077.6099999999997,1538.8049999999998,,,,,,,,,,,
05b8460a04107e073e6709b746eb03db0685615148cd9dcb765b6aa44401335a,1,0.0,0.0,0.0,619.36,619.36,05b8460a04107e073e6709b746eb03db0685615148cd9dcb765b6aa44401335a,4322301.0,PR,9630000000000000.0,1000.0,771.0,70600.0,900.0,0.0,936.0,987.0
05dba64dfa88a6761d1c3c4551f5837b2eca86be0f9d38748481788b1b850285,1,0.0,0.0,0.0,10136.45,10136.45,05dba64dfa88a6761d1c3c4551f5837b2eca86be0f9d38748481788b1b850285,2123800.0,SP,9270000000000000.0,8510000000000000.0,853.0,1.41e+16,910.0,37528.0,963.0,988.0
060098be29951489cd374d0e1f3b9fe96b47e2efe42ae188d505cdbc304e9c7e,1,0.0,0.0,0.0,54533.28,54533.28,,,,,,,,,,,
060ad8d429acf5afc7c397a16f70c9b2e9c68f8f6e85001255d327b784a47a59,1,123.0,123.0,1.0,9900.0,9900.0,,,,,,,,,,,
0620a9b097c81f1f7414769ab6ad7533f66f4f2db5d2e0d14978d4d7a58fb2a4,1,0.0,0.0,0.0,54.2,54.2,,,,,,,,,,,
062aa39b04aa666244d5ff83ad0ff0dff9cad80ba0b217a5e8650aa670c99d72,1,0.0,0.0,0.0,175.2,175.2,,,,,,,,,,,
063de60114bf9a4c21e585b2422d895e4cebb0911a97a4ae4929cfc6d533db7d,1,6.0,6.0,1.0,1083.2,1083.2,,,,,,,,,,,
06494fadb889416aba60253f27333b27c4fb1db85e7e2975785f527b2cb7058b,1,0.0,0.0,0.0,247.19,247.19,06494fadb889416aba60253f27333b27c4fb1db85e7e2975785f527b2cb7058b,4753900.0,SC,8940000000000000.0,6980000000000000.0,858.0,8440000000000000.0,970.0,5159.0,982.0,988.0
0653ea898079dee7487a0137b658691354cd69b7c01b85c7c8eacbda649427d1,5,0.0,0.0,0.0,9421.5,1884.3,,,,,,,,,,,
0694eb7869a0358d5bbcd69039baefc7aa083c32369106356d43a31c82f02d60,2,0.0,0.0,0.0,12231.43,6115.715,,,,,,,,,,,
06a8b7e26fb7140e3937a840566895c03236f3c0b9264881f7922ed998246088,1,0.0,0.0,0.0,3971.58,3971.58,06a8b7e26fb7140e3937a840566895c03236f3c0b9264881f7922ed998246088,4649409.0,RJ,7530000000000000.0,8070000000000000.0,773.0,1.42e+16,880.0,6507.0,983.0,988.0
06a9ff1fb415d1f94d3cc2be28efccbe8e80c22b85d9007d57d8d1dab62b4ff0,1,0.0,0.0,0.0,547.6,547.6,,,,,,,,,,,
06b6e1b4af9fe1f6d970880ebc8be52e840a9ba93fe5333b18622c1c4c306280,1,0.0,0.0,0.0,345.96,345.96,,,,,,,,,,,
06baeff25e03c94b14559d2d3dee794edf3777a8a3b6b3702fcf131c9f0bf66d,1,0.0,0.0,0.0,1019.33,1019.33,,,,,,,,,,,
06f52a15ee2e17dd6a5637e5fefb155c3fd74c7ce9150e3aaae14867cc67acc0,1,0.0,0.0,0.0,4947.64,4947.64,,,,,,,,,,,
06f73a04094dd855120b81078f9171f10e4ccc70b1ad0e4923263f37ab13f9ca,1,0.0,0.0,0.0,3250.68,3250.68,06f73a04094dd855120b81078f9171f10e4ccc70b1ad0e4923263f37ab13f9ca,4634601.0,DF,969345000000000.0,9680000000000000.0,955.0,2.31e+16,980.0,254.0,977.0,989.0
0703f0625cbfd61214c8e56a25186399b0424256ea06f75b946f44a3bced17ac,2,1.0,2.0,0.5,118993.17000000001,59496.58500000001,0703f0625cbfd61214c8e56a25186399b0424256ea06f75b946f44a3bced17ac,2733300.0,SP,8690000000000000.0,7190000000000000.0,939.0,1.95e+16,940.0,34911.0,957.0,988.0
0708050e8556436f5b38b1a738a3e1aee7071904f26f420e3a1d3eedf5e471f9,1,0.0,0.0,0.0,3360.0,3360.0,0708050e8556436f5b38b1a738a3e1aee7071904f26f420e3a1d3eedf5e471f9,1099699.0,SP,9600000000000000.0,8610000000000000.0,957.0,224800.0,950.0,0.0,981.0,989.0
07080af9b6e6508cf04463b57656a8a7f51255c0bc4364c2f08c6796bb407a1b,1,1.0,1.0,1.0,1107.41,1107.41,,,,,,,,,,,
070b484508b9fed3dbfa15bfe71390ae4504041f7fe74ee6642ddb49c19aa2e5,2,0.0,0.0,0.0,1017.85,508.925,,,,,,,,,,,
070ef62d1e768aabc7df9250889bd6fb9701f55d7cfb742db06ea30cfc930d5f,1,0.0,0.0,0.0,1944.02,1944.02,,,,,,,,,,,
072cf549e054e27d23e63f9da255621ae3667b2bebabd0e4fcbdac585bff1c6a,2,0.0,0.0,0.0,2811.38,1405.69,,,,,,,,,,,
073c6deb270da69305d562e31f737bee7feabef501a06351da641e5f21d79936,1,0.0,0.0,0.0,561.72,561.72,,,,,,,,,,,
07817ef8c208df4327a9a44b30ee5fb3cd7e65d3da827358d835af833cdd0871,1,1.0,1.0,1.0,450.0,450.0,,,,,,,,,,,
0788ebb591b4ddb3f358817df7563de94e68c61e39f127e145e81ade180f9349,2,0.0,0.0,0.0,2605.4399999999996,1302.7199999999998,0788ebb591b4ddb3f358817df7563de94e68c61e39f127e145e81ade180f9349,3313901.0,SP,9460000000000000.0,9060000000000000.0,960.0,2.5e+16,960.0,0.0,980.0,989.0
078d1f1cf960127211ef2c37beff3db24240a7d98e20b40d513a674c3eb9eeb1,1,0.0,0.0,0.0,359.6,359.6,078d1f1cf960127211ef2c37beff3db24240a7d98e20b40d513a674c3eb9eeb1,4744005.0,MG,7760000000000000.0,9040000000000000.0,915.0,1.08e+16,950.0,0.0,975.0,988.0
07a00a5766e74e92a938bc00cf9caa1e7a033b1257ee8e040dbe24e36e7e6037,3,0.3333333333333333,1.0,0.3333333333333333,32985.97,10995.323333333334,07a00a5766e74e92a938bc00cf9caa1e7a033b1257ee8e040dbe24e36e7e6037,1031700.0,PA,8850000000000000.0,7620000000000000.0,918.0,1.65e+16,920.0,367.0,975.0,989.0
07acf1624f69cdaa5e9cfffd0a1c84c3c765041a6ae5683639e385cd4b81619e,1,9.0,9.0,1.0,1574.1,1574.1,07acf1624f69cdaa5e9cfffd0a1c84c3c765041a6ae5683639e385cd4b81619e,4672900.0,RN,5510000000000000.0,5820000000000000.0,584.0,1.15e+16,750.0,11211.0,48.0,898.0
07ce407353bf52b75bd21f6d22775b4753a0d50b920b2f7aeef929bd191719b8,4,4.25,7.0,1.0,2578.38,644.595,,,,,,,,,,,
07e045676e4b7a1817f32f0c8f9a200816f540239f207c61bbc61ed5cb814ce1,1,0.0,0.0,0.0,37365.07,37365.07,07e045676e4b7a1817f32f0c8f9a200816f540239f207c61bbc61ed5cb814ce1,2815102.0,SC,9900000000000000.0,9840000000000000.0,959.0,2.1e+16,960.0,0.0,982.0,988.0
07e1f0aba34bb45133a6a333ee1db987980325014ed028872b6d6e509b8fcbc0,1,0.0,0.0,0.0,337.28,337.28,,,,,,,,,,,
07fcffbad5d39aedfca52d41c8fb0827c3982758e3279568e53f51ae2d06a437,1,0.0,0.0,0.0,160.88,160.88,,,,,,,,,,,
0821083e83c907cfa98d3e4b4b60c9fe269539c76dbde23c017c50cbf5e33a47,1,0.0,0.0,0.0,437.76,437.76,0821083e83c907cfa98d3e4b4b60c9fe269539c76dbde23c017c50cbf5e33a47,4763601.0,SP,9690000000000000.0,9360000000000000.0,953.0,1840000000000000.0,970.0,3666.0,981.0,988.0
082c88c3a88331c1948e7fed6b5f70a0c2d2d870a8d431275c86fb0f8612e340,1,0.0,0.0,0.0,28148.28,28148.28,,,,,,,,,,,
08341fd7f549642bcca12633aa8f4623127b7c56bca6305d00df7f1e24492b05,1,1.0,1.0,1.0,2455.2,2455.2,08341fd7f549642bcca12633aa8f4623127b7c56bca6305d00df7f1e24492b05,4744099.0,GO,846801000000000.0,687890000000000.0,964.0,202000.0,950.0,0.0,964.0,989.0
085867a9ed6ebb68b66703c6a63bd444f1704d3754f66253d97cc948d782b48c,1,0.0,0.0,0.0,1140.0,1140.0,,,,,,,,,,,
08855cedc1fbc6a1dcdbf6dab2d833e9cecd9d48e46371a7586e5a6107d12fd1,1,0.0,0.0,0.0,435.7,435.7,,,,,,,,,,,
08912849ae8e9ca0e91583a2bffc871890f2b94be36599e8f36edca156fac40e,2,0.0,0.0,0.0,7080.71,3540.355,08912849ae8e9ca0e91583a2bffc871890f2b94be36599e8f36edca156fac40e,4530703.0,MG,9800000000000000.0,8960000000000000.0,935.0,240000.0,930.0,20027.0,973.0,989.0
0894265d72c46f5fa3e601a7668c13321660eeac6e25bbd5834c2e31e5b346ca,1,2.0,2.0,1.0,283.61,283.61,0894265d72c46f5fa3e601a7668c13321660eeac6e25bbd5834c2e31e5b346ca,4771701.0,PR,9850000000000000.0,1000.0,929.0,1.95e+16,980.0,3164.0,982.0,989.0
08a13f7596fafcc89e3cabb5a344eca24ff0af9688ff852c91b7e01b2179cea3,1,0.0,0.0,0.0,483.0,483.0,08a13f7596fafcc89e3cabb5a344eca24ff0af9688ff852c91b7e01b2179cea3,4321500.0,PR,8710000000000000.0,5460000000000000.0,887.0,188250.0,840.0,0.0,900.0,986.0
08abf08ad5659dc537ad69fe91b4203882322d90a26e704be0addb3e6013a95e,1,18.0,18.0,1.0,950.0,950.0,08abf08ad5659dc537ad69fe91b4203882322d90a26e704be0addb3e6013a95e,2212900.0,PR,7250000000000000.0,7930000000000000.0,359.0,1.03e+16,770.0,13336.0,144.0,976.0
08b8f70f5080ad0b29f9da7645762851a8ec05546d800ec1b3ea1ecd0cc44f62,2,0.0,0.0,0.0,313.12,156.56,,,,,,,,,,,
08dc7e09b03c38fdd9159366cd925a5f6392ea185c1cb0c0b402ca2e32a4ffa5,2,0.0,0.0,0.0,12833.699999999999,6416.849999999999,08dc7e09b03c38fdd9159366cd925a5f6392ea185c1cb0c0b402ca2e32a4ffa5,133404.0,SP,1340000000000000.0,5560000000000000.0,945.0,1920000000000000.0,930.0,3248.0,982.0,981.0
08ed9ac5efffbfe546f6182605f3e73f1e868edb6a89751a51338cff7f2acc2f,2,1.0,1.0,1.0,248.79,124.395,,,,,,,,,,,
08edee4da5bacacaff5cb5aea0b3848cd88433a66858ae695a3d18fc67c2be36,1,0.0,0.0,0.0,1547.27,1547.27,,,,,,,,,,,
092afd04034f4c14909992fb2c9261c4346f61c618d70c770bbbbf19805044e6,1,1.0,1.0,1.0,5966.96,5966.96,,,,,,,,,,,
093921e4f9026bdb1bcd5d58969477cc6c0c672967716441f0e42b3ad4a2cda6,1,0.0,0.0,0.0,452.84,452.84,093921e4f9026bdb1bcd5d58969477cc6c0c672967716441f0e42b3ad4a2cda6,1610203.0,SC,9980000000000000.0,701215000000000.0,947.0,162000.0,990.0,0.0,984.0,988.0
095bc15d27b304bc051bc19cd4d24cd05bc9566cf6158d0ddbc85dd0bda85256,1,0.0,0.0,0.0,307.16,307.16,095bc15d27b304bc051bc19cd4d24cd05bc9566cf6158d0ddbc85dd0bda85256,4744099.0,SC,8330000000000000.0,6020000000000000.0,792.0,2.54e+16,970.0,26506.0,971.0,988.0
0963b1110c5af6dea1f196e362250e5f5c35f3a72c9f2e551006883beb4afbd2,3,0.3333333333333333,1.0,0.3333333333333333,2205.0,735.0,0963b1110c5af6dea1f196e362250e5f5c35f3a72c9f2e551006883beb4afbd2,4744099.0,AC,8920000000000000.0,4.62e+16,926.0,1990000000000000.0,950.0,2021.0,977.0,987.0
0968abcd83fa8c0698e7f2aa5c5817bea86fddbd201f2b99bccb0431b243daaf,2,0.5,1.0,0.5,4091.7200000000003,2045.8600000000001,,,,,,,,,,,
0970ade0e77b9d5b125c071364da2003aec234dd3dbfbed186e25a74ecacc3d6,1,19.0,19.0,1.0,1381.73,1381.73,,,,,,,,,,,
09740281d16ef10b61624ed0f4508c66b126fd2400798d41f387881b6297b963,1,9.0,9.0,1.0,199.76,199.76,,,,,,,,,,,
09891655708a2592104341a3e4709c4670045ea3cf387e8f0fdf6a306a1fdc8e,1,68.0,68.0,1.0,1871.1,1871.1,,,,,,,,,,,
098dfc7cf056fe5400a30f51157e50f9e4b3ea60270e30fa5731de71a33177e8,1,0.0,0.0,0.0,366.38,366.38,,,,,,,,,,,
099ccd0da9178860878373d66ad7ed266d1f2a159691d2150b676555ec948b0e,2,0.0,0.0,0.0,7329.43,3664.715,,,,,,,,,,,
09c9f0a6464d2be44208b3c5dc364b115be8571be4b45e0466170d90dc17b49f,1,0.0,0.0,0.0,119.78,119.78,,,,,,,,,,,
09d5a87fc48c7cf50a02d9c16480824d2a05c8393a9429ca5d9a5b58f148fc9b,1,0.0,0.0,0.0,427.46,427.46,,,,,,,,,,,
09eed2c9883f9d7bc305b842cc08ab2f09ffc77bbabb247fb14d6299ffee1912,1,2.0,2.0,1.0,438.4,438.4,,,,,,,,,,,
09fb208d476a15b223e90781ac95b71fb95c8bc809b8011f01c15f7a6558d03e,1,0.0,0.0,0.0,870.84,870.84,09fb208d476a15b223e90781ac95b71fb95c8bc809b8011f01c15f7a6558d03e,4744005.0,SC,9940000000000000.0,9590000000000000.0,963.0,132500.0,970.0,0.0,968.0,988.0
0a2e2592f5b3e483c808c8853dee750719c9f5cd82cde2b19907f3009c0b5ee2,1,0.0,0.0,0.0,1618.05,1618.05,,,,,,,,,,,
0a513acfe6831f7a3e2dd22c24506c48e954dc43397d4b79e3d80ed67bb16df5,1,0.0,0.0,0.0,454.66,454.66,,,,,,,,,,,
0a52bb4ade9769e4bfe625ba50c3d49d823c9e784af7b1e6ff52f4d2141b75ab,1,62.0,62.0,1.0,1616.67,1616.67,,,,,,,,,,,
0a7a3bcb2f91ff36b499bc852cf154ef0838173d529295a650f426ccaf996041,1,0.0,0.0,0.0,1729.92,1729.92,,,,,,,,,,,
0a80b24101a3a795c89d038f0d4c29c7663084397eefeec3db75a8317e4afbe2,1,0.0,0.0,0.0,1001.28,1001.28,0a80b24101a3a795c89d038f0d4c29c7663084397eefeec3db75a8317e4afbe2,4711302.0,SP,9770000000000000.0,9370000000000000.0,957.0,2.46e+16,970.0,1822.0,983.0,989.0
0a88f0fd719010b4800d12d8c774a263955871f60abddbbbfd5d9c1de8a1c0fb,1,0.0,0.0,0.0,9349.07,9349.07,0a88f0fd719010b4800d12d8c774a263955871f60abddbbbfd5d9c1de8a1c0fb,1095300.0,SP,9980000000000000.0,905150000000000.0,950.0,2.53e+16,980.0,77.0,972.0,988.0
0a89063e4a1ea89d9f2e54c8bb892b63cd9e8ed1d96458b7bf91f728aea00492,5,6.6,32.0,0.4,203.64,40.727999999999994,,,,,,,,,,,
0a8d1c2604b471b77545936cba778afeee8f26d5d2dae99b749c217a91a182f2,1,0.0,0.0,0.0,363.43,363.43,,,,,,,,,,,
0aa3a6320660d9f6d755df59dac8152f14fef466dfe811e798588c11610ba7ac,1,0.0,0.0,0.0,1073.0,1073.0,,,,,,,,,,,
0aab4777117209ce84184e205a3311897518cd1095ebe50f2bce2790b63185ca,1,0.0,0.0,0.0,10650.0,10650.0,0aab4777117209ce84184e205a3311897518cd1095ebe50f2bce2790b63185ca,4681805.0,RS,8330000000000000.0,8900000000000000.0,769.0,9340000000000000.0,940.0,27807.0,981.0,989.0
0aaee33205e1870e970583ca8149e2fe550472b64174506b3be4a343f0a3066b,1,0.0,0.0,0.0,699.2,699.2,,,,,,,,,,,
0ab1691180326bda86b99e6148f20c44fd2111221753284e76136a500b64b4d9,1,5.0,5.0,1.0,218.86,218.86,,,,,,,,,,,
0adf615e9a09fb5a00ddef47f2465dede27c36408c3530f8bdcb9699c3846da4,1,206.0,206.0,1.0,375073.56,375073.56,0adf615e9a09fb5a00ddef47f2465dede27c36408c3530f8bdcb9699c3846da4,4110700.0,MT,6480000000000000.0,5350000000000000.0,74.0,2.13e+16,360.0,4293.0,45.0,849.0
0b057b9bde17c211b0e24e24929716327c205118ff5a6b097f7a9e9af7f7627b,1,1.0,1.0,1.0,75.84,75.84,,,,,,,,,,,
0b062d2482f706210306e717746bb8b3aeb5af5e82ce95ffbbb65a75d61c924b,1,4.0,4.0,1.0,158.7,158.7,,,,,,,,,,,
0b89b9385625b398f7c2623e41b06ea4ca584ea98d9f3573807e9496be522156,1,0.0,0.0,0.0,933.3,933.3,,,,,,,,,,,
0bb97ec0521e08a35983fe9d55e415f2e43f668450c35493696df8ade19d556a,1,0.0,0.0,0.0,250.89,250.89,,,,,,,,,,,
0c0963a3a91114d4fe5b5126438afec40504c7ede2c68c66920e3557d7abd0df,1,0.0,0.0,0.0,1625.0,1625.0,,,,,,,,,,,
0c0be5bd552989d7db1704aa0822714ea45660dd0b0b49d3a3d3f400a748226f,1,0.0,0.0,0.0,1754.92,1754.92,0c0be5bd552989d7db1704aa0822714ea45660dd0b0b49d3a3d3f400a748226f,2061400.0,SP,9320000000000000.0,8560000000000000.0,958.0,2.42e+16,950.0,2373.0,983.0,989.0
0c1f08e91554bebcefc838621cb090bb204cc535d1aea98cb59f8e15ec10dfda,4,1.5,6.0,0.25,35054.520000000004,8763.630000000001,0c1f08e91554bebcefc838621cb090bb204cc535d1aea98cb59f8e15ec10dfda,8610101.0,MG,7610000000000000.0,3100000000000000.0,751.0,1610000000000000.0,930.0,8976.0,977.0,987.0
0c2b783b4ccde2646c4414c11d604a5c2721b447e2401d29c5e4634792516a92,1,0.0,0.0,0.0,87.38,87.38,,,,,,,,,,,
0c2f4c8d22d572cf22e332ba94a42fdd1bd2b8604599d147fc92af3695cdbc9d,1,0.0,0.0,0.0,109592.86,109592.86,0c2f4c8d22d572cf22e332ba94a42fdd1bd2b8604599d147fc92af3695cdbc9d,2441502.0,PR,9540000000000000.0,1000.0,960.0,2.06e+16,960.0,529.0,984.0,989.0
0c2fa606f8eba50f960b42ecda8bc834c23fd2d5a4e31da5f603848762dcc220,1,0.0,0.0,0.0,1180.0,1180.0,,,,,,,,,,,
0c3500c30be99650582f3dfb5395cbbddc9b29b17c56b0f16ba7ed8656aafb2e,1,0.0,0.0,0.0,43554.61,43554.61,0c3500c30be99650582f3dfb5395cbbddc9b29b17c56b0f16ba7ed8656aafb2e,1031700.0,CE,7820000000000000.0,785760000000000.0,804.0,9750000000000000.0,920.0,9271.0,962.0,987.0
0c4125d1cd344c778f7d8939fcee70f47461450b318e537694dd57d3ea706b9e,1,0.0,0.0,0.0,994.49,994.49,0c4125d1cd344c778f7d8939fcee70f47461450b318e537694dd57d3ea706b9e,4744099.0,GO,9850000000000000.0,7150000000000000.0,950.0,2660000000000000.0,970.0,1127.0,983.0,988.0
0c46a094773e9d580c9d774dcfba5df93247b943bf4d72128e51532043bcea8d,1,0.0,0.0,0.0,829.51,829.51,0c46a094773e9d580c9d774dcfba5df93247b943bf4d72128e51532043bcea8d,4530703.0,SP,9680000000000000.0,8310000000000000.0,964.0,1934375.0,980.0,6456.0,983.0,988.0
0c67dfdd465965b86a93b08f5871d216570ff3115e8fd7d633c1cd61472eeb8c,1,0.0,0.0,0.0,493.76,493.76,,,,,,,,,,,
0c7265d4993a95fcb25de61681fc2756621f8ebe16ca83b4a05301af02371b76,2,0.0,0.0,0.0,24021.12,12010.56,0c7265d4993a95fcb25de61681fc2756621f8ebe16ca83b4a05301af02371b76,2222600.0,SP,9510000000000000.0,1000.0,952.0,187000.0,930.0,0.0,967.0,989.0
0c85bfab5e4c366ec9fae8a6551f6a4441b1e6292875ca8a308e14177da93344,1,5.0,5.0,1.0,861.0,861.0,,,,,,,,,,,
0ca4c7e41c867f68a712cd2ed08389e6805ec2bb686f617e66744722b99a4eda,5,1.0,2.0,0.6,20872.690000000002,4174.5380000000005,0ca4c7e41c867f68a712cd2ed08389e6805ec2bb686f617e66744722b99a4eda,4711302.0,MG,9200000000000000.0,8920000000000000.0,954.0,1.77e+16,960.0,6239.0,982.0,989.0
0cc179025e5cdb20f3ab060681d0da85993b5184573362d71f3cd29243dee8a9,1,0.0,0.0,0.0,1243.6,1243.6,,,,,,,,,,,
0ccc0e2d13058d47d4c6ccd85677fd6d666036866b30bd5db78034745f15642e,1,0.0,0.0,0.0,1695.47,1695.47,,,,,,,,,,,
0cd7c92703287cdeaeef72abed0cc7d0bdcfd6a1f0ddac36c612b91074f49b17,1,0.0,0.0,0.0,52.75,52.75,,,,,,,,,,,
0cdba6f39da923d440ed9dff14e4f350672875217f43b6e2a0dce0fc10249239,1,0.0,0.0,0.0,4509.52,4509.52,,,,,,,,,,,
0ce103d09e3cd65e29a1a7a4a339e383df59b16fe013867db0add6cc5480331d,2,0.0,0.0,0.0,2856.59,1428.295,0ce103d09e3cd65e29a1a7a4a339e383df59b16fe013867db0add6cc5480331d,1813001.0,PR,6770000000000000.0,7280000000000000.0,573.0,1100000000000000.0,810.0,24873.0,842.0,983.0
0ceed77758f84fde1038edf52a043f50064910d01b877920b1d9cf2beeaae75b,1,0.0,0.0,0.0,7875.0,7875.0,0ceed77758f84fde1038edf52a043f50064910d01b877920b1d9cf2beeaae75b,4789099.0,SP,6130000000000000.0,7130000000000000.0,954.0,2.04e+16,960.0,11255.0,969.0,988.0
0d03af8ade4e2241938ffe11be1ac85fd73f5ff766a51d82b807971b50433abd,5,0.0,0.0,0.0,47914.14,9582.828,0d03af8ade4e2241938ffe11be1ac85fd73f5ff766a51d82b807971b50433abd,2833000.0,RS,9580000000000000.0,9370000000000000.0,730.0,1.96e+16,900.0,37.0,960.0,983.0
0d0da93d16af63aff651e130d6a7335a030495d21c1c3f4c5ca12f556eae3ae9,1,0.0,0.0,0.0,584.56,584.56,,,,,,,,,,,
0d163cb25bad76f00ce75a638b040fbb65ec7242ca1fe8232aa578e98c782179,2,0.0,0.0,0.0,296.36,148.18,0d163cb25bad76f00ce75a638b040fbb65ec7242ca1fe8232aa578e98c782179,4771701.0,PR,9360000000000000.0,1.81e+16,926.0,1.94e+16,980.0,14521.0,981.0,988.0
0d2a086b9e5fecbd502a2ddba9853a4daccf5267860f6a571cb7ca61bf4054ac,1,0.0,0.0,0.0,9074.64,9074.64,0d2a086b9e5fecbd502a2ddba9853a4daccf5267860f6a571cb7ca61bf4054ac,2592601.0,SP,9460000000000000.0,9150000000000000.0,918.0,2.06e+16,950.0,0.0,980.0,988.0
0d2b47df11104e98fb9752a96d7a80f5271251d2bfacefd98198a420878de282,1,2.0,2.0,1.0,13813.0,13813.0,,,,,,,,,,,
0d46580bd215114dd129f957fb25be6c90848fc99a0536317369cbb99ba1415b,1,0.0,0.0,0.0,2146.09,2146.09,0d46580bd215114dd129f957fb25be6c90848fc99a0536317369cbb99ba1415b,1099699.0,GO,1000.0,8830000000000000.0,871.0,1.49e+16,970.0,0.0,969.0,988.0
0d558babb95c9f772eb98779f9690c4643161e91fb96da87d0f127d1db74cd08,2,1.0,2.0,0.5,887.04,443.52,,,,,,,,,,,
0d850c76deea45af39ca1b32e3d02f928b6be79fee0a314fd568a4ffce5e0eae,1,0.0,0.0,0.0,123.39,123.39,,,,,,,,,,,
0d97b16548d883ef310977887b1d227d66e72364790f6c402d25de051457cd5e,1,0.0,0.0,0.0,2296.0,2296.0,0d97b16548d883ef310977887b1d227d66e72364790f6c402d25de051457cd5e,2229399.0,SP,9780000000000000.0,810485000000000.0,960.0,2.45e+16,970.0,477.0,979.0,988.0
0d991ac50e86597c4d121d13d31dada6d5731e6f1c6ae01e8a2979925bfb2287,2,0.5,1.0,0.5,1877.68,938.84,0d991ac50e86597c4d121d13d31dada6d5731e6f1c6ae01e8a2979925bfb2287,4771701.0,PR,9650000000000000.0,1000.0,950.0,1.94e+16,990.0,7319.0,983.0,988.0
0d999dbce9a91d68413c34e7ac5d54b997275966d122cac35ed365c1efeb1d50,1,0.0,0.0,0.0,361.32,361.32,,,,,,,,,,,
0d9e6ecf3467ae235045e2f29421194978450227fb0d69344bc18686407d8f77,2,0.0,0.0,0.0,1083.08,541.54,,,,,,,,,,,
0da7159c89c37263755158d99743c36e614fb3dede2d4b1fb77c7f273673dd1d,1,1.0,1.0,1.0,567.1,567.1,0da7159c89c37263755158d99743c36e614fb3dede2d4b1fb77c7f273673dd1d,4789099.0,SP,50.0,9480000000000000.0,89.0,93400.0,170.0,39308.0,75.0,576.0
0dbe712921fbc327c976766e2aee5927964a15feca5db5deae218c083a15d94e,1,0.0,0.0,0.0,6074.52,6074.52,0dbe712921fbc327c976766e2aee5927964a15feca5db5deae218c083a15d94e,4635402.0,BA,8730000000000000.0,9180000000000000.0,576.0,7090000000000000.0,860.0,4.0,937.0,989.0
0dc7628c56b1331395f3242ac52cdab924751714636fc172e27ee7c97637bcac,1,0.0,0.0,0.0,2066.18,2066.18,,,,,,,,,,,
0de9a9e69841022d2d4af5a23db807ef74071969eb9231f43021fc0807844e1a,2,1.0,2.0,0.5,728.4,364.2,0de9a9e69841022d2d4af5a23db807ef74071969eb9231f43021fc0807844e1a,8219901.0,SP,9040000000000000.0,9220000000000000.0,907.0,1.89e+16,920.0,26227.0,979.0,988.0
0df0ad371097748008c3096eb24b123445d5a641c073f369234e5867a840a5d9,2,0.0,0.0,0.0,7705.76,3852.88,,,,,,,,,,,
0e4b12efef295d6deeba4b49a731a7c8935d9658b1408c3e67cbfbc8b8ea339f,1,2.0,2.0,1.0,1282.13,1282.13,,,,,,,,,,,
0e5bbde6e024fec2819269435dd4122930d0361f0b0727acff3053ebb179a376,1,0.0,0.0,0.0,316.05,316.05,0e5bbde6e024fec2819269435dd4122930d0361f0b0727acff3053ebb179a376,4771701.0,PR,9900000000000000.0,50.0,951.0,1950000000000000.0,990.0,0.0,973.0,989.0
0e6103ba12727f2f7bd16439b206f493da5f25bd048aedd47c02ff248aa2fe87,1,0.0,0.0,0.0,940.0,940.0,0e6103ba12727f2f7bd16439b206f493da5f25bd048aedd47c02ff248aa2fe87,4211101.0,PR,9060000000000000.0,9770000000000000.0,946.0,2.34e+16,940.0,0.0,974.0,987.0
0e6b6fc18afbf2fbd07e753e8af9225d439090d7ac1310c32872ec9115296891,1,0.0,0.0,0.0,448.36,448.36,,,,,,,,,,,
0e6c8491d8e1ad0b8f2df37ffe8634831872f599c0437a8219e833d5580b328e,3,0.3333333333333333,1.0,0.3333333333333333,8405.91,2801.97,0e6c8491d8e1ad0b8f2df37ffe8634831872f599c0437a8219e833d5580b328e,4744005.0,BA,9290000000000000.0,9410000000000000.0,802.0,1.54e+16,570.0,0.0,924.0,988.0
0e6d8d8f6ae45a78d0bc40b02e7ca365d939e4759cc6d1fcb9a6fd1f1f5d6c97,1,1.0,1.0,1.0,796.4,796.4,,,,,,,,,,,
0e703243f58e35465e424131cfedc96dc19ab1b12c6609361a7667185c8e9b35,1,1.0,1.0,1.0,2366.38,2366.38,0e703243f58e35465e424131cfedc96dc19ab1b12c6609361a7667185c8e9b35,4751201.0,MT,3.22e+16,8570000000000000.0,587.0,4640000000000000.0,890.0,26258.0,888.0,986.0
0e81f0e145b3dd235ba353844a36bcb4de58860cac2424d07f6bd1a40bdc3b36,1,0.0,0.0,0.0,8486.48,8486.48,,,,,,,,,,,
0e8a4160e8b529f2b0551eaa43dc8956dbd6b45de0de29efea0157c05a902dad,1,0.0,0.0,0.0,105.97,105.97,,,,,,,,,,,
0e93bc9f4f50d64857696fa450c97d57e22eed5b9695943706d1b890c3002d11,1,0.0,0.0,0.0,699.5,699.5,,,,,,,,,,,
0e94ea94c81ccd1b2898cc05875e27084fadd677347959b6c21b9cfa48646c82,6,0.5,2.0,0.3333333333333333,8365.61,1394.2683333333334,0e94ea94c81ccd1b2898cc05875e27084fadd677347959b6c21b9cfa48646c82,2943300.0,SP,9410000000000000.0,9740000000000000.0,960.0,1960000000000000.0,980.0,1507.0,979.0,988.0
0ec5ef38734f42be198f49fa1be90df822e775f676ad2cbf539e6b7c46d790a4,1,45.0,45.0,1.0,2027.7,2027.7,,,,,,,,,,,
0ee7aac99d5576a2c79556305aca38ea9a8fa3b056b42eb913eeb82fc5a3652a,1,0.0,0.0,0.0,1418.35,1418.35,,,,,,,,,,,
0ee8d64b585ff47337a9105472855f853a615c9609a0c8b50adae52c78d6b06d,1,0.0,0.0,0.0,323.55,323.55,0ee8d64b585ff47337a9105472855f853a615c9609a0c8b50adae52c78d6b06d,4744001.0,SC,9890000000000000.0,9820000000000000.0,959.0,2.51e+16,980.0,0.0,979.0,988.0
0f175512f8d46dfb2795ca2add036d7c75ca107ea62551ae41d4ab9b784f39af,1,0.0,0.0,0.0,2173.75,2173.75,0f175512f8d46dfb2795ca2add036d7c75ca107ea62551ae41d4ab9b784f39af,2512800.0,SP,7870000000000000.0,5290000000000000.0,636.0,1.59e+16,880.0,1384.0,954.0,984.0
0f3a906a4ec86a886624fa6e0c052263904b743fa8bf6a95cd3fa3cbb97f49f5,1,6.0,6.0,1.0,1621.4,1621.4,,,,,,,,,,,
0f44145fae61bad664f026df9c3fba66ddda39802fd0c2dc6f2b3d631a960bd5,1,0.0,0.0,0.0,2083.94,2083.94,,,,,,,,,,,
0f590c3af0c6ebd664515db0d80bd84ff96b582e4d9e0b0c66973da2cfd21bdf,3,0.0,0.0,0.0,3970.88,1323.6266666666668,0f590c3af0c6ebd664515db0d80bd84ff96b582e4d9e0b0c66973da2cfd21bdf,4530701.0,RS,7920000000000000.0,9590000000000000.0,920.0,120000.0,900.0,82465.0,957.0,989.0
0f5c15ae96d6c3a219bc333ac0d51cfc1cdd15aad97935cd6b53f5bca9d6a221,1,0.0,0.0,0.0,744.18,744.18,,,,,,,,,,,
0f5d141db3e2f4680c6f6175a41071b99ca054af20e831c32b552af339015f31,1,0.0,0.0,0.0,14465.4,14465.4,0f5d141db3e2f4680c6f6175a41071b99ca054af20e831c32b552af339015f31,2229301.0,RS,8550000000000000.0,7400000000000000.0,202.0,9250000000000000.0,410.0,953.0,532.0,988.0
0f69021f006251cae301affc1a1add16ce5388f972d1b5ff70cecf1e9d781e1c,16,0.1875,2.0,0.125,216111.16,13506.9475,0f69021f006251cae301affc1a1add16ce5388f972d1b5ff70cecf1e9d781e1c,3101200.0,SP,9860000000000000.0,8620000000000000.0,957.0,2.54e+16,970.0,0.0,978.0,989.0
0f840e4f3366c311a4d1bd2298fd1f1912ca22446e82fecaa289eaeeedd4dcad,1,0.0,0.0,0.0,959.5,959.5,0f840e4f3366c311a4d1bd2298fd1f1912ca22446e82fecaa289eaeeedd4dcad,4781400.0,PR,9900000000000000.0,50.0,914.0,161900.0,960.0,0.0,979.0,988.0
0f88705e27d2ae0f1c9fec07932ce74d55420c83618a6601f735117d29a75123,1,1.0,1.0,1.0,2339.25,2339.25,0f88705e27d2ae0f1c9fec07932ce74d55420c83618a6601f735117d29a75123,4639701.0,AP,9190000000000000.0,8480000000000000.0,867.0,1.44e+16,950.0,5179.0,982.0,989.0
0fb9122b8070f3af4002358e28f343469ead798f05b1a7ee4696d50b1cfe123d,1,0.0,0.0,0.0,512.89,512.89,0fb9122b8070f3af4002358e28f343469ead798f05b1a7ee4696d50b1cfe123d,4321500.0,SC,9570000000000000.0,1000.0,739.0,84500.0,800.0,0.0,881.0,986.0
0ffae20372d7dbadca7a2d1da760b936b6f12583fcd6f18237ab1c94996861fa,14,0.0,0.0,0.0,93243.54000000001,6660.2528571428575,0ffae20372d7dbadca7a2d1da760b936b6f12583fcd6f18237ab1c94996861fa,4744005.0,DF,924083000000000.0,3400000000000000.0,945.0,2.23e+16,950.0,46.0,976.0,988.0
10086e5a7b2a65f4d9ff4d2941545c8086643a2425fce640a506ff24a1bb483c,1,0.0,0.0,0.0,4839.79,4839.79,10086e5a7b2a65f4d9ff4d2941545c8086643a2425fce640a506ff24a1bb483c,4530701.0,PR,6970000000000000.0,8460000000000000.0,883.0,9460000000000000.0,880.0,21042.0,970.0,988.0
100d2e2d2f6c291188e1f3d74d4f0b9d5743843498a4d4a16bcd6b0452d36836,1,0.0,0.0,0.0,269.51,269.51,,,,,,,,,,,
101f126f550065deafbfb7ecdc4d49339dd7000dd7fb997fe0ccd83697eb37ec,6,0.0,0.0,0.0,87845.74,14640.956666666667,101f126f550065deafbfb7ecdc4d49339dd7000dd7fb997fe0ccd83697eb37ec,1121600.0,RS,9450000000000000.0,9670000000000000.0,953.0,1.54e+16,950.0,5978.0,979.0,989.0
101fe19be1495d0ae96667cce3e58b4ea689f8b61fb6d931929b3b8fd74c8be7,1,1.0,1.0,1.0,431.02,431.02,,,,,,,,,,,
102dd5f6e2b86c84e4f6a6d94c3f784f867dbedce98437e5d1395f621076b3a3,2,0.0,0.0,0.0,73515.45999999999,36757.729999999996,102dd5f6e2b86c84e4f6a6d94c3f784f867dbedce98437e5d1395f621076b3a3,4110700.0,SP,8610000000000000.0,7850000000000000.0,743.0,1.73e+16,880.0,0.0,950.0,989.0
103ba3b718da4121e4f84b9efc6e9827fa6b0224347683f8cf7c7ce2ac8a46c9,1,0.0,0.0,0.0,5949.9,5949.9,103ba3b718da4121e4f84b9efc6e9827fa6b0224347683f8cf7c7ce2ac8a46c9,1412601.0,SC,7130000000000000.0,7750000000000000.0,922.0,1950000000000000.0,920.0,0.0,981.0,989.0
103f8ce7f6ced5ae7d75dc9ca1713a3c522da0c1cd9942cf64af4717812d81cf,1,1.0,1.0,1.0,589.8,589.8,103f8ce7f6ced5ae7d75dc9ca1713a3c522da0c1cd9942cf64af4717812d81cf,4781400.0,SP,7030000000000000.0,6560000000000000.0,900.0,2.32e+16,950.0,0.0,978.0,989.0
104182a6e6d86059ff7bba89dfaa335dc703f0e1c9024547147050bc10524a1a,1,1.0,1.0,1.0,2323.2,2323.2,104182a6e6d86059ff7bba89dfaa335dc703f0e1c9024547147050bc10524a1a,133402.0,MG,7580000000000000.0,9580000000000000.0,943.0,1.86e+16,920.0,13356.0,980.0,989.0
104cebb4dc7af12cb3654285887bf0b2dbd00cbe02275f46f2a1d66031319c03,3,0.0,0.0,0.0,1856.29,618.7633333333333,,,,,,,,,,,
1055ea665fb5ef3ae0af302cbd6a647588838a14cabc4a106466d8e00cca87da,1,0.0,0.0,0.0,287.64,287.64,1055ea665fb5ef3ae0af302cbd6a647588838a14cabc4a106466d8e00cca87da,4711302.0,PR,9670000000000000.0,9280000000000000.0,958.0,2.15e+16,960.0,812.0,979.0,989.0
1061d4c2a9ae2573253ca011aca2f6e699a666145956d1856a5ff5f385be45cb,1,0.0,0.0,0.0,580.55,580.55,,,,,,,,,,,
106f9c4f0a2eb60730ea631273abb72a6466c0eaaa86bf8b2937c20dfda05e61,2,0.0,0.0,0.0,14795.18,7397.59,106f9c4f0a2eb60730ea631273abb72a6466c0eaaa86bf8b2937c20dfda05e61,1013901.0,MG,795429000000000.0,7010000000000000.0,920.0,1950000000000000.0,960.0,4365.0,976.0,988.0
107a8e6279dc90f3817ba842e68e735542b36afc41b5f8f13c35f8b429a5ba15,1,0.0,0.0,0.0,641.98,641.98,,,,,,,,,,,
10ae59c3513bd843b13de79eae702207ed0c82559082ecdfbe31c8fe90172734,1,0.0,0.0,0.0,896.83,896.83,,,,,,,,,,,
10c1e2787c1bbaa72cc3e778911fd42074c679a1cd846fa98295816747309362,1,0.0,0.0,0.0,659.69,659.69,,,,,,,,,,,
10c3aacd74feb60a085306ef78e58037a293932b4dd1912f731c75e2e2dbb7ab,1,0.0,0.0,0.0,4488.69,4488.69,,,,,,,,,,,
10ce1d7a3a0cc43bf1c3a24eae2b3f0d828766afee4277e5d65556bad84dc232,1,1.0,1.0,1.0,432.86,432.86,10ce1d7a3a0cc43bf1c3a24eae2b3f0d828766afee4277e5d65556bad84dc232,4771701.0,PR,9820000000000000.0,1000.0,964.0,2900000000000000.0,980.0,0.0,980.0,989.0
1115db5f151161a822cb83c02d824134ebd1b879166f9c33e7ae01268ecf8fea,1,2.0,2.0,1.0,37383.07,37383.07,,,,,,,,,,,
1142e4e3a80876572aeaa6b5f08f09fb1c70a57ca9c68f946ec2230e582829cf,1,0.0,0.0,0.0,91.27,91.27,,,,,,,,,,,
1162dffc39ae9aea3e5236b60988cce4654aafb4a5587b67824525c8a77b70b0,1,0.0,0.0,0.0,26.32,26.32,,,,,,,,,,,
1169dea74ac39dbc93dbf6037703ee868c8e98a81e4382592b67983ad01b3ac9,1,0.0,0.0,0.0,2948.94,2948.94,1169dea74ac39dbc93dbf6037703ee868c8e98a81e4382592b67983ad01b3ac9,1721400.0,SC,4630000000000000.0,5410000000000000.0,206.0,8690000000000000.0,600.0,22877.0,251.0,985.0
117fc1e1f9f796f10df86e5f85e55e28cef2e5cdcb43b755dd0722f1f2ee105f,1,4.0,4.0,1.0,511.95,511.95,,,,,,,,,,,
11858f96cfb21439765a80b1311f10ced8469fbf134ce599a96b362332e9a752,1,0.0,0.0,0.0,791.51,791.51,,,,,,,,,,,
1185cd918d7fa293c094b5b275edce7fcac31ed98430bfa54c0bb1b10a0b39b1,3,0.0,0.0,0.0,155.09,51.696666666666665,,,,,,,,,,,
11a15501ccfee758247cc4b46b053901542647749ab7934a612c51f0e6760e6a,1,0.0,0.0,0.0,379.7,379.7,,,,,,,,,,,
11a59be8916975c87b2efe8543728bed2f86d46a78ed6e42680ccf29b7d1b598,1,5.0,5.0,1.0,128.26,128.26,11a59be8916975c87b2efe8543728bed2f86d46a78ed6e42680ccf29b7d1b598,4771701.0,PR,7890000000000000.0,50.0,768.0,1.89e+16,890.0,2548.0,80.0,981.0
11afd7d91049e0d46b14f20f8ad6cc384237563d1286349ba6bc70efac96a81d,2,0.0,0.0,0.0,837.17,418.585,11afd7d91049e0d46b14f20f8ad6cc384237563d1286349ba6bc70efac96a81d,4642702.0,SC,9700000000000000.0,7600000000000000.0,951.0,2.58e+16,970.0,4199.0,983.0,989.0
11cfef4a786d6a2105c4e5ae75a3125649ba9b530113e59bc65a8b722760e96a,1,0.0,0.0,0.0,70.61,70.61,,,,,,,,,,,
11e782d2a5bf5fb7cba62e9a26a91dcabbc973c574bd81b42dde4acc75a2cbd7,1,0.0,0.0,0.0,4118.33,4118.33,11e782d2a5bf5fb7cba62e9a26a91dcabbc973c574bd81b42dde4acc75a2cbd7,4711302.0,GO,9810000000000000.0,3050000000000000.0,934.0,2510000000000000.0,990.0,2687.0,975.0,988.0
11f269ad5d634bebdb997d5c76d826b43fe79acd02903ce6b4f181dec95c3bba,1,0.0,0.0,0.0,779.33,779.33,,,,,,,,,,,
12086849e8639ef92fd15a3cead1293cd02180a0520e8b3058ac0c5925f8a953,4,0.0,0.0,0.0,69929.56,17482.39,,,,,,,,,,,
12719b4fe805053385bd3d8e210bb29d85f9eefed6d1d0db276b35ccef688b43,2,2.0,4.0,0.5,265226.12,132613.06,,,,,,,,,,,
12719eedc47a03adfd63cba65fe0e38c944027e6cf5c5630b1946fc57ec338f8,4,7.0,28.0,0.25,2818.13,704.5325,,,,,,,,,,,
1287372f740f0c64c53d606d48270b8293a8079a0eb55f070747e53948cd7dea,1,0.0,0.0,0.0,297.18,297.18,1287372f740f0c64c53d606d48270b8293a8079a0eb55f070747e53948cd7dea,4781400.0,SP,9500000000000000.0,50.0,944.0,275000.0,940.0,0.0,978.0,989.0
12ab484a26eb18e5995ac5dae27912afe044e6f2e6a79534cff5b319f3fdf6a9,1,8.0,8.0,1.0,172551.0,172551.0,12ab484a26eb18e5995ac5dae27912afe044e6f2e6a79534cff5b319f3fdf6a9,2733300.0,SP,9960000000000000.0,9530000000000000.0,946.0,193000.0,960.0,0.0,982.0,988.0
12bad8328588ed789471100b80cd034efc35ca20c17f95080f9f3acd5e42c60d,1,0.0,0.0,0.0,3504.5,3504.5,12bad8328588ed789471100b80cd034efc35ca20c17f95080f9f3acd5e42c60d,4635402.0,RS,8500000000000000.0,9740000000000000.0,958.0,184600.0,930.0,66126.0,968.0,988.0
132298dddf33eb6f3e8b36e63b16e0c9e3182e8cfa2b8e7c9f7ccda774bedac1,1,1.0,1.0,1.0,2145.0,2145.0,,,,,,,,,,,
132669d39059919d98c03025884b434f1fe3ac3a964f2e43d6d5644da99f54c0,1,0.0,0.0,0.0,336.24,336.24,,,,,,,,,,,
134b2dcc5d96d1617d963b7013aae53b380cdbebba594be5a33d770300abe561,1,0.0,0.0,0.0,1673.16,1673.16,,,,,,,,,,,
13595cc80192f7c7f7033a39e46d35fb29a6663aca8e695dea534ab33e015618,1,0.0,0.0,0.0,7594.55,7594.55,13595cc80192f7c7f7033a39e46d35fb29a6663aca8e695dea534ab33e015618,4110700.0,SP,7000000000000000.0,8490000000000000.0,758.0,1.13e+16,850.0,10367.0,969.0,989.0
135a32f0fccc21007f70c46bebf34114eb53785a975c1c7fbc0c0d9d3a1503d2,1,0.0,0.0,0.0,124.37,124.37,,,,,,,,,,,
1374e32b45d9196c880c83c42d2fa3ea56222e54f404eeeb333e2237a11f1e7d,1,0.0,0.0,0.0,709.86,709.86,1374e32b45d9196c880c83c42d2fa3ea56222e54f404eeeb333e2237a11f1e7d,4744003.0,BA,5620000000000000.0,5560000000000000.0,863.0,92000.0,920.0,0.0,953.0,989.0
1381a29cd81979cc091565b426df8a4654707120cb56b32c6d2c896cbe197357,1,3.0,3.0,1.0,966.47,966.47,,,,,,,,,,,
139e90023fe8556083a9df032336f48390943dd53f5517552e7c4a6699501e49,1,0.0,0.0,0.0,122.3,122.3,,,,,,,,,,,
13b631b76bf57caa9e78223b12362a86d415a6dd3d1e9440a00cd72626d90d3a,12,0.0,0.0,0.0,55212.15,4601.0125,13b631b76bf57caa9e78223b12362a86d415a6dd3d1e9440a00cd72626d90d3a,4711302.0,BA,8760000000000000.0,5000000000000000.0,915.0,1.86e+16,930.0,14253.0,978.0,988.0
13c4e6abe875e16d837260491cceeb1c62da4e1e765b7e63d4038356c5381221,1,0.0,0.0,0.0,1098.51,1098.51,,,,,,,,,,,
13d19b1ea41a7808d8b8074aef519d3f8235c5f019b7aff6c30f8ead66f233ae,1,0.0,0.0,0.0,115268.76,115268.76,13d19b1ea41a7808d8b8074aef519d3f8235c5f019b7aff6c30f8ead66f233ae,4729699.0,SC,7670000000000000.0,9360000000000000.0,857.0,1029375.0,890.0,0.0,966.0,988.0
13d4ee0b6c9e3239f96788af8d75e620c5572f1fba3ca01f7dfb809cbba0e94e,1,0.0,0.0,0.0,9900.0,9900.0,13d4ee0b6c9e3239f96788af8d75e620c5572f1fba3ca01f7dfb809cbba0e94e,4711302.0,MG,9110000000000000.0,2.74e+16,918.0,19796875.0,950.0,5275.0,978.0,989.0
13fbe3c7c0ab93f1ee410cf2b6acf6bb966eea712c70264ff7bb9cc09647048f,1,1.0,1.0,1.0,357.28,357.28,,,,,,,,,,,
1408e6de41d3f557c29d0101b78c38c10f18d36de0e6d5d625e301b0f81ae1f0,1,0.0,0.0,0.0,223200.0,223200.0,1408e6de41d3f557c29d0101b78c38c10f18d36de0e6d5d625e301b0f81ae1f0,1052000.0,SC,9630000000000000.0,9480000000000000.0,954.0,2150000000000000.0,950.0,1616.0,980.0,989.0
14108ce9ccc911f9d202163430818e771cb7c6ccdcafda438fc3dacd80947942,1,20.0,20.0,1.0,419.97,419.97,14108ce9ccc911f9d202163430818e771cb7c6ccdcafda438fc3dacd80947942,4669901.0,PR,3750000000000000.0,772235000000000.0,236.0,5.78e+16,620.0,17316.0,73.0,969.0
143bdd3af5528076fe2b87cfed6d4e06eb12471d6747bd04f07b7889a1d0ad8d,1,0.0,0.0,0.0,305.64,305.64,143bdd3af5528076fe2b87cfed6d4e06eb12471d6747bd04f07b7889a1d0ad8d,2121101.0,MG,8380000000000000.0,3.73e+16,941.0,2000000000000000.0,920.0,23835.0,976.0,987.0
144b9c29ba9b1bb3a16f9b6c4a939e65949982b9bb1760c364842aa6e46ecde9,1,0.0,0.0,0.0,604.84,604.84,144b9c29ba9b1bb3a16f9b6c4a939e65949982b9bb1760c364842aa6e46ecde9,1412601.0,SP,9170000000000000.0,1000.0,962.0,2.33e+16,980.0,803.0,982.0,988.0
145f5fc593eb10096c4834de617dc6a5e0bd2784de5260b405f4438de8c2ac7e,1,0.0,0.0,0.0,435.2,435.2,,,,,,,,,,,
147294cd0b3b668ec294df9f53435d8d667bbab0fcb290be2bdee3176797f4fe,1,2.0,2.0,1.0,520.84,520.84,,,,,,,,,,,
149bf01fdd846136c881563ec8944a4cde1dd56735b21c682c6be027728188dc,1,13.0,13.0,1.0,649.0,649.0,,,,,,,,,,,
14a1e7da2746e14168b45d542f3a8c188161628df4af5f7281689d9cc19aba9f,1,0.0,0.0,0.0,1195.2,1195.2,,,,,,,,,,,
14cd354f5a4f8580acd8cde96a788f780669a2a340583f068fa2143cdae16029,1,0.0,0.0,0.0,606.41,606.41,,,,,,,,,,,
14d2900c0528b12337a2d2c089f3f5878985617182acd6b32dbdf2d5ee7ad98a,1,1.0,1.0,1.0,1038.59,1038.59,14d2900c0528b12337a2d2c089f3f5878985617182acd6b32dbdf2d5ee7ad98a,4754703.0,SC,9950000000000000.0,7010000000000000.0,890.0,24000.0,930.0,0.0,973.0,988.0
153926c5e3cc690400dd19ea4932af80178f71f7a3adbb9d814a6d273e1f6e43,1,0.0,0.0,0.0,234.89,234.89,,,,,,,,,,,
158dba01545379532d130b43550e21e7530b2bfa48faeffad65c50712e7bedf5,6,0.3333333333333333,2.0,0.16666666666666666,2144.27,357.37833333333333,,,,,,,,,,,
1599eaf8d48846cfedf5d939a9cb4b234b6fa63d9bf288540283d918ef9759e5,1,0.0,0.0,0.0,656.32,656.32,,,,,,,,,,,
159e075ac9e2d9b719e68520a5303c30a095ec19a4b53fe9a297dad7cbbcab6f,1,6.0,6.0,1.0,387.78,387.78,,,,,,,,,,,
159e34fe17aa87043ac2cd9cbd087fefbf15d67499801af4cd610a397d68b11d,1,0.0,0.0,0.0,1720.54,1720.54,159e34fe17aa87043ac2cd9cbd087fefbf15d67499801af4cd610a397d68b11d,4711302.0,SP,9810000000000000.0,9250000000000000.0,958.0,2.04e+16,960.0,1407.0,978.0,989.0
15b6baa17b9ca4b4427bfd4449763dd81781a63f7d040dd783281ec910c06842,1,0.0,0.0,0.0,320.26,320.26,,,,,,,,,,,
15e216ad221762d821b42d8f19b3ee8602f3bd55b149ce7cf9c0442d59fa2347,1,1.0,1.0,1.0,53.46,53.46,,,,,,,,,,,
15e21f9e47ffd4099df94821ea1dd2e50e6ab0f29122cb4ef067ce6426555019,1,0.0,0.0,0.0,378.45,378.45,,,,,,,,,,,
15eec47c9d037824b142604d281bddfa3d691a029c6658be010ba539588eefeb,4,0.0,0.0,0.0,3150.0,787.5,15eec47c9d037824b142604d281bddfa3d691a029c6658be010ba539588eefeb,4520006.0,RJ,8840000000000000.0,7050000000000000.0,954.0,2.4e+16,940.0,375.0,978.0,988.0
164e1eba6ccdf29ea63f1ab61e47dc31f080848b05b81a3e5444d81f59c5bd66,2,0.5,1.0,0.5,12191.050000000001,6095.525000000001,164e1eba6ccdf29ea63f1ab61e47dc31f080848b05b81a3e5444d81f59c5bd66,4644301.0,SP,8770000000000000.0,9140000000000000.0,916.0,1310000000000000.0,960.0,294.0,979.0,988.0
16540a5b5c59fbf03ebbcd8bd730b7bc0ea92647ad5cef9680ff7b1be906bccc,2,0.5,1.0,0.5,288.98,144.49,,,,,,,,,,,
1665a8ac8ce8d249cb7a8bf14ab6146c420232230306e8a4f35c972daa1d79d5,2,0.0,0.0,0.0,158.98000000000002,79.49000000000001,1665a8ac8ce8d249cb7a8bf14ab6146c420232230306e8a4f35c972daa1d79d5,4771701.0,PR,9970000000000000.0,7160000000000000.0,964.0,2.52e+16,990.0,0.0,982.0,988.0
167f3db283f8cb6fd5ed7c0358c962cf45b1607c519ec3db811690623724cb86,2,0.0,0.0,0.0,466.3,233.15,167f3db283f8cb6fd5ed7c0358c962cf45b1607c519ec3db811690623724cb86,4771701.0,PR,8600000000000000.0,1000.0,847.0,194600.0,930.0,12718.0,842.0,978.0
16837258159bfb2ef74e038982d0e807034c76d2cb6722d16f28518188b51b3a,1,1.0,1.0,1.0,314.07,314.07,,,,,,,,,,,
168d4700c7783ba641c98da293fea6eec9a5533193eabe512019267b3bb8ec90,1,0.0,0.0,0.0,569.5,569.5,,,,,,,,,,,
16e169e98c5c21679283b408cdc53932eae61a9c53ae698ef810d4109a3d62d6,2,0.5,1.0,0.5,339.2,169.6,,,,,,,,,,,
16e6b81a6dce37c190c9856bcf86b0d97ad19f724fe8c904a82d04bff0a3de3d,2,1.0,2.0,0.5,5947.8,2973.9,16e6b81a6dce37c190c9856bcf86b0d97ad19f724fe8c904a82d04bff0a3de3d,2599399.0,SP,9670000000000000.0,8550000000000000.0,797.0,943077000000000.0,900.0,11388.0,968.0,989.0
16e7d6e46ba2cb8afc9e7dc24806a1ae41093c91e3d0dcda871a64b015ac55c1,3,0.0,0.0,0.0,23423.25,7807.75,,,,,,,,,,,
16efc28a1a4f9c1c8ea664d992b14d132cb5a21b5f52db328bf2ce7fdf50a8d4,1,1.0,1.0,1.0,97.0,97.0,16efc28a1a4f9c1c8ea664d992b14d132cb5a21b5f52db328bf2ce7fdf50a8d4,4771701.0,PR,9730000000000000.0,6010000000000000.0,929.0,2660000000000000.0,950.0,2882.0,980.0,988.0
16f9dbced82ffd624483382f7af9a6f74ded84787c27bb9670f17e40dd479f2a,1,0.0,0.0,0.0,791.93,791.93,,,,,,,,,,,
1711682e1172927fd12e4de157f7ff793e234b894049a1b9be894923b5d7d5f3,1,11.0,11.0,1.0,336.24,336.24,1711682e1172927fd12e4de157f7ff793e234b894049a1b9be894923b5d7d5f3,4781400.0,MG,9010000000000000.0,7650000000000000.0,836.0,112600.0,950.0,20647.0,958.0,986.0
17263a13c8abd16d9935d03b2c7173fc87c319b91dda4e1da15b4b3f074b664b,1,3.0,3.0,1.0,1102.31,1102.31,17263a13c8abd16d9935d03b2c7173fc87c319b91dda4e1da15b4b3f074b664b,4781400.0,SP,4.34e+16,7130000000000000.0,141.0,6860000000000000.0,580.0,51538.0,100.0,970.0
175f3d760d9b9a86dad4d4db2e6163b88d1dadc66fd9dde9374b616dc1403d62,2,1.0,2.0,0.5,1416.8,708.4,,,,,,,,,,,
176424f334617d506f6fbb63911b560bc4956faf35b6b9d099758a953cc15f53,1,1.0,1.0,1.0,348.36,348.36,,,,,,,,,,,
176fc9f7c70f006f375f46e695d2976616c2cd3fa62b79660cd71cbd429dae11,2,1.0,2.0,0.5,243.49,121.745,,,,,,,,,,,
17846de106ec8b57dac8be098f3d20ea9c0d1a8ea85e8f075613b35b3fecaec2,1,0.0,0.0,0.0,490.8,490.8,,,,,,,,,,,
17ad8a7a2df9a9315698f4c8b2ef5fb7bc1d60b50162f713b752dce268ead840,2,0.0,0.0,0.0,8592.0,4296.0,,,,,,,,,,,
17c467a2c3c1360507667d3c38dd838351f147c4b19cceec4e3c71b22f636058,1,2.0,2.0,1.0,2979.1,2979.1,17c467a2c3c1360507667d3c38dd838351f147c4b19cceec4e3c71b22f636058,1412601.0,SP,9010000000000000.0,876281000000000.0,905.0,1.59e+16,970.0,986.0,983.0,988.0
17e86429059f2445f72631cfd7fab0dda6a743904d066e94730ab57fe647fc72,1,0.0,0.0,0.0,205000.01,205000.01,,,,,,,,,,,
17ec8bd7423a809778388d267c5e9b3ad9714de23ebcb5ae7778e9e342d2c204,1,0.0,0.0,0.0,840.0,840.0,,,,,,,,,,,
17ed43f8c84dafb60beefde379ec5dcfac040e103273c0756b21e32a02e12ea1,2,0.0,0.0,0.0,114129.8,57064.9,17ed43f8c84dafb60beefde379ec5dcfac040e103273c0756b21e32a02e12ea1,1052000.0,SC,9830000000000000.0,7450000000000000.0,859.0,1580000000000000.0,940.0,169.0,975.0,989.0
1810d8a15d0fd6da7bf574f3afeda842e04829b5e972b4dd486699e6b50a4de7,5,0.4,1.0,0.4,580.0699999999999,116.01399999999998,,,,,,,,,,,
1818be57b2612e71f08eae1dd6a16d96f4f1d42b0b279abca64fe4a5a346327a,1,0.0,0.0,0.0,342.13,342.13,,,,,,,,,,,
183a8d1e9d006e89deca062a38a8e6dff4ad14469a539b2caca2c49c86a72b0f,1,0.0,0.0,0.0,373.35,373.35,,,,,,,,,,,
183d532d2b424e1f7e82417c78bc1d109700ed5795e3b5bbcaedc330eb8f101d,3,0.0,0.0,0.0,1780.29,593.43,183d532d2b424e1f7e82417c78bc1d109700ed5795e3b5bbcaedc330eb8f101d,4673700.0,SC,9780000000000000.0,9170000000000000.0,845.0,2.05e+16,970.0,23251.0,960.0,988.0
18401624f718e8bf4cb034511b3b5a8fc512986012a32d70895eb5931738384b,2,0.0,0.0,0.0,9640.0,4820.0,,,,,,,,,,,
184809a239b251350871d3b5ea083c6e14becb3088dc54a82bfecf0fe3c4046b,1,0.0,0.0,0.0,78000.0,78000.0,,,,,,,,,,,
185416ffacd26f640745331f544301ed360ad9fc9146ae25a5c281ad64120ae6,1,0.0,0.0,0.0,1198.0,1198.0,,,,,,,,,,,
1864bc06db247d35fac8f4f15192e9858c1505cbceec184283abf422bd402c14,1,0.0,0.0,0.0,333.48,333.48,,,,,,,,,,,
1868d2fa0b28dac70e73d0a6166a178d4a97d2e0cc85da897d18918c3e3f5ec6,1,0.0,0.0,0.0,2749.0,2749.0,,,,,,,,,,,
189cfc07c1a574e9533aa6e63c88a70111eb44945f24a5be372db05b67c27d24,4,0.0,0.0,0.0,2221.01,555.2525,,,,,,,,,,,
18c235d164d57099ce739915ecf887ddbdb3ed5ff6d16942e8fdef6cd10b390f,1,7.0,7.0,1.0,74.33,74.33,,,,,,,,,,,
18c5d51ede2161639544bca691e2cffd2fd3a4df4882235d64f8552b329fec9d,1,1.0,1.0,1.0,2233.8,2233.8,18c5d51ede2161639544bca691e2cffd2fd3a4df4882235d64f8552b329fec9d,1411801.0,SP,9810000000000000.0,886097000000000.0,949.0,2300000000000000.0,980.0,414.0,979.0,988.0
18d32ce9c033ae72b5ebe52812dd19903320cfc82390fcd6a48a8400e27f20cc,2,1.5,2.0,1.0,3304.3199999999997,1652.1599999999999,18d32ce9c033ae72b5ebe52812dd19903320cfc82390fcd6a48a8400e27f20cc,3101200.0,SC,764415000000000.0,7250000000000000.0,896.0,142280.0,940.0,843.0,977.0,986.0
18dd04c8af16012ac13de3b6893179d4bd0adadbdc3b90990648430970ea2baf,1,0.0,0.0,0.0,38439.0,38439.0,18dd04c8af16012ac13de3b6893179d4bd0adadbdc3b90990648430970ea2baf,2599399.0,SP,9770000000000000.0,9250000000000000.0,958.0,239100.0,970.0,1212.0,979.0,989.0
18f7efda417953c5d04bae43bc8a2fe8425b1fb8b7436294a6fba52624162fd0,1,2.0,2.0,1.0,1299.35,1299.35,,,,,,,,,,,
190fa3e7593a8f23241d95bdf430787ec0537c74fd8768d151977e433eba13cd,1,0.0,0.0,0.0,1001.55,1001.55,190fa3e7593a8f23241d95bdf430787ec0537c74fd8768d151977e433eba13cd,5510801.0,CE,5200000000000000.0,50.0,939.0,1.42e+16,930.0,1557.0,974.0,989.0
1915940ecd25067823ce5482794a71b76c82a371d4e388281b9fbaa83b542b98,1,0.0,0.0,0.0,1646.34,1646.34,,,,,,,,,,,
19217dfa3e47b0c5cfb7cdbb0a07da335e9a241908cf0b5be9da5163320269d7,1,0.0,0.0,0.0,6500.0,6500.0,19217dfa3e47b0c5cfb7cdbb0a07da335e9a241908cf0b5be9da5163320269d7,4789099.0,RS,9750000000000000.0,9260000000000000.0,950.0,2.36e+16,960.0,2996.0,983.0,989.0
1925cb172b518ec24a62d3cd98188f5129edf115b5e0f25411aaf447e0bc87fd,1,0.0,0.0,0.0,2072.0,2072.0,,,,,,,,,,,
192730f7944005de0fe43bc85c09d222289c33dc24772814db328bf2daf4b1a5,1,0.0,0.0,0.0,1402.5,1402.5,192730f7944005de0fe43bc85c09d222289c33dc24772814db328bf2daf4b1a5,4691500.0,RS,9720000000000000.0,8020000000000000.0,957.0,2.24e+16,980.0,1124.0,980.0,988.0
193b4fffc44b0b95e4cc4737477d4f24fe3d13995f83ef4ad050ed2072cffc84,2,0.0,0.0,0.0,2412.13,1206.065,,,,,,,,,,,
1968f24962d633426eeef30ac4388a034b023f78663bd71567dc02636405d77e,1,0.0,0.0,0.0,1546.66,1546.66,1968f24962d633426eeef30ac4388a034b023f78663bd71567dc02636405d77e,4679699.0,SP,937195000000000.0,9790000000000000.0,960.0,2.41e+16,950.0,6553.0,983.0,988.0
1978f6afff75fea51b24b46bcd5bb2d1377a9340fa189bd7359d73f1e08e965e,1,0.0,0.0,0.0,430.8,430.8,1978f6afff75fea51b24b46bcd5bb2d1377a9340fa189bd7359d73f1e08e965e,4744099.0,SC,9950000000000000.0,989411000000000.0,932.0,2.46e+16,930.0,0.0,979.0,989.0
197dd2efce9cafccf961b2e954a9b02579b72b6a96f447f406b21fcab9e98704,2,0.0,0.0,0.0,918.75,459.375,,,,,,,,,,,
198652c2e4493aba99b138e40317f0938da4a721fa74a513204a16a2846ac1ee,2,8.0,11.0,1.0,802.9300000000001,401.46500000000003,198652c2e4493aba99b138e40317f0938da4a721fa74a513204a16a2846ac1ee,4652400.0,SC,7010000000000000.0,8010000000000000.0,502.0,37000.0,710.0,0.0,758.0,975.0
19aed993f654fb0689ec0edb50eaa795210b7de66f9974369181478569445a60,2,2.0,2.0,1.0,1933.8799999999999,966.9399999999999,,,,,,,,,,,
19e0ffe3d61ad8c0a310dcb5c040e3a47c4fb59b88a1085bd349e15876c1d437,1,2.0,2.0,1.0,77.9,77.9,,,,,,,,,,,
19e4548a2a5ec3d32b8926aface87b30b7aa2a9ea04276cc1af61ab0468b198a,3,0.3333333333333333,1.0,0.3333333333333333,4252.5599999999995,1417.5199999999998,19e4548a2a5ec3d32b8926aface87b30b7aa2a9ea04276cc1af61ab0468b198a,4732600.0,SP,9690000000000000.0,9390000000000000.0,957.0,1.92e+16,980.0,0.0,973.0,988.0
19e4d26a4a0aca729c7890b1976d0a76aafa1a045ffcddf8423245cf9d885255,1,3.0,3.0,1.0,164.8,164.8,,,,,,,,,,,
1a397df67c7979012c4d21c78eee2cb72fc04d907eab60238c2a58a26c2f52a3,5,0.0,0.0,0.0,77307.73000000001,15461.546000000002,1a397df67c7979012c4d21c78eee2cb72fc04d907eab60238c2a58a26c2f52a3,4644301.0,PA,9570000000000000.0,8860000000000000.0,957.0,2.52e+16,970.0,19647.0,982.0,989.0
1a5bf4ad64fc04ff35d982dced461193e8e7fc8478639c67e919267f0abbaf74,1,0.0,0.0,0.0,501.48,501.48,,,,,,,,,,,
1a8067c87466ac072d55ff9cea1cda8b102f3d6657c8de037149f937216dbcd2,5,0.0,0.0,0.0,1406205.24,281241.048,1a8067c87466ac072d55ff9cea1cda8b102f3d6657c8de037149f937216dbcd2,4689301.0,SP,6530000000000000.0,8120000000000000.0,694.0,172680.0,880.0,28.0,971.0,960.0
1a8d3a598bd9b365223865c33072a170a5dd7aeb5d8dccf0a6c77a75035de4a8,1,2.0,2.0,1.0,236.1,236.1,1a8d3a598bd9b365223865c33072a170a5dd7aeb5d8dccf0a6c77a75035de4a8,2063100.0,SP,9560000000000000.0,811046000000000.0,945.0,2.15e+16,910.0,0.0,961.0,986.0
1abfbbb955f6b53f444b9e4ddecf6fadb9c4df3b9d2a13c4f1b2f3ba4dc19f65,1,8.0,8.0,1.0,499.6,499.6,1abfbbb955f6b53f444b9e4ddecf6fadb9c4df3b9d2a13c4f1b2f3ba4dc19f65,4781400.0,SP,1790000000000000.0,849996000000000.0,205.0,128100.0,350.0,70353.0,294.0,867.0
1ad390fa20cdb67a7f47d310aab4301321e578e43025fae76aa3a88588fc448a,1,68.0,68.0,1.0,3318.25,3318.25,,,,,,,,,,,
1ae95b6dcce9744a8880abd08a3cc22f8a0c108e88fb13566b7b40e23f362e65,1,0.0,0.0,0.0,6258.99,6258.99,,,,,,,,,,,
1aeb6f5aedcd431cbe142887f421d7c21c4c008a1ef52bc6cf0b4508ddccc925,6,0.0,0.0,0.0,115135.36,19189.226666666666,1aeb6f5aedcd431cbe142887f421d7c21c4c008a1ef52bc6cf0b4508ddccc925,4635499.0,SP,9000000000000000.0,9700000000000000.0,782.0,1810000000000000.0,910.0,95.0,949.0,988.0
1aee6d4440d28b41b37d1bef7f0e5880d77c0ab40f52e04e7d49012228745c8b,1,0.0,0.0,0.0,313.16,313.16,,,,,,,,,,,
1af0cf572badd3a8dfe4d6d11b6dcca5cbed76e3e2f6611d07649185aafb69c4,1,0.0,0.0,0.0,314.3,314.3,,,,,,,,,,,
1af5a6d8cbbeb8acf5ff8889ddf7a8ac4f4cfe194b3840a08107a1e5c467505b,1,0.0,0.0,0.0,607.17,607.17,1af5a6d8cbbeb8acf5ff8889ddf7a8ac4f4cfe194b3840a08107a1e5c467505b,4711302.0,SP,9590000000000000.0,8710000000000000.0,905.0,1.29e+16,970.0,4353.0,982.0,989.0
1afadbac71f14681116f6ba86d19a2861dde75f4f551839e244c14e0c06e86d5,1,0.0,0.0,0.0,134.4,134.4,,,,,,,,,,,
1b05bf7dfa32e4a3d662bd216f595aabd89538f2fa7be12f5c98f9fb6127da9c,121,0.11570247933884298,2.0,0.06611570247933884,2991582.7,24723.82396694215,1b05bf7dfa32e4a3d662bd216f595aabd89538f2fa7be12f5c98f9fb6127da9c,4684201.0,SP,9840000000000000.0,9240000000000000.0,944.0,2.04e+16,960.0,23.0,980.0,988.0
1b08275e72495617af75bb6c01019354ea52a2b83930da4313f73484f219bb19,1,0.0,0.0,0.0,8661.26,8661.26,1b08275e72495617af75bb6c01019354ea52a2b83930da4313f73484f219bb19,4781400.0,PR,880225000000000.0,1000.0,918.0,21000.0,900.0,0.0,977.0,989.0
1b215cbebda2f58c7eda3032f5ffe66902dcd570729a0cb8e5b8d8bb19653983,1,0.0,0.0,0.0,13799.36,13799.36,1b215cbebda2f58c7eda3032f5ffe66902dcd570729a0cb8e5b8d8bb19653983,2222600.0,SP,9700000000000000.0,8630000000000000.0,958.0,2.19e+16,980.0,264.0,981.0,988.0
1b41640012e6bba14ec77e3e6fbc549358729653589fb19b6d1b25dec9f73dc5,1,0.0,0.0,0.0,333.83,333.83,1b41640012e6bba14ec77e3e6fbc549358729653589fb19b6d1b25dec9f73dc5,4679699.0,SC,8380000000000000.0,9210000000000000.0,951.0,2550000000000000.0,970.0,117.0,981.0,988.0
1b4fa3fc1a86ff923a945504ac2e18d0cbf2266e4405bab54db64f1364faf92c,1,1.0,1.0,1.0,58.58,58.58,,,,,,,,,,,
1b63ba832ff7b2f569642ea7277eb8a59af5ddefe2a24e0eeaa507c64b38e036,1,0.0,0.0,0.0,2080.36,2080.36,1b63ba832ff7b2f569642ea7277eb8a59af5ddefe2a24e0eeaa507c64b38e036,4771701.0,PR,9740000000000000.0,9530000000000000.0,949.0,2230000000000000.0,990.0,20922.0,981.0,988.0
1b8f7ff245e6c2c4ed35d6bd8624a5b63ac967e2cfcc0239d211bfed84adb6f9,1,0.0,0.0,0.0,105.43,105.43,,,,,,,,,,,
1b99e1c7128a42981df10088c2775ade1409c8c312447aff79bef5e3e99a4d5e,2,0.0,0.0,0.0,2943.69,1471.845,1b99e1c7128a42981df10088c2775ade1409c8c312447aff79bef5e3e99a4d5e,6110801.0,SP,9350000000000000.0,7580000000000000.0,878.0,145250.0,930.0,0.0,979.0,988.0
1bb617e697e98e1010d8724b03302117959d40611585f4a5fb094a56096d3880,1,0.0,0.0,0.0,586.67,586.67,1bb617e697e98e1010d8724b03302117959d40611585f4a5fb094a56096d3880,4530705.0,SP,9730000000000000.0,9330000000000000.0,920.0,2.71e+16,900.0,0.0,963.0,988.0
1bc2ad15f37bdf8a836628f699c44d4b679b16d56e25d6444082460ae4426b10,1,10.0,10.0,1.0,405.84,405.84,,,,,,,,,,,
1bcb7c082b72853461e400fabd3c8a881fcf7af2a57f144ffa1f321e577823d8,1,0.0,0.0,0.0,1292.35,1292.35,1bcb7c082b72853461e400fabd3c8a881fcf7af2a57f144ffa1f321e577823d8,4637199.0,RS,9710000000000000.0,8360000000000000.0,965.0,255400.0,970.0,1823.0,978.0,988.0
1bd3535743b740d09c4f25e958efa4d5740bec78f377331072a49a9b6bb5d24a,1,1.0,1.0,1.0,124.12,124.12,,,,,,,,,,,
1bdab1eeff33e1d041689cfb1911411fe9ec8e2d513f42f642cd1c8cb5f4981c,1,0.0,0.0,0.0,18851.22,18851.22,1bdab1eeff33e1d041689cfb1911411fe9ec8e2d513f42f642cd1c8cb5f4981c,2449199.0,SP,9950000000000000.0,8600000000000000.0,964.0,2.18e+16,980.0,162.0,982.0,989.0
1c0f40a1c5b1573420f907f6d3f25528b3dcdd68097e38002308696451504d83,1,0.0,0.0,0.0,840.84,840.84,,,,,,,,,,,
1c17ee668d98f9450ed7eae3780745fd17f8759e17a32131f1e86626779119db,1,0.0,0.0,0.0,233.05,233.05,,,,,,,,,,,
1c1a94db7977750dec90c945ef1c2ca14e548afa0383928e1bdc5b3604d658f3,1,122.0,122.0,1.0,7074.41,7074.41,,,,,,,,,,,
1c213d97654f8218271e0be431ec5b022a615edd153d3bdd44a6e9be1cab4165,1,0.0,0.0,0.0,1324.73,1324.73,1c213d97654f8218271e0be431ec5b022a615edd153d3bdd44a6e9be1cab4165,4744001.0,GO,956318000000000.0,8760000000000000.0,948.0,1.57e+16,970.0,4288.0,978.0,989.0
1c214b55ef365513aad39a17b8967ea0b6b629fb663a05478969ab01997ff7d2,1,0.0,0.0,0.0,5475.11,5475.11,,,,,,,,,,,
1c475007d258805cf4ace4b2bce3f9698c5c583d73745ce1b1ea01d066f61539,1,8.0,8.0,1.0,39.0,39.0,1c475007d258805cf4ace4b2bce3f9698c5c583d73745ce1b1ea01d066f61539,4789099.0,SC,50.0,50.0,87.0,25500.0,500.0,12798.0,70.0,650.0
1c4ed9e577c3cc89d0261fc58b950210de1909d8144d536f2784fe9a667bc076,3,0.0,0.0,0.0,54584.21,18194.736666666668,1c4ed9e577c3cc89d0261fc58b950210de1909d8144d536f2784fe9a667bc076,1742701.0,MG,62864700000000.0,7860000000000000.0,746.0,9370000000000000.0,900.0,15056.0,965.0,988.0
1c592e7d84363c8b848f045ff9f9fb75cfac5028eda41628200ba47530a2e0aa,1,2.0,2.0,1.0,465.46,465.46,,,,,,,,,,,
1c63664185066fb412e0803d751efbde86444efd8c265f0a643396fce7952482,39,0.05128205128205128,2.0,0.02564102564102564,361729.18,9275.107179487179,1c63664185066fb412e0803d751efbde86444efd8c265f0a643396fce7952482,2949299.0,RS,9060000000000000.0,990603000000000.0,941.0,2.06e+16,950.0,1586.0,981.0,989.0
1c7ac0a0fbd3273cbc2438c12658f65ba5b233f217f6411b1f8d74bdb7e6e33c,1,0.0,0.0,0.0,9191.18,9191.18,1c7ac0a0fbd3273cbc2438c12658f65ba5b233f217f6411b1f8d74bdb7e6e33c,1340501.0,RS,9880000000000000.0,9720000000000000.0,952.0,2580000000000000.0,950.0,63.0,981.0,988.0
1ca161cb75098252becfc33e1f0f7a99a4cf60fd4ad15554f4a83e7913c65931,13,0.38461538461538464,2.0,0.3076923076923077,991947.39,76303.64538461539,1ca161cb75098252becfc33e1f0f7a99a4cf60fd4ad15554f4a83e7913c65931,4711301.0,PR,9220000000000000.0,8330000000000000.0,952.0,2.37e+16,980.0,84.0,979.0,988.0
1cbeccaee2350f282c394ac9ba1c45fdb770e66c989dc6a20581c109c13147e8,1,0.0,0.0,0.0,79.34,79.34,,,,,,,,,,,
1cd1ae56e4ed4f41865ac32d93007b4dd55995f30146e11583b0d29c4c9d8b8e,1,0.0,0.0,0.0,7220.0,7220.0,1cd1ae56e4ed4f41865ac32d93007b4dd55995f30146e11583b0d29c4c9d8b8e,2071100.0,BA,9500000000000000.0,1.87e+16,912.0,2.29e+16,940.0,0.0,964.0,988.0
1cdb74fc595880f8e458a82c36efee67826df70a07255ab681d7eefab2506c5a,1,0.0,0.0,0.0,215.94,215.94,,,,,,,,,,,
1cebc3d43fc1b73fe58007d52b25100fd407e1cf34b1179f347c4de45ec91d40,1,0.0,0.0,0.0,1180.0,1180.0,1cebc3d43fc1b73fe58007d52b25100fd407e1cf34b1179f347c4de45ec91d40,4741500.0,BA,9650000000000000.0,1000.0,952.0,212800.0,960.0,14284.0,978.0,987.0
1d0764e195cfae9e212d8aec6a3d43fa203a5f507e794634789fb440697606c1,1,62.0,62.0,1.0,900.0,900.0,,,,,,,,,,,
1d2cfd891303bf1d6ec0923e4ff09bc3afefffa6360be41b5bb2609a7e527a93,1,2.0,2.0,1.0,1039.28,1039.28,,,,,,,,,,,
1d2dbe8faf9f7d91dfd3c1280dbf4970880344db9b64487d2e405dd917545435,1,2.0,2.0,1.0,1215.52,1215.52,,,,,,,,,,,
1d38978c6b21c90db24b70b6acba7d17a197bf9b3b8a5b99920f4c538e15e4bb,1,0.0,0.0,0.0,1890.09,1890.09,,,,,,,,,,,
1d389adc1dec8927dcc47df6f39bce7a31ffb7c5c27efd714b365679a6420e90,1,0.0,0.0,0.0,86000.9,86000.9,1d389adc1dec8927dcc47df6f39bce7a31ffb7c5c27efd714b365679a6420e90,4930202.0,TO,7250000000000000.0,8110000000000000.0,812.0,1.25e+16,810.0,3691.0,972.0,986.0
1d40ac5bc735282cb25358fcdb2fd9a21fe28c2f789cf4acfe1a025806d40412,1,2.0,2.0,1.0,220.74,220.74,,,,,,,,,,,
1d61e35d219833b9a12a6cc0719b40cd57d5720ca8a4ead0bf685a7db453fd3c,1,2.0,2.0,1.0,3806.4,3806.4,,,,,,,,,,,
1d67ccc02bc1a0babd9167e7b4c09cd84a3677ce9486cd2a466976395a5c1de0,3,0.0,0.0,0.0,12539.78,4179.926666666667,1d67ccc02bc1a0babd9167e7b4c09cd84a3677ce9486cd2a466976395a5c1de0,9521500.0,SP,9910000000000000.0,7480000000000000.0,940.0,1.7e+16,950.0,14751.0,981.0,988.0
1d6e068b0aa1b038028d55a81457b54968a99574f31aa0a787a363200886d7d5,1,1.0,1.0,1.0,286.52,286.52,,,,,,,,,,,
1d7ab8c9d3d54aaa5bf53a3a6839ff161afbded387aa012d5220d81ade6e3222,1,4.0,4.0,1.0,297.76,297.76,,,,,,,,,,,
1dc12c0d07532b7adbb8a617cf3d9c8b48bea96c6099153f3c1b4452597d5738,1,7.0,7.0,1.0,536.95,536.95,,,,,,,,,,,
1dc7f487589182025a51303353459e73fa366b3679d42ddcbdd1e2fd41ba07bb,1,0.0,0.0,0.0,486.25,486.25,,,,,,,,,,,
1dcd79e6bd2e1319fb728337931e407fa6026b40008387e7789e4e338aaf3bb2,1,4.0,4.0,1.0,2094.29,2094.29,,,,,,,,,,,
1dfd05750d948f2836af6d0c1357e91eaf213a8ba7f54707fa1b4d46e2dbedca,1,0.0,0.0,0.0,104.08,104.08,1dfd05750d948f2836af6d0c1357e91eaf213a8ba7f54707fa1b4d46e2dbedca,9420100.0,PR,9180000000000000.0,4.36e+16,833.0,171750.0,920.0,284.0,981.0,980.0
1e11cec424cdf2608515747e5c1d3c4181097e17be38ad46bfa35964b42a5429,1,0.0,0.0,0.0,1245.5,1245.5,1e11cec424cdf2608515747e5c1d3c4181097e17be38ad46bfa35964b42a5429,4742300.0,SC,9840000000000000.0,7130000000000000.0,965.0,258000.0,970.0,0.0,981.0,988.0
1e143de143d054d741d99bc7aaf1a1bf7e31894887a3e5a796a3cfda07151ba0,1,0.0,0.0,0.0,9432.0,9432.0,,,,,,,,,,,
1e333a23a6cd09dcf4e6189cde993327bef8926e638b2ef9b3b0b478bc3b36cf,1,0.0,0.0,0.0,1165.83,1165.83,1e333a23a6cd09dcf4e6189cde993327bef8926e638b2ef9b3b0b478bc3b36cf,4632001.0,RS,9050000000000000.0,9570000000000000.0,911.0,227600.0,940.0,0.0,958.0,988.0
1e3d4647f8d619e4e3e86f259ff87c7ab88cacf384a6b09a3e6be3af183a1ebe,1,0.0,0.0,0.0,670.46,670.46,,,,,,,,,,,
1e64eb5b40c5b14a4c51ceefd716fab9b66f494366f4b91e193d019923e35a79,1,0.0,0.0,0.0,2612.08,2612.08,1e64eb5b40c5b14a4c51ceefd716fab9b66f494366f4b91e193d019923e35a79,4644301.0,MG,9900000000000000.0,8780000000000000.0,948.0,2.34e+16,990.0,123.0,983.0,986.0
1e9e69976ff19ff952136463c25d9c559887cec129ea236ea8b8f86feb407f7e,69,4.246376811594203,62.0,0.6521739130434783,888567.39,12877.788260869565,1e9e69976ff19ff952136463c25d9c559887cec129ea236ea8b8f86feb407f7e,3240099.0,MG,7970000000000000.0,805134000000000.0,742.0,1.2e+16,920.0,22625.0,950.0,987.0
1ea897fb10958958d104b8529deefe3ca1f747b9aa42ffe71e41bc1a6581a254,1,0.0,0.0,0.0,1053.72,1053.72,,,,,,,,,,,
1eb54131e9be485a23ed07d6667917b3af068af42e26acce42a48cf4344938f2,1,0.0,0.0,0.0,623.12,623.12,,,,,,,,,,,
1eb85e4cebf2239d5721d45322f45dff390cbb1d29d77169bb91a6ce0a90bca9,1,1.0,1.0,1.0,302.49,302.49,,,,,,,,,,,
1ec31a4874b04649f267297aa69a407626dc0d963d0133453e6c56b83d7850eb,1,1.0,1.0,1.0,2448.0,2448.0,1ec31a4874b04649f267297aa69a407626dc0d963d0133453e6c56b83d7850eb,4782201.0,SP,9920000000000000.0,5660000000000000.0,963.0,207375.0,990.0,0.0,981.0,988.0
1ec543e1bc73db99dc9de6198b4441035e1f5b4a047af58b797415326a834b0a,1,0.0,0.0,0.0,657.13,657.13,1ec543e1bc73db99dc9de6198b4441035e1f5b4a047af58b797415326a834b0a,4781400.0,PR,847583000000000.0,1000.0,727.0,207625.0,920.0,0.0,934.0,987.0
1ecd2313f709e75baa7eb607ce94a762406fb632e061e2aa1178b79bdf103bb2,1,7.0,7.0,1.0,32.5,32.5,,,,,,,,,,,
1eeb82dc883155756fc6190f74d0ec6c25b91c2fb2f0298b38e554d9d6079507,1,0.0,0.0,0.0,427.16,427.16,,,,,,,,,,,
1f218bf7dbf67ec880e878940497345a0f140f858cf1e6b153953e0f1eaf1486,1,1.0,1.0,1.0,1114.52,1114.52,1f218bf7dbf67ec880e878940497345a0f140f858cf1e6b153953e0f1eaf1486,4729699.0,SP,9340000000000000.0,1000.0,806.0,179000.0,940.0,12374.0,954.0,988.0
1f21c50a8b4caa10bbee93415ab4f5668aabf3e9a696b02371e7fbe665c68a23,3,0.0,0.0,0.0,1027.23,342.41,,,,,,,,,,,
1f2b5d5d7808f3d60a2a860b15109d9c46ad640016405b71a7ad3ffedf2b9088,1,0.0,0.0,0.0,18648.0,18648.0,1f2b5d5d7808f3d60a2a860b15109d9c46ad640016405b71a7ad3ffedf2b9088,2732500.0,MS,9960000000000000.0,9640000000000000.0,960.0,2310000000000000.0,960.0,0.0,983.0,989.0
1f358738b1233171183a0572f3f015a8ee4fd2662f9a97f64fca065fa86a3c34,1,7.0,7.0,1.0,727.09,727.09,,,,,,,,,,,
1f382c333dccbbcb0b5e70e3f9cb6b167a37fde1a2f80e224e7665fc949c78e9,1,0.0,0.0,0.0,115.1,115.1,,,,,,,,,,,
1f3fe2cbe5600beb6f3f58549ebb8bc7725164125c5b6019ba416c68b19497f1,1,0.0,0.0,0.0,6227.37,6227.37,,,,,,,,,,,
1f4f40c035fc0f88de14c6b7026ac2a841fe34cb9bca91e4e0b170f497a135da,1,0.0,0.0,0.0,12460.86,12460.86,1f4f40c035fc0f88de14c6b7026ac2a841fe34cb9bca91e4e0b170f497a135da,4639701.0,SP,7920000000000000.0,8040000000000000.0,942.0,2.01e+16,920.0,1641.0,975.0,989.0
1f50880cb6e7807c3121a8d8d0a8588ac59a9e0d592c4c5d7818235c71f9170c,1,0.0,0.0,0.0,450.0,450.0,1f50880cb6e7807c3121a8d8d0a8588ac59a9e0d592c4c5d7818235c71f9170c,2399199.0,MG,9870000000000000.0,9940000000000000.0,894.0,166500.0,830.0,1328.0,943.0,989.0
1f7f82d7d77b07ba13ff5985fd2a10913ca7bbbb427f6d09248a6db17e2e044d,1,4.0,4.0,1.0,8455.0,8455.0,1f7f82d7d77b07ba13ff5985fd2a10913ca7bbbb427f6d09248a6db17e2e044d,4120400.0,PE,6270000000000000.0,2e+16,714.0,109000.0,790.0,18264.0,956.0,987.0
1f95b7fd02c3190350882b1ffa5aad21573f5e068ea65be1ac49c6967388fd26,1,0.0,0.0,0.0,550.24,550.24,1f95b7fd02c3190350882b1ffa5aad21573f5e068ea65be1ac49c6967388fd26,4754701.0,SC,9210000000000000.0,539568000000000.0,902.0,85400.0,890.0,9147.0,967.0,989.0
1fae763e12e03bd2be60a382a0a8178b69c8b43d4d99558bf6bef004a8e76646,1,4.0,4.0,1.0,3237.5,3237.5,1fae763e12e03bd2be60a382a0a8178b69c8b43d4d99558bf6bef004a8e76646,6550200.0,PE,9040000000000000.0,7540000000000000.0,780.0,1.41e+16,840.0,4534.0,955.0,989.0
1fc024619ed1e4991126e0ebf22d6119ddd62ef3d1fcf18043a4c659e1741b40,7,0.0,0.0,0.0,73172.91,10453.272857142858,1fc024619ed1e4991126e0ebf22d6119ddd62ef3d1fcf18043a4c659e1741b40,2222600.0,SP,9400000000000000.0,8180000000000000.0,952.0,2.01e+16,960.0,10305.0,973.0,989.0
1fe631902fbb984c9a3dd14e9186795139b9497451ec8c9c41bcadf3e7435ae7,1,0.0,0.0,0.0,978.9,978.9,1fe631902fbb984c9a3dd14e9186795139b9497451ec8c9c41bcadf3e7435ae7,4781400.0,CE,1000.0,5510000000000000.0,924.0,0.0,980.0,0.0,941.0,986.0
1fed7cea4b08c2deda1c19c23ca0fe99774352109e82ec836f1bc5250b158f23,1,1.0,1.0,1.0,575.0,575.0,1fed7cea4b08c2deda1c19c23ca0fe99774352109e82ec836f1bc5250b158f23,2863100.0,SC,9540000000000000.0,971456000000000.0,957.0,2.19e+16,940.0,10614.0,983.0,989.0
2002db391aa4772eff3d5efb1436cafdbf652ed85a83f492e0ba0de05662d54e,1,0.0,0.0,0.0,315.0,315.0,,,,,,,,,,,
201bcb77b3c4384f1022b03d65966a69a574be7320005c108c74a0bdb1456daa,1,0.0,0.0,0.0,105691.48,105691.48,201bcb77b3c4384f1022b03d65966a69a574be7320005c108c74a0bdb1456daa,2441501.0,SP,9990000000000000.0,1000.0,928.0,2.47e+16,940.0,0.0,980.0,988.0
2027fdc4af56a197ccb691da3e2d0c4ac7ad4c873b52c48ab8efbd63ef887d1f,1,0.0,0.0,0.0,2750.0,2750.0,2027fdc4af56a197ccb691da3e2d0c4ac7ad4c873b52c48ab8efbd63ef887d1f,4639701.0,BA,9770000000000000.0,9390000000000000.0,921.0,74600.0,930.0,5284.0,981.0,988.0
20285ab0a581c1e61626897f082e7a5bc414d2f7b900a8b2089f5059a32c6f23,1,0.0,0.0,0.0,5936.63,5936.63,20285ab0a581c1e61626897f082e7a5bc414d2f7b900a8b2089f5059a32c6f23,4110700.0,SP,3.61e+16,7470000000000000.0,536.0,7870000000000000.0,820.0,38843.0,475.0,983.0
202dc92a81f4fedfc9f9ad87e2b85299f80952ceda54643804e81973804bb0fd,1,0.0,0.0,0.0,3307.87,3307.87,,,,,,,,,,,
2035195d44218a45db3fb167f836d088b635fbd468dd4640fba1f5bdf8f3bdb6,1,0.0,0.0,0.0,1706.51,1706.51,,,,,,,,,,,
20686579bdf12a68442d16e4de2f1af57fa111953a2dff7beb56b5578b84c2c4,1,0.0,0.0,0.0,1071.5,1071.5,,,,,,,,,,,
207111497aeb1361a8cc9035d1fc7989db5d84e4e264bda97e3fcf404fb567d4,1,0.0,0.0,0.0,223.98,223.98,,,,,,,,,,,
20787cf91b869546200b5e4242f5dda240db3ccb67460b5e82ecb2130d24717f,1,0.0,0.0,0.0,5626.45,5626.45,20787cf91b869546200b5e4242f5dda240db3ccb67460b5e82ecb2130d24717f,4711302.0,GO,9770000000000000.0,948460000000000.0,944.0,2.09e+16,970.0,4388.0,981.0,989.0
208b82eb40ca452339a9259b85e8b0b2d0f7a7cb6b52b6a3d9b7f46f6772075a,1,0.0,0.0,0.0,23278.7,23278.7,,,,,,,,,,,
208d2d0eb39d885bc036cc97997a2d9d70c6953bf43bd51699c3f76a39f4b03f,1,0.0,0.0,0.0,429.65,429.65,,,,,,,,,,,
20939a3f14af2ff48fb6d55c17f279f4858fbf8bab8f904f49717e65caae0b48,2,4.0,4.0,1.0,2745.37,1372.685,,,,,,,,,,,
209750632679e7ff07349ae7c182e15c45f568d33cd45374328cb79aa62b6c83,1,0.0,0.0,0.0,973.8,973.8,,,,,,,,,,,
209bcbb3b49f5fb55245e70d2e5ce2e120182199baa06de3398b1fe7747553b8,5,0.0,0.0,0.0,1626795.95,325359.19,209bcbb3b49f5fb55245e70d2e5ce2e120182199baa06de3398b1fe7747553b8,4632001.0,RS,9300000000000000.0,7620000000000000.0,937.0,2.18e+16,930.0,24.0,982.0,989.0
209f89427933cfd05562db1c09d0b0bb042a801165be1bd3274010c8e42e4d7c,1,0.0,0.0,0.0,180.79,180.79,209f89427933cfd05562db1c09d0b0bb042a801165be1bd3274010c8e42e4d7c,4643502.0,RJ,7990000000000000.0,8490000000000000.0,912.0,137000.0,920.0,41678.0,973.0,989.0
20ab835f0f75a274ee3209ebc45fb0b76c6c2461d0010cff696bc82fc3277797,1,0.0,0.0,0.0,412.33,412.33,,,,,,,,,,,
20b57761bf69da3738b97f5ba8150e26abda2af82e6fe62b56b8821734530d29,1,0.0,0.0,0.0,296.63,296.63,,,,,,,,,,,
20b9a3ad18c0c28fae9504c0b96b5684f96f3b14613c8c65f71d08a09aefd772,1,0.0,0.0,0.0,3534.82,3534.82,20b9a3ad18c0c28fae9504c0b96b5684f96f3b14613c8c65f71d08a09aefd772,2593400.0,SP,9410000000000000.0,780406000000000.0,957.0,2.4e+16,960.0,91.0,979.0,988.0
20c9430c05d4f27a6239a11f17748b0555fc4d8d7661fde1e80f16fa8833a93c,1,28.0,28.0,1.0,307.61,307.61,,,,,,,,,,,
20ce4113d540e44c054bf1cc7b1e6fe907d84266a8bacca46fb95822a036290e,1,0.0,0.0,0.0,522.83,522.83,,,,,,,,,,,
20d099aef72663aa7310978582ddf8c6d5e5d45dfdb0bc937d392fd4c1c2d02d,1,3.0,3.0,1.0,3900.0,3900.0,20d099aef72663aa7310978582ddf8c6d5e5d45dfdb0bc937d392fd4c1c2d02d,4661300.0,RS,5250000000000000.0,7400000000000000.0,534.0,1230000000000000.0,800.0,652.0,751.0,946.0
20dbbaf0b9bbaea84df4fed9ead1bdacb51f15565d8fb0c6c44fcac248db5ec8,1,0.0,0.0,0.0,373.12,373.12,,,,,,,,,,,
20e059b524a7eaad1e55e29373a8856be776d1ef298ff2dac9a6cb3a40e90593,2,1.0,2.0,0.5,105849.20999999999,52924.604999999996,20e059b524a7eaad1e55e29373a8856be776d1ef298ff2dac9a6cb3a40e90593,4689399.0,SP,9390000000000000.0,6890000000000000.0,958.0,1.79e+16,910.0,237.0,975.0,989.0
20eafe522cd3e84d7287e1e941ee9f42adeeaac362778e2b11638244c36765b1,1,0.0,0.0,0.0,80.15,80.15,,,,,,,,,,,
20eb37521df91ad97f23bd4007734768d3ffe5afde1013dd7fad2c60a9ad5322,2,0.0,0.0,0.0,656.73,328.365,20eb37521df91ad97f23bd4007734768d3ffe5afde1013dd7fad2c60a9ad5322,4771701.0,PR,9130000000000000.0,50.0,964.0,2.56e+16,980.0,20313.0,981.0,989.0
20ec4e513e2d049267b131322a1b329b17f94c9038ca68081b97dbb8a95ce9a6,2,1.0,2.0,0.5,691.25,345.625,,,,,,,,,,,
211494cc7d8d6dca601ec12ecb0b0e099ee22d0ebe7325c050edc5dc73b3a19d,1,3.0,3.0,1.0,300.28,300.28,211494cc7d8d6dca601ec12ecb0b0e099ee22d0ebe7325c050edc5dc73b3a19d,4742300.0,SC,894091000000000.0,1000.0,876.0,1.8e+16,950.0,322.0,949.0,988.0
212051f1aca7f9c82a6c0bf7ded5967633c5580e9790880b6014fa9a25c33cab,2,0.0,0.0,0.0,129.17000000000002,64.58500000000001,,,,,,,,,,,
213bddc02cad580dc6dce5c04e3d39eb8ebfdba96cd11ce8bce44c7101be4880,1,0.0,0.0,0.0,760.3,760.3,,,,,,,,,,,
214c498a77c03e04f5dbb55e370d12ea950e91fb4f75b22e06b02f181b648d63,10,0.0,0.0,0.0,990335.38,99033.538,,,,,,,,,,,
21565e934c76f3305265e48f3a4bfbb683c5f3d2be96084abcf5d51834baa1d7,2,0.0,0.0,0.0,2010.0,1005.0,21565e934c76f3305265e48f3a4bfbb683c5f3d2be96084abcf5d51834baa1d7,4687703.0,RS,898962000000000.0,8410000000000000.0,956.0,2250000000000000.0,940.0,121.0,976.0,989.0
2158fdc13011d2f637ef0ca884b3fc849280f5d5cbd5916a6fdf04b59ac04d6b,1,1.0,1.0,1.0,2688.0,2688.0,,,,,,,,,,,
215e25caa140aeb01f594672e69f023c74c184753eff286dfc9714c8b9dbc1ae,1,0.0,0.0,0.0,1370.43,1370.43,215e25caa140aeb01f594672e69f023c74c184753eff286dfc9714c8b9dbc1ae,1020101.0,MG,9110000000000000.0,1000.0,824.0,24500.0,820.0,76174.0,801.0,983.0
216ae3b11a637a05753c140d0d9a09e81c530e14377f65901b1c139bdfa880ff,1,0.0,0.0,0.0,313.56,313.56,,,,,,,,,,,
218e4eaf2ba8b291004780fb4cc50e1fc61f731f569309c3bc1150cf10f4546c,1,0.0,0.0,0.0,2460.0,2460.0,,,,,,,,,,,
21a381372a32ec46d21687ed6f4ac63e1a6d55cd0c5f4a1a434eb21f2b41be3b,1,0.0,0.0,0.0,1102.0,1102.0,,,,,,,,,,,
21b3f4dc112cba68f88206e2e73367a10de3c001e99cba4008f8efdfbf15eb1a,1,0.0,0.0,0.0,316.92,316.92,,,,,,,,,,,
21c3986021a203bcd40f8c11bec17c17af84f0f2ae26718d784d3f87611d0d0e,1,0.0,0.0,0.0,96945.0,96945.0,21c3986021a203bcd40f8c11bec17c17af84f0f2ae26718d784d3f87611d0d0e,4691500.0,PA,9000000000000000.0,9130000000000000.0,963.0,1.97e+16,940.0,0.0,982.0,989.0
21cbfa1e888f0e9143c89b385ff2c984c6bd1b848e5857e837aa2e5118255800,1,5.0,5.0,1.0,991.87,991.87,,,,,,,,,,,
21dff853e547f2780248a1d3dcdd625e4f8f47f49474ad4abb11517688241479,1,0.0,0.0,0.0,246.8,246.8,,,,,,,,,,,
2209390d2b23527b4bd0c8f106ac275d5fcba572d22c1d157f5ff81b84d6cecd,1,0.0,0.0,0.0,871.23,871.23,2209390d2b23527b4bd0c8f106ac275d5fcba572d22c1d157f5ff81b84d6cecd,4757100.0,MG,9640000000000000.0,1000.0,947.0,215600.0,950.0,7311.0,980.0,989.0
220d71fdef4905ffea1b1912112e7ed9860aeff7a592293f64618c691d422086,1,68.0,68.0,1.0,812.4,812.4,,,,,,,,,,,
22119a5969e284878e8a8afd16c01186dfec781225c8c205ea4c0c9c24e5c89a,1,8.0,8.0,1.0,69.0,69.0,22119a5969e284878e8a8afd16c01186dfec781225c8c205ea4c0c9c24e5c89a,4930202.0,SC,8420000000000000.0,4.15e+16,234.0,1.71e+16,440.0,4042.0,146.0,988.0
2216402a5e84d3ad387c8f83bfa9f5d928a96c8c3fd6852583563de4d7c6fa9c,1,1.0,1.0,1.0,911.34,911.34,2216402a5e84d3ad387c8f83bfa9f5d928a96c8c3fd6852583563de4d7c6fa9c,3314711.0,SP,857456000000000.0,9900000000000000.0,883.0,152300.0,930.0,0.0,947.0,986.0
221b8e0c5be8e0139b29ec373e972c6d7c92140fb89d4656a7dc2413a11543e9,1,0.0,0.0,0.0,139.76,139.76,,,,,,,,,,,
222f6dd763f571b222ae7e75f8ce0a418c7bd0f8f37d6a8e05bedf698ef21887,2,0.5,1.0,0.5,1150.58,575.29,,,,,,,,,,,
224a7c34426f4bc5bd41002f6ca0ad1f561c701bec6c1a68fe96cae6a5559a70,2,11.5,13.0,1.0,245.26,122.63,,,,,,,,,,,
2272954522d30a5d3d8bf154d487dafe9f45303057d3198ffa3b6fd9904a4411,1,0.0,0.0,0.0,869.0,869.0,2272954522d30a5d3d8bf154d487dafe9f45303057d3198ffa3b6fd9904a4411,4731800.0,RS,4.81e+16,6800000000000000.0,958.0,2.43e+16,810.0,27.0,979.0,988.0
22767c50076717cdb3c031acea22415097f6634d345c47c4ba4c26d3630c3b43,6,0.0,0.0,0.0,488077.08,81346.18000000001,22767c50076717cdb3c031acea22415097f6634d345c47c4ba4c26d3630c3b43,4623199.0,PR,7340000000000000.0,7940000000000000.0,741.0,1.16e+16,930.0,54968.0,976.0,989.0
229fc205f48b9a4a4f4ca73dfb4cdca474c6a6cffabb4a314e4850819362617e,1,0.0,0.0,0.0,480.33,480.33,,,,,,,,,,,
22a8a0ea38e34f6d649803a19f8bd72d702a01221c82d0f31f6fa2cbddff8ee9,1,0.0,0.0,0.0,81.56,81.56,,,,,,,,,,,
22a8a6cbeabfcac026a0a793ce03507aa3e6236cf6db67b82c56e81319731807,1,2.0,2.0,1.0,5300.8,5300.8,,,,,,,,,,,
22af6b01d452e9be10012158052a801fa190b9ba88d63d07d6b777db89b67d90,1,0.0,0.0,0.0,705.49,705.49,22af6b01d452e9be10012158052a801fa190b9ba88d63d07d6b777db89b67d90,8020001.0,SC,7640000000000000.0,7730000000000000.0,698.0,9490000000000000.0,870.0,8487.0,909.0,986.0
22b5f233539b4ec6eb8357a8483e1a0765ea33cf7cf71ae61770f25e87c622a0,1,0.0,0.0,0.0,87671.67,87671.67,22b5f233539b4ec6eb8357a8483e1a0765ea33cf7cf71ae61770f25e87c622a0,4672900.0,PR,9950000000000000.0,8960000000000000.0,949.0,2.77e+16,960.0,0.0,975.0,989.0
22bcb6f7aec2a60c3a1323907ab6ac7f39106f11ceec183f33dbc96c13d58e2a,1,0.0,0.0,0.0,882.41,882.41,,,,,,,,,,,
22bd413272a6a00ab829d109c545aac0763d063fba794c0e13b97c68bc29f94c,1,1.0,1.0,1.0,1424.84,1424.84,22bd413272a6a00ab829d109c545aac0763d063fba794c0e13b97c68bc29f94c,3314702.0,SP,9890000000000000.0,9440000000000000.0,962.0,2.45e+16,980.0,0.0,979.0,989.0
22c745cd82c45f94845e903330773753bdbef7b5d3e99b835ec85d2ed7d06ff4,2,0.0,0.0,0.0,4183.5199999999995,2091.7599999999998,,,,,,,,,,,
22d7bd2c94618f1cd6b9984c54eacffb298a6f7642f50c54b54e924e6961ed15,1,0.0,0.0,0.0,153.23,153.23,,,,,,,,,,,
23324b3c93a7211483c146313b47a295d7d53dda5bd3fb02d2ef749afb76cd4c,1,0.0,0.0,0.0,6541.69,6541.69,23324b3c93a7211483c146313b47a295d7d53dda5bd3fb02d2ef749afb76cd4c,2122000.0,SP,9800000000000000.0,9290000000000000.0,958.0,2.23e+16,950.0,1719.0,979.0,989.0
233d951c8c774f1e07df5a473e219097b7ef6c2e2aa83d6eb5c59816b1093958,1,0.0,0.0,0.0,153.82,153.82,,,,,,,,,,,
2342f5cdee08a0605d7376f947103eb92a55d5c51df8ee5ca38a8d4cb75f88f3,1,0.0,0.0,0.0,2766.55,2766.55,,,,,,,,,,,
2348f5949436afdc79aeff555170317848809413e6f4726ea3aa32f984923d6a,1,0.0,0.0,0.0,814.5,814.5,2348f5949436afdc79aeff555170317848809413e6f4726ea3aa32f984923d6a,4781400.0,MS,9790000000000000.0,1000.0,946.0,225500.0,960.0,0.0,968.0,988.0
2361eda5afc52e1cd02001bca7284079a1ea78c20ce3e29e6c639a2717c5109c,1,1.0,1.0,1.0,49.66,49.66,,,,,,,,,,,
2368ba4c33367298a1c7b11d185d0262e3624f2849d362d11e44b3d17b11e301,1,0.0,0.0,0.0,2176.58,2176.58,,,,,,,,,,,
2377983c3f34bd024f440092c44952af45d6fc278577bc9d15ae26f0fcb19501,2,0.0,0.0,0.0,51992.97,25996.485,2377983c3f34bd024f440092c44952af45d6fc278577bc9d15ae26f0fcb19501,4930202.0,MG,9400000000000000.0,9930000000000000.0,949.0,121875.0,950.0,18264.0,981.0,988.0
239c20f895a745bdb1e56b253e8a28b79400340caff4e03ac5d98fdb7c3512ff,1,0.0,0.0,0.0,991.67,991.67,,,,,,,,,,,
23ace987ec10ce81c3f0f2c7410240b7332ec57da84481737bc3f819c96d11c3,1,0.0,0.0,0.0,655.21,655.21,23ace987ec10ce81c3f0f2c7410240b7332ec57da84481737bc3f819c96d11c3,4744005.0,SC,9930000000000000.0,1000.0,966.0,257750.0,960.0,0.0,982.0,989.0
23aec99ce795954815888ae4090dcacf318824c06fdf17f6679ece242c34f31b,1,0.0,0.0,0.0,1029.15,1029.15,23aec99ce795954815888ae4090dcacf318824c06fdf17f6679ece242c34f31b,4711302.0,PR,9670000000000000.0,9400000000000000.0,936.0,2130000000000000.0,960.0,5255.0,980.0,988.0
23f96695af6bae69a2fe93476c5fb6f259e0c6cda88e8d8188a3130e2140aece,1,0.0,0.0,0.0,159.08,159.08,,,,,,,,,,,
24037765228ca1bce6743570728395541ca481ac79d854fe95bace4710c3cacb,29,0.13793103448275862,2.0,0.10344827586206896,490126.77,16900.923103448276,24037765228ca1bce6743570728395541ca481ac79d854fe95bace4710c3cacb,2660400.0,SP,8540000000000000.0,7070000000000000.0,587.0,1.63e+16,850.0,1597.0,961.0,989.0
241b28e638fabd5fb3e37f0b12d401ef81090d84c3bd64fad16f8cea7b694828,4,1.0,3.0,0.5,12179.84,3044.96,,,,,,,,,,,
2427f3a24b353859e5d48cfcb8fca8c87128b35af6b7a1ceb111306d9b8304c2,1,7.0,7.0,1.0,345.08,345.08,,,,,,,,,,,
2428f77a217506adf038201a6e6d89bbfb70b40a85de3278f031b376cca96ea0,3,1.0,1.0,1.0,155593.32,51864.44,2428f77a217506adf038201a6e6d89bbfb70b40a85de3278f031b376cca96ea0,2311700.0,SP,7940000000000000.0,8860000000000000.0,798.0,1.92e+16,910.0,8485.0,970.0,985.0
242f8c0e6c8fb2eec6538a7fe2706f1adcd0c5e64cdced05e3260c503a1a3dba,1,0.0,0.0,0.0,383.42,383.42,,,,,,,,,,,
242ff53ad1a89f496c7306726b4e56c41e27469859ee8040f12bd2ebec42da9a,1,0.0,0.0,0.0,10271.5,10271.5,242ff53ad1a89f496c7306726b4e56c41e27469859ee8040f12bd2ebec42da9a,4771704.0,RS,9720000000000000.0,8540000000000000.0,945.0,213000.0,990.0,0.0,978.0,988.0
243635a7d27a7e3669b6cff3d1755da45095429043ed931be1cdea92e128b6f3,2,0.0,0.0,0.0,71316.25,35658.125,243635a7d27a7e3669b6cff3d1755da45095429043ed931be1cdea92e128b6f3,1031700.0,SP,8150000000000000.0,9700000000000000.0,957.0,1970000000000000.0,970.0,0.0,981.0,989.0
2448185102a81dfd99976ec246e09264748b58885eb8da2b7e36e130d7ca9fcd,1,0.0,0.0,0.0,255.92,255.92,2448185102a81dfd99976ec246e09264748b58885eb8da2b7e36e130d7ca9fcd,4321500.0,SC,9180000000000000.0,8940000000000000.0,957.0,2700000000000000.0,950.0,0.0,976.0,987.0
2449bcfa58c237ac0c1816577908dd1654b91b7ee6303c3c340069ff3ddf0a99,1,1.0,1.0,1.0,1183.33,1183.33,2449bcfa58c237ac0c1816577908dd1654b91b7ee6303c3c340069ff3ddf0a99,4633801.0,SP,9480000000000000.0,8800000000000000.0,939.0,2100000000000000.0,980.0,489.0,982.0,988.0
244bfb15936e2fe041fdc8ab7dccc6736dccfa6d794159ded881099c5e074a4a,1,0.0,0.0,0.0,636.1,636.1,,,,,,,,,,,
245506ca5b8c7d2318d043a205466d14480ec90127abbeca9b82d7e328c73687,1,0.0,0.0,0.0,903.42,903.42,245506ca5b8c7d2318d043a205466d14480ec90127abbeca9b82d7e328c73687,4782201.0,RO,4.01e+16,50.0,879.0,175750.0,800.0,0.0,468.0,935.0
248fe1eca1af9b474ac4dc60d4734c451afb533673b56dd2735da55cf844a793,1,0.0,0.0,0.0,357.09,357.09,,,,,,,,,,,
2491f8e4cf0dc98546944ad14301670630fda9730141601cca348c84d107945d,1,0.0,0.0,0.0,464.96,464.96,,,,,,,,,,,
24a7f4e776b4bc1fbd3c18ecba5d4bf265bce469a66dac42cfcfd7a3615306f3,1,0.0,0.0,0.0,135.41,135.41,,,,,,,,,,,
24cdcdae33b8a9ab8cf6bd8f89ee1b30cf0e745dea008088b170021419c08f5a,1,0.0,0.0,0.0,331.32,331.32,,,,,,,,,,,
24f1538b76185a4bb02236537e56e1a23e60729c7301ea19eb344e38b49caaed,1,6.0,6.0,1.0,696.58,696.58,,,,,,,,,,,
24fe31c42bc96bc91857ffffbedfdca9a9d45c186d3a123356bd599c7c68c5e3,1,0.0,0.0,0.0,724.65,724.65,,,,,,,,,,,
25095b7e712c2639f139306fa87579be677b56b4bccc1cd9eb2577be327cc069,1,2.0,2.0,1.0,674.28,674.28,,,,,,,,,,,
250b8a1fa7c60c791dfa417140420a376dfe9bd3ef6394cb0994ed1ba5fc46bf,1,0.0,0.0,0.0,58400.0,58400.0,250b8a1fa7c60c791dfa417140420a376dfe9bd3ef6394cb0994ed1ba5fc46bf,4912403.0,RJ,6750000000000000.0,9290000000000000.0,147.0,1390000000000000.0,570.0,734.0,600.0,986.0
2514ba724744428e8eff9b517ca2de3fda2d9de7b81d9e8b31bbd04a97775974,9,1.6666666666666667,15.0,0.1111111111111111,335234.28,37248.253333333334,2514ba724744428e8eff9b517ca2de3fda2d9de7b81d9e8b31bbd04a97775974,4729699.0,MT,8700000000000000.0,7620000000000000.0,425.0,1.38e+16,810.0,6053.0,908.0,988.0
25337c2bfc1e0338880e0cec1814e1d233558f153720b4cf1de68badb253717f,1,68.0,68.0,1.0,3744.0,3744.0,25337c2bfc1e0338880e0cec1814e1d233558f153720b4cf1de68badb253717f,1013902.0,RS,7090000000000000.0,4.1e+16,493.0,1110000000000000.0,850.0,10601.0,714.0,984.0
25a9554c72d60fc3ae932907762049e92491b22ffc0b0b3b16f90244e1f43769,2,0.0,0.0,0.0,12760.66,6380.33,25a9554c72d60fc3ae932907762049e92491b22ffc0b0b3b16f90244e1f43769,1099699.0,SP,9870000000000000.0,8570000000000000.0,902.0,170750.0,930.0,2511.0,980.0,988.0
25cbd4600c6e9d23fdf181f6d0af399cff7d595731b35d82409de27e7e472939,1,0.0,0.0,0.0,2516.0,2516.0,,,,,,,,,,,
25d42d91f7e338860582c2f0ae178dfad7157d029fcb41fe6d29283c5d465fda,1,17.0,17.0,1.0,300.75,300.75,,,,,,,,,,,
25d55e3f61ccd82717cd108a262525a24e39c5b2f53ed3d09e93a40a5f998414,2,3.0,5.0,1.0,7457.75,3728.875,,,,,,,,,,,
25f82876cc785b8d6bfdcdef041d984fd307f89ed598f8b04b4cdef32bcf40c5,1,1.0,1.0,1.0,519.63,519.63,,,,,,,,,,,
2612fe8a41bf8e29ba97cc088fb838587244d61f74ed29e0bccf39b90b85b7f6,1,62.0,62.0,1.0,2736.18,2736.18,,,,,,,,,,,
26408636f1668bc3f34dd76e8ec935d409b8e5a011943dde5360797569fd2bbd,1,0.0,0.0,0.0,547.74,547.74,,,,,,,,,,,
2645509fefd40b0ceffe33bf92f9d890e403a5931f0cefae8e93c35aac598745,1,0.0,0.0,0.0,445.46,445.46,2645509fefd40b0ceffe33bf92f9d890e403a5931f0cefae8e93c35aac598745,4744005.0,SC,7410000000000000.0,7710000000000000.0,901.0,1.4e+16,910.0,12719.0,971.0,987.0
26794858ccb4d78c90dc9518c26e4c92a015dd8929a727bf713757b5ce0599b9,1,0.0,0.0,0.0,1299.97,1299.97,26794858ccb4d78c90dc9518c26e4c92a015dd8929a727bf713757b5ce0599b9,4729699.0,SP,992336000000000.0,1000.0,920.0,2.4e+16,960.0,0.0,972.0,989.0
267fff31686131d4f64a668fcb97d556669ed93c80b0861a8a980b92df52c7ce,2,0.5,1.0,0.5,8948.1,4474.05,,,,,,,,,,,
2694ebc045306ca09f214645a1f0bb1747eef8968cdc0a5cda0b81d0b0d27675,1,0.0,0.0,0.0,10074.99,10074.99,,,,,,,,,,,
269788e10664be2d2e3ffc51036360261bc7671532f841277861cde980a5b45e,3,0.6666666666666666,2.0,0.3333333333333333,36529.73,12176.576666666668,269788e10664be2d2e3ffc51036360261bc7671532f841277861cde980a5b45e,4673700.0,AL,8110000000000000.0,7070000000000000.0,905.0,1.51e+16,930.0,24308.0,983.0,988.0
26bb9235bb310f8b2936c7605a26bf04b27a9eed1ce008315ac23e9969b8c905,2,0.0,0.0,0.0,1126.82,563.41,,,,,,,,,,,
26bfb673cd95bb39e2dbf633823f8db6e56f7ff72bc8c19b3b1b40eddb697ae1,1,0.0,0.0,0.0,369.06,369.06,,,,,,,,,,,
26c39c458b89f08afe320dacd0ed8875623bb90cf2055f4790c0595d2f43a0d7,1,0.0,0.0,0.0,447.92,447.92,,,,,,,,,,,
26e5a30b0612042fd462766983dcf587af52bbd0b80c8a65ef511f13f2ea3ecf,2,1.0,2.0,0.5,1600.53,800.265,,,,,,,,,,,
26e6a78558786f86b251f5e8a898c454b1befe2c774e53a600717b3120cf9e11,1,0.0,0.0,0.0,1079.81,1079.81,,,,,,,,,,,
26f76c6294781591c0961bbb30b189432d7c8365bdde5ffa5fef3f416ba95141,1,0.0,0.0,0.0,4951.9,4951.9,,,,,,,,,,,
26ff9da8c06f1171d571f012c4e16c6d7e7470d5e55e4123b3548bfd747c9ef6,1,1.0,1.0,1.0,101.47,101.47,,,,,,,,,,,
270122265f5bf0b637486eee9fcac9c66c0397bb12b01b0db314ffa572e2565e,1,8.0,8.0,1.0,1268.8,1268.8,,,,,,,,,,,
27040e064e94ebce805e411687c44eabf35eb284226cd91e039236f93c71b824,5,0.0,0.0,0.0,98387.70000000001,19677.54,27040e064e94ebce805e411687c44eabf35eb284226cd91e039236f93c71b824,2733300.0,SP,9750000000000000.0,7910000000000000.0,958.0,2.35e+16,960.0,0.0,982.0,989.0
271557e4f28e33d08eacb12b35709004f6b04f4763e4cf5a53b2fef2f5af23ca,1,3.0,3.0,1.0,396.0,396.0,,,,,,,,,,,
2783ea69f1412780fc7a1af2140a1685a0ebcaeefb0ca4c61fa825497501fc35,1,0.0,0.0,0.0,286.01,286.01,,,,,,,,,,,
27a3be33b03a695f38be5b5d095c67f75da0a6cba6bec8f6c077be74e3203a04,1,15.0,15.0,1.0,1284118.86,1284118.86,27a3be33b03a695f38be5b5d095c67f75da0a6cba6bec8f6c077be74e3203a04,4789099.0,PR,9900000000000000.0,7000000000000000.0,948.0,1.9e+16,970.0,63.0,966.0,989.0
27be6551df3aff975906f47ef7354757f0f488f1223eac06b87ec388f7452b5e,3,21.333333333333332,62.0,0.6666666666666666,923.5,307.8333333333333,,,,,,,,,,,
27c726ca9d6a8b829b3edd6282ba5d6108b0777f22fd46b846e21d409e5bc65c,2,1.0,2.0,0.5,21291.6,10645.8,27c726ca9d6a8b829b3edd6282ba5d6108b0777f22fd46b846e21d409e5bc65c,4771701.0,MG,6890000000000000.0,2670000000000000.0,766.0,1.23e+16,820.0,7202.0,973.0,988.0
27d27b48044caab9cb88f5975859708a0a697f644bd50e4dfb99f1fd03af8fcb,1,2.0,2.0,1.0,8897.13,8897.13,,,,,,,,,,,
27d8ce8df36b843c5ea94958a690a5f369ec680c65faf0b61fb422f2a573e279,1,0.0,0.0,0.0,649.2,649.2,27d8ce8df36b843c5ea94958a690a5f369ec680c65faf0b61fb422f2a573e279,4530703.0,SP,9940000000000000.0,9650000000000000.0,965.0,2660000000000000.0,990.0,318.0,982.0,988.0
27e25d87b660ed7b55f2ce4dc828732f72de7f4d8100a783d719757207201600,1,0.0,0.0,0.0,9875.0,9875.0,27e25d87b660ed7b55f2ce4dc828732f72de7f4d8100a783d719757207201600,2449199.0,SP,8860000000000000.0,9740000000000000.0,961.0,2.22e+16,980.0,0.0,982.0,988.0
27e452b2aa09fa1b6881382c7f70ce5b1d2a39638b4b8981a62b3fe3c866c3ba,1,0.0,0.0,0.0,346.41,346.41,,,,,,,,,,,
27f4dc5e23809bd29cd11f7be5eff93a4913e88799e9198145f9b679a6a59d95,1,0.0,0.0,0.0,832.16,832.16,27f4dc5e23809bd29cd11f7be5eff93a4913e88799e9198145f9b679a6a59d95,9511800.0,SP,6460000000000000.0,9730000000000000.0,526.0,5040000000000000.0,750.0,0.0,823.0,979.0
280777c3a0f1aa73b2ae21cc34577489807f04505502f81f67c5209068b8acc2,1,0.0,0.0,0.0,514.99,514.99,,,,,,,,,,,
2809de01b9b11222fb89c5c0c4a855589fd70a11d695b660ffdd8eb46dfd4600,1,0.0,0.0,0.0,350250.0,350250.0,2809de01b9b11222fb89c5c0c4a855589fd70a11d695b660ffdd8eb46dfd4600,4691500.0,MA,4.06e+16,8580000000000000.0,310.0,9250000000000000.0,600.0,26599.0,839.0,986.0
2820e73472cfd3e96c19b935b74dff735a7f8290b2e59975d7b89ab7f89b5f10,2,8.5,17.0,0.5,11924.300000000001,5962.150000000001,2820e73472cfd3e96c19b935b74dff735a7f8290b2e59975d7b89ab7f89b5f10,4771701.0,SP,9600000000000000.0,8470000000000000.0,953.0,2110000000000000.0,980.0,1308.0,969.0,988.0
2825c6468f0784fa56c1de788377c216aa0404a7cb75abc5c9c62a6f873beb67,1,0.0,0.0,0.0,239.5,239.5,,,,,,,,,,,
282ab788e93c25cba35a544ef11e2c92e48d5bce1f71f8f01ecbdb8d43101b08,1,3.0,3.0,1.0,467.31,467.31,,,,,,,,,,,
2854ed75737f3a9ff11d1d2ecbd0efa6a7e508f07f1a268db1d86644fbc87173,1,0.0,0.0,0.0,84.88,84.88,,,,,,,,,,,
285943680181475ba4f76f44d6bd9c0f9cdc839c19637cd27933602df48c226a,1,0.0,0.0,0.0,404.55,404.55,,,,,,,,,,,
286cef1c821bd8143754ad2b0c2a61316e0d506e109e5062ff136363b78a371e,2,182.0,182.0,1.0,85750.0,42875.0,,,,,,,,,,,
2872ea2a1896aafd315f5d7120a92590064a4c9cd4e498d0d4836036d5cc8fe4,2,2.5,3.0,1.0,288.22,144.11,,,,,,,,,,,
2877bd592493d0b80bbfc988736bdce572fe87e2396130554fd75bc384b2cd32,1,0.0,0.0,0.0,3578.66,3578.66,2877bd592493d0b80bbfc988736bdce572fe87e2396130554fd75bc384b2cd32,1013901.0,GO,8220000000000000.0,7940000000000000.0,882.0,1410000000000000.0,910.0,55474.0,969.0,986.0
28802d985a337ec05d24283b0bda15f1f1e3e10cc9e42a312015ea2b66d52f0b,1,0.0,0.0,0.0,294.69,294.69,,,,,,,,,,,
289e9c2db7fa724abf0a0f8ce77a6de75cbf043b646f2d2f4487f8dc53af4cfb,1,0.0,0.0,0.0,7508.34,7508.34,289e9c2db7fa724abf0a0f8ce77a6de75cbf043b646f2d2f4487f8dc53af4cfb,1359600.0,SC,9920000000000000.0,9150000000000000.0,956.0,2.41e+16,970.0,81.0,979.0,989.0
289eaf178023cd524af203cc4d941e7199be39ecef1f84af913bf65620b82154,2,3.5,4.0,1.0,1858.53,929.265,,,,,,,,,,,
28b69a7a37df75f1158e7bf68c3794e9ae41f949af5d4c85dc93c565b21555b5,1,0.0,0.0,0.0,353.75,353.75,,,,,,,,,,,
28b9f47330f8da25ccf87ca9849a4a3a47b09caf90d45c0e4013533c7ed4fa95,1,0.0,0.0,0.0,2832.24,2832.24,,,,,,,,,,,
28d57ea3a91ece2f372cb2e560bda7431443ea532d75c48a788032aca0e740ac,1,0.0,0.0,0.0,572.64,572.64,28d57ea3a91ece2f372cb2e560bda7431443ea532d75c48a788032aca0e740ac,4782201.0,BA,5620000000000000.0,7720000000000000.0,645.0,1.11e+16,870.0,3775.0,203.0,981.0
28e5853c1b0ac6e286840f3d64e269a1d2dc40799e43528111fbca72c7f08a48,1,0.0,0.0,0.0,313.66,313.66,28e5853c1b0ac6e286840f3d64e269a1d2dc40799e43528111fbca72c7f08a48,4742300.0,SC,8870000000000000.0,1000.0,731.0,28000.0,820.0,113.0,575.0,984.0
28eba530bde5dc56dff81014bfd8657959155fbd4b8e4c346d5b873e1fd9800f,1,1.0,1.0,1.0,1361.99,1361.99,28eba530bde5dc56dff81014bfd8657959155fbd4b8e4c346d5b873e1fd9800f,4754701.0,SC,8100000000000000.0,9840000000000000.0,796.0,177200.0,890.0,0.0,796.0,987.0
28f69d5e1ff4c760fddca68f5f2aab82e4431a1b6e1f82c576f555118e9c212c,3,0.3333333333333333,1.0,0.3333333333333333,817216.61,272405.5366666667,28f69d5e1ff4c760fddca68f5f2aab82e4431a1b6e1f82c576f555118e9c212c,2733300.0,SP,998365000000000.0,8880000000000000.0,956.0,1.8e+16,970.0,68.0,983.0,988.0
290275e9a34605fb60440034591a006ed3fa80a355de8b814ae6fc7b4a6ba20b,1,1.0,1.0,1.0,463.09,463.09,290275e9a34605fb60440034591a006ed3fa80a355de8b814ae6fc7b4a6ba20b,2861500.0,PR,9330000000000000.0,8100000000000000.0,955.0,219016000000000.0,950.0,49.0,982.0,989.0
291c0257b01d70c33cc627801692e5f74b17a2cea17680467937f1d1bc84a503,1,0.0,0.0,0.0,6094.32,6094.32,,,,,,,,,,,
292247a76b224bf9b27de99e8e349953390df8c7b4339c7535366776059c047f,1,0.0,0.0,0.0,1483.89,1483.89,292247a76b224bf9b27de99e8e349953390df8c7b4339c7535366776059c047f,7732202.0,ES,7040000000000000.0,6730000000000000.0,887.0,99875.0,900.0,34842.0,943.0,988.0
292298a8bdfbf7aaf0a94bec686556784d4745027fa8ea02bea4f15ce337533d,1,0.0,0.0,0.0,544.46,544.46,,,,,,,,,,,
29397059bc263d25944a7df7a8cf7b51e0a3307244aba98ec4b7669fb9ca035a,3,0.0,0.0,0.0,141234.06,47078.02,29397059bc263d25944a7df7a8cf7b51e0a3307244aba98ec4b7669fb9ca035a,1411801.0,RJ,5580000000000000.0,9090000000000000.0,487.0,1.31e+16,790.0,19233.0,858.0,986.0
2944bcafb604fbf247d87c69a59748cca9ae0c67f67a2d62cb8f785af5e816f4,1,43.0,43.0,1.0,334.81,334.81,,,,,,,,,,,
2944caf8cf9228488631afc22c3158bd3d796d05559af18a4eee90f4b05f9002,1,2.0,2.0,1.0,1084.5,1084.5,2944caf8cf9228488631afc22c3158bd3d796d05559af18a4eee90f4b05f9002,4781400.0,MG,5360000000000000.0,3.43e+16,354.0,82400.0,790.0,27606.0,852.0,987.0
29717095c354fdcdf4a0ad1df8cc7bc37085904fa1660f1ea94eef775d75861e,1,1.0,1.0,1.0,2128.76,2128.76,,,,,,,,,,,
29a07141d9bb13974d5aadf36a884e50916b577287c53ebf10cddeb512a10255,5,28.6,68.0,1.0,164932.93,32986.585999999996,29a07141d9bb13974d5aadf36a884e50916b577287c53ebf10cddeb512a10255,2593400.0,SP,3.79e+16,7630000000000000.0,233.0,809499000000000.0,510.0,988.0,66.0,965.0
29ca3d98f7c2f8753ce15429ef2035d3abc985a10b40fb250415973ac207cb7e,3,0.0,0.0,0.0,161578.08000000002,53859.36000000001,29ca3d98f7c2f8753ce15429ef2035d3abc985a10b40fb250415973ac207cb7e,2733300.0,SC,9610000000000000.0,9380000000000000.0,946.0,2.22e+16,940.0,18.0,982.0,988.0
29e2940d0ac13dda9b3cb2db5ccf556f5f8ed95c4136fed6ba6bc21e0f0944d7,1,2.0,2.0,1.0,1668.2,1668.2,,,,,,,,,,,
29e58bfb628569fcf4aba421debabfc02cd0fe67cf2eb5219c0f389520025c35,1,2.0,2.0,1.0,212.76,212.76,29e58bfb628569fcf4aba421debabfc02cd0fe67cf2eb5219c0f389520025c35,1322700.0,SP,6630000000000000.0,5230000000000000.0,812.0,9380000000000000.0,920.0,6415.0,980.0,988.0
29f064bee9d56d9fbc4d3c5390d93b26745063af42b0410e1d2b5098a4bf7567,1,1.0,1.0,1.0,97.76,97.76,,,,,,,,,,,
2a2c613f90f59f3217b6946f41859700e21456a5a262a077fbac353925835673,1,0.0,0.0,0.0,996.25,996.25,,,,,,,,,,,
2a34cb52efb878009910085189d45b8d03529b5afc91521f5323f562f3643ce1,1,0.0,0.0,0.0,3796.46,3796.46,2a34cb52efb878009910085189d45b8d03529b5afc91521f5323f562f3643ce1,7732201.0,SP,7990000000000000.0,8490000000000000.0,844.0,1.2e+16,940.0,2952.0,974.0,987.0
2a3e3b50cad1e0d4d3d6e8aca1515a756cb4ad3aafc5d12fe7b5a3f172f3f5b7,1,2.0,2.0,1.0,4714.26,4714.26,,,,,,,,,,,
2a403089cb712c5e6edea9b70cb440257d9cccb57463746df9af9617e68d3d87,1,64.0,64.0,1.0,539.5,539.5,,,,,,,,,,,
2a567a4cd6b63d4a42aad18025cc7e7454132d8cea128397199a4bc256e28a16,1,0.0,0.0,0.0,357.28,357.28,,,,,,,,,,,
2a61c09365d15ebc5813249900b353dfd5e7f16abd6b2e3bb4feb9f56d3c3fe5,1,0.0,0.0,0.0,1270.03,1270.03,,,,,,,,,,,
2a6801b9cdf382de1a3a487ecdc7b77a3df79065ea144fc6d40af3f816a65eb4,1,0.0,0.0,0.0,2194.17,2194.17,2a6801b9cdf382de1a3a487ecdc7b77a3df79065ea144fc6d40af3f816a65eb4,2229301.0,BA,966300000000000.0,9060000000000000.0,803.0,168125.0,960.0,0.0,962.0,988.0
2a80158dedaac143ca32486d8d9dd7efe9032558e6c87c4da528e27481bb9670,12,0.5833333333333334,3.0,0.3333333333333333,6805.36,567.1133333333333,,,,,,,,,,,
2a8269d9c9b1ab6b0e97053746b02ffadfb8b4cb28f2d010844e9ee8530523c9,1,0.0,0.0,0.0,121.5,121.5,2a8269d9c9b1ab6b0e97053746b02ffadfb8b4cb28f2d010844e9ee8530523c9,2731700.0,SP,9840000000000000.0,8870000000000000.0,946.0,2.33e+16,970.0,0.0,981.0,988.0
2a843abddc956ca28ae7d6f10e5cc1e4c1016295fb1cfab770255fb8d7f068ef,2,1.5,3.0,0.5,3105.85,1552.925,2a843abddc956ca28ae7d6f10e5cc1e4c1016295fb1cfab770255fb8d7f068ef,4742300.0,SC,968698000000000.0,5810000000000000.0,764.0,57600.0,900.0,60674.0,862.0,986.0
2a8eb98b9077b1e08efc2fd239b933afef7f30e37957436c25dd57f2cf2d8443,1,20.0,20.0,1.0,710.78,710.78,,,,,,,,,,,
2aa4aa9567adf58edacca442852ef827b0c708631de825a5462fd05094e6c923,1,3.0,3.0,1.0,6034.13,6034.13,2aa4aa9567adf58edacca442852ef827b0c708631de825a5462fd05094e6c923,3102100.0,SP,8130000000000000.0,1000.0,777.0,2030000000000000.0,900.0,25132.0,313.0,982.0
2aa4f0bceaf8107d81a41f415d89d5a06c8ae390a680200b3c2a46b9ecfa2c32,5,0.0,0.0,0.0,3416.5,683.3,2aa4f0bceaf8107d81a41f415d89d5a06c8ae390a680200b3c2a46b9ecfa2c32,4744099.0,SP,8660000000000000.0,6780000000000000.0,950.0,2.16e+16,930.0,3103.0,976.0,989.0
2aaba6c1526fec689b55e2494cbaeda7dd614689871b300c3d43a079a51adee1,1,0.0,0.0,0.0,78.67,78.67,2aaba6c1526fec689b55e2494cbaeda7dd614689871b300c3d43a079a51adee1,4771701.0,PR,785185000000000.0,9660000000000000.0,808.0,160300.0,840.0,1229.0,965.0,986.0
2abc15cb932798e86feb9e38fbad033c329a9c5e5af25ec6ba295054c81adc68,1,1.0,1.0,1.0,2120.0,2120.0,,,,,,,,,,,
2aced40c796e5743916999ef05d1454f28290b58b932db98d7dcc7f35b5b4543,1,0.0,0.0,0.0,1705.0,1705.0,,,,,,,,,,,
2b1255c8b965111a093252300546e2eef9706c801eb0c8ac65bad37ef9727f21,1,0.0,0.0,0.0,729.58,729.58,2b1255c8b965111a093252300546e2eef9706c801eb0c8ac65bad37ef9727f21,4781400.0,PR,7120000000000000.0,1000.0,681.0,1.89e+16,860.0,25237.0,959.0,988.0
2b1e1268e358c21127e0502af1a2541275cb019b5a88eaee8a4a3fca3bb3fa66,1,3.0,3.0,1.0,1358.68,1358.68,2b1e1268e358c21127e0502af1a2541275cb019b5a88eaee8a4a3fca3bb3fa66,4744002.0,PR,2.85e+16,9290000000000000.0,924.0,231600.0,950.0,6188.0,976.0,986.0
2b5f52793e4407b5453244e823fe87af742bca6cd6b5438f3a61865891e7eae0,1,0.0,0.0,0.0,16496.77,16496.77,,,,,,,,,,,
2b6e9191db91968fc8511ca96771cca5a0a88127920a84e92a148b2a9c6e3131,1,0.0,0.0,0.0,261.2,261.2,2b6e9191db91968fc8511ca96771cca5a0a88127920a84e92a148b2a9c6e3131,4771701.0,PR,993826000000000.0,1000.0,963.0,2280000000000000.0,980.0,844.0,983.0,988.0
2b894a48a9ffcaec3d788fb73219cdc555f4eddca9cc0509c09710bb898aa68a,1,1.0,1.0,1.0,1788.87,1788.87,,,,,,,,,,,
2ba53179281f7cb91d0b016bae38dfd2b489cfae6a2bb2e7382eb47282e9b209,1,0.0,0.0,0.0,396.12,396.12,,,,,,,,,,,
2bf7d5249fe7a95743eb17f84541993a51c1b4f81210e268ce25f0562f9e7f8f,1,4.0,4.0,1.0,351.6,351.6,,,,,,,,,,,
2c07f2bd2dedb9f46a8d110dca0b9e00135c80241e5d5d2869222e5a43db5d68,1,0.0,0.0,0.0,3579.15,3579.15,2c07f2bd2dedb9f46a8d110dca0b9e00135c80241e5d5d2869222e5a43db5d68,4646002.0,PE,9900000000000000.0,9180000000000000.0,940.0,2250000000000000.0,950.0,8213.0,979.0,987.0
2c2ce7df3de06237f26bf111d65d4f08256c75c8f5fd5d06e27dea548c5f86b4,1,0.0,0.0,0.0,462.18,462.18,,,,,,,,,,,
2c30d1dc2296ab286b9922e0706e0827d09724996fc26a46209c92bf47134a0c,1,0.0,0.0,0.0,604.46,604.46,,,,,,,,,,,
2c43e5f3d0eeb16c58b9af3af719fba5a17df1f16924205567f6f89218498d47,1,0.0,0.0,0.0,363.3,363.3,,,,,,,,,,,
2c4ddcfa323677b2430120492e4b16269067b707c00dc1a8f81914eae15f9a72,18,0.1111111111111111,1.0,0.1111111111111111,41315.7,2295.3166666666666,2c4ddcfa323677b2430120492e4b16269067b707c00dc1a8f81914eae15f9a72,2823200.0,PR,7590000000000000.0,5290000000000000.0,875.0,1.84e+16,940.0,2651.0,956.0,989.0
2c5eff37955c1d4ffaebd3f1ccb1d27dcc5dbb1249a8199540f407984fb0787e,1,0.0,0.0,0.0,1465.71,1465.71,,,,,,,,,,,
2c62dbb2372073f626cc91870e5f9c05ba748fd1de6c4a9410f4665185a16631,1,0.0,0.0,0.0,550.25,550.25,2c62dbb2372073f626cc91870e5f9c05ba748fd1de6c4a9410f4665185a16631,4742300.0,SC,9460000000000000.0,9450000000000000.0,963.0,238500.0,970.0,0.0,980.0,989.0
2c64685db989d9b5d378495a72bc89c1434aaf28bf10a7bf4a295ab869ad88d3,1,0.0,0.0,0.0,343.56,343.56,,,,,,,,,,,
2c76896b75ff34c042c69840e626f140687b5dda91a680deb22f8ffe2359be8e,3,0.0,0.0,0.0,1898.86,632.9533333333333,,,,,,,,,,,
2cb543c0b415603a3f899c1318f5b3886a60f82599c6a0255bf74e7f3f91be38,1,0.0,0.0,0.0,7411.36,7411.36,2cb543c0b415603a3f899c1318f5b3886a60f82599c6a0255bf74e7f3f91be38,1061901.0,SP,9220000000000000.0,9800000000000000.0,934.0,2.24e+16,940.0,4945.0,978.0,989.0
2cbab7ceb37b87c5cce99cbe02f8ef10a66a3ff3c8c2613de08b1d4cd2b772ab,1,8.0,8.0,1.0,340.66,340.66,,,,,,,,,,,
2cca681862427cf043a26c23cb2f677453ca84322cb9cd3838e76a5ac17e2a39,2,1.0,2.0,0.5,53242.66,26621.33,2cca681862427cf043a26c23cb2f677453ca84322cb9cd3838e76a5ac17e2a39,4722901.0,SP,9890000000000000.0,9470000000000000.0,963.0,240600.0,970.0,0.0,981.0,989.0
2ce95c8ed8e63ebdff3945741829d4ad02ccf66c27d0ed0c2daa7deb4088faeb,1,0.0,0.0,0.0,52.54,52.54,,,,,,,,,,,
2cff1f345c12e1db89100f59dd7fdc0dbdfae8a953aa1d5e267c6806a743a388,1,0.0,0.0,0.0,264.67,264.67,2cff1f345c12e1db89100f59dd7fdc0dbdfae8a953aa1d5e267c6806a743a388,4742300.0,SC,9810000000000000.0,9560000000000000.0,911.0,160500.0,900.0,0.0,971.0,988.0
2d1a1af86799450bf86a2e7b065e282c91d7ef8ae23ba0a63de5b1e39aed05d8,1,0.0,0.0,0.0,432.9,432.9,,,,,,,,,,,
2d22f558b5a8b95f45a194b9697e1da19e6b33feae2ddf6fc5601be15d72653d,1,0.0,0.0,0.0,473.87,473.87,2d22f558b5a8b95f45a194b9697e1da19e6b33feae2ddf6fc5601be15d72653d,3103900.0,SC,5910000000000000.0,3270000000000000.0,672.0,14500.0,780.0,77332.0,857.0,988.0
2d2504ab9d25f3f4bcfa14124878784e4e62b98a7a334b278d21952960e00731,1,0.0,0.0,0.0,796.69,796.69,,,,,,,,,,,
2d470537c5ec3d37aee71f3f6c9b01388edab0e16ab9048cd4c022a982563a9b,2,3.0,6.0,0.5,1511.97,755.985,,,,,,,,,,,
2d586382d9663accc39f6ba7af1e7077f33f9bbc3679b3da9b28afffd9daba1b,1,0.0,0.0,0.0,193.21,193.21,,,,,,,,,,,
2d623189948a2cd658ecd66788639250ff5c28e59c5fa5d55064284d72a682dd,1,0.0,0.0,0.0,301.28,301.28,2d623189948a2cd658ecd66788639250ff5c28e59c5fa5d55064284d72a682dd,2731700.0,SC,9880000000000000.0,9750000000000000.0,961.0,2.53e+16,960.0,0.0,981.0,988.0
2d63be5d720544006822d0fcb7bbdcddbaa11ec6d169926be3649f889c24c8fe,1,17.0,17.0,1.0,5.24,5.24,2d63be5d720544006822d0fcb7bbdcddbaa11ec6d169926be3649f889c24c8fe,4511101.0,RS,894034000000000.0,8790000000000000.0,876.0,2.34e+16,940.0,69.0,952.0,988.0
2d65c0039c7407fec9c9013e405e6bec3d04d7e75a2f2e7a8ff583ddcc24950c,1,0.0,0.0,0.0,556.49,556.49,2d65c0039c7407fec9c9013e405e6bec3d04d7e75a2f2e7a8ff583ddcc24950c,4771701.0,PR,9230000000000000.0,8840000000000000.0,951.0,1.87e+16,980.0,14285.0,981.0,988.0
2d94b7a7d8d4f1b8f3c603ba716d45a428f0ac63fd565a4d090d716d6d4411d0,1,0.0,0.0,0.0,395.64,395.64,2d94b7a7d8d4f1b8f3c603ba716d45a428f0ac63fd565a4d090d716d6d4411d0,4744099.0,SC,9480000000000000.0,1000.0,899.0,210000.0,970.0,0.0,981.0,988.0
2dc21aeec055785f663a15da894bd0606225a118cb6d1798bc68819b668105a6,1,0.0,0.0,0.0,468.0,468.0,,,,,,,,,,,
2dcf86e2a08c274836b25cc7f2eaf850103004d6d8310e6b7c01b46a3bd98fb9,1,188.0,188.0,1.0,736.8,736.8,,,,,,,,,,,
2e1210bf113f384a22d66b4a2bd6fb98e3dffa7a140655c88ba12b3f80745462,4,0.0,0.0,0.0,850253.9500000001,212563.48750000002,,,,,,,,,,,
2e36439a3ffa0bc18778761142f7de2b28193fd00cc96cb79708fa217f32ebb0,1,0.0,0.0,0.0,209.94,209.94,2e36439a3ffa0bc18778761142f7de2b28193fd00cc96cb79708fa217f32ebb0,4771701.0,PR,9950000000000000.0,8890000000000000.0,964.0,2400000000000000.0,980.0,0.0,981.0,988.0
2e424d0a1072fc6d806641422be992dfb48e746b8b5795766763952f025b0719,4,0.5,2.0,0.25,1312.0,328.0,,,,,,,,,,,
2e6981b09e4757cbed6181cb4efb97145d43ac3a42568f6b1409f68b593e02f7,1,34.0,34.0,1.0,413.94,413.94,,,,,,,,,,,
2e81b9b28e732731d4706e85fd478d30a270a01eba713c38b2239181b66713d4,1,0.0,0.0,0.0,545.7,545.7,,,,,,,,,,,
2e9b9c287a6040468c45ab5d116bd479749b33797631bb6ae10c49c2324d218d,1,0.0,0.0,0.0,95.12,95.12,2e9b9c287a6040468c45ab5d116bd479749b33797631bb6ae10c49c2324d218d,4771701.0,PR,8560000000000000.0,1000.0,915.0,30750.0,940.0,76139.0,975.0,989.0
2e9c07b39abd8177e68287296983ea230ef20bd585c11ba6c30851c3a5c2aa35,1,0.0,0.0,0.0,6930.0,6930.0,,,,,,,,,,,
2ec213b761ca340ef51d76bc44cbaa6e74fb0254edcd58970799c7da2597049b,1,0.0,0.0,0.0,513.9,513.9,,,,,,,,,,,
2ecec581057f1516a82736b9edbea1ca632ee7b32dda270cbf396a5049a3ebbd,1,0.0,0.0,0.0,875.0,875.0,,,,,,,,,,,
2ecefe1fb69e2f1951e1e94653cd2e1ffc9563a2e33e49570a1a55f04d7dfd9b,1,0.0,0.0,0.0,523.0,523.0,2ecefe1fb69e2f1951e1e94653cd2e1ffc9563a2e33e49570a1a55f04d7dfd9b,4530703.0,SP,9650000000000000.0,9280000000000000.0,933.0,25109375.0,970.0,24184.0,978.0,987.0
2ed631e2bc0f40e84aa09559257037aaec485fb7a063ec774d047f9f03016bdf,1,0.0,0.0,0.0,13317.5,13317.5,2ed631e2bc0f40e84aa09559257037aaec485fb7a063ec774d047f9f03016bdf,1012101.0,PR,8190000000000000.0,933891000000000.0,574.0,1.23e+16,820.0,14379.0,959.0,988.0
2edb6e3a4cc436cdb4ba0032ff31208d1a6ee37851ffaf12c7b90d6bb7fd1006,2,0.0,0.0,0.0,580000.0,290000.0,2edb6e3a4cc436cdb4ba0032ff31208d1a6ee37851ffaf12c7b90d6bb7fd1006,4771701.0,SP,9610000000000000.0,1000.0,948.0,2.48e+16,960.0,27.0,980.0,988.0
2f0490cd36dc508f912ea313db1744e9e284297c2a3b1f93246982c5b93b9215,8,0.0,0.0,0.0,12050.210000000001,1506.2762500000001,,,,,,,,,,,
2f0f483aa786fbca5d1a917228be945ce0a89ff9575a7ecb89600e9044bf8e7c,2,0.5,1.0,0.5,1086.4,543.2,,,,,,,,,,,
2f1eb42fb96ed1f4cae6876a1a5a71af8bea9a470e8ef30c94fef29250a2c5ce,1,0.0,0.0,0.0,171.68,171.68,,,,,,,,,,,
2f2b06d6871e0d89dc944b00c67ffa592490348c485bbcae7aa42bc873505aa1,1,1.0,1.0,1.0,193.94,193.94,,,,,,,,,,,
2f2cca29cce48e87ada948a837c0f321f1b5531efefd5f4e2101a62ae2f50b1f,1,1.0,1.0,1.0,44249.7,44249.7,2f2cca29cce48e87ada948a837c0f321f1b5531efefd5f4e2101a62ae2f50b1f,1540800.0,RS,9900000000000000.0,9920000000000000.0,938.0,2.51e+16,970.0,0.0,978.0,989.0
2f40c11afd8d3a4a9ac64ba3a2dec74c8ce58054afddd826cbd46522fdf66e08,1,0.0,0.0,0.0,1147.91,1147.91,,,,,,,,,,,
2f4d2bef8724937fa04767b80027134459b9bd79af4afa15a00d38a714ce4061,1,0.0,0.0,0.0,15750.0,15750.0,,,,,,,,,,,
2f73e60fd283ab41f6fef27116a401ea9bba9b709996bd63369f5f850a915654,2,0.0,0.0,0.0,177.12,88.56,,,,,,,,,,,
2f82f1a5d3ad182dde4b13e39204eea7e31195ccf9420c1457948c099e61b481,3,0.3333333333333333,1.0,0.3333333333333333,17615.0,5871.666666666667,2f82f1a5d3ad182dde4b13e39204eea7e31195ccf9420c1457948c099e61b481,4930203.0,SP,6600000000000000.0,7520000000000000.0,631.0,1.33e+16,870.0,4023.0,979.0,989.0
2f893fe7e35cc925617f43a67ce00adb9259d65eb498249ed272f6be68a48873,1,1.0,1.0,1.0,5714.45,5714.45,2f893fe7e35cc925617f43a67ce00adb9259d65eb498249ed272f6be68a48873,4689399.0,SC,9760000000000000.0,952323000000000.0,957.0,2.22e+16,950.0,21171.0,981.0,989.0
2fa7c2fc66bb50323d4dd059b5d2986b36969dae08e5bc4b43474623d15efc4d,1,62.0,62.0,1.0,21867.82,21867.82,,,,,,,,,,,
2fc415ee3bee6344d032fbd300cf71034286b36dfb9a00d151dd4ff0214ae3db,7,0.42857142857142855,1.0,0.42857142857142855,6502.7,928.9571428571428,2fc415ee3bee6344d032fbd300cf71034286b36dfb9a00d151dd4ff0214ae3db,4520001.0,SP,9380000000000000.0,9850000000000000.0,947.0,1.74e+16,940.0,1476.0,980.0,989.0
3000e7c42ebaaabb6ad2d7b538468f6cad4f3db5db538ed6582e20bbe1e6311b,2,0.0,0.0,0.0,233.78,116.89,3000e7c42ebaaabb6ad2d7b538468f6cad4f3db5db538ed6582e20bbe1e6311b,4771701.0,PR,8650000000000000.0,9380000000000000.0,954.0,1.89e+16,970.0,9097.0,983.0,988.0
30180d2558966e76fb70ebe35cd6cbe5c8f96aaafbbb6680edc4330e2127dce9,1,0.0,0.0,0.0,263.28,263.28,,,,,,,,,,,
302c1e2ba8f7819f49ac088967352d1ac8409dc2c0373b98700bcd23e6a905e2,1,0.0,0.0,0.0,4480.0,4480.0,302c1e2ba8f7819f49ac088967352d1ac8409dc2c0373b98700bcd23e6a905e2,2821601.0,SP,8170000000000000.0,8790000000000000.0,881.0,1.63e+16,900.0,3052.0,972.0,989.0
3054dfbabddaae322d6597e3ccabc37b221ca419ed3fee9a17e703b60f3e36b4,1,0.0,0.0,0.0,934.43,934.43,,,,,,,,,,,
307519b7d233dce982cab04117d46fb8beb74aa7ec9c000fea73bce11d1f710c,1,0.0,0.0,0.0,370.0,370.0,,,,,,,,,,,
309f5ac089ee093c1f0dd1e75f1f61feb2ae0519ac19beccbeebeff0386c789d,1,0.0,0.0,0.0,1853.23,1853.23,,,,,,,,,,,
30b091e0a8a1c7a374bbaacd4f31218145e48ccfd88a8d60278e7eac2ad5aa20,5,0.0,0.0,0.0,139135.66,27827.132,,,,,,,,,,,
30b60662a40386ef1af111b79e03ff866bcd4ac27caa1d009f933dacf54a80c2,2,0.0,0.0,0.0,822.4300000000001,411.21500000000003,30b60662a40386ef1af111b79e03ff866bcd4ac27caa1d009f933dacf54a80c2,4744001.0,SC,8890000000000000.0,9360000000000000.0,803.0,2.44e+16,960.0,11665.0,972.0,989.0
30b908c6ba2d5a0792a844407d1c7ee69185c9386ca2be6d90e07f7cb366e1b1,1,62.0,62.0,1.0,21180.0,21180.0,,,,,,,,,,,
30cced298ce4f4f5a0008f99ee2a7ca03974decb7b4f17206c4694f765aed206,1,0.0,0.0,0.0,6410.98,6410.98,,,,,,,,,,,
30db5de3142ea13c1c364ded4b6787d61afd1e058ba33b98e72280da496cdeee,1,1.0,1.0,1.0,1021.5,1021.5,30db5de3142ea13c1c364ded4b6787d61afd1e058ba33b98e72280da496cdeee,4530701.0,CE,6580000000000000.0,7500000000000000.0,442.0,1.14e+16,780.0,3313.0,503.0,964.0
30dd1e8339cb13380ae7f3493740684c5371b95fdf490f389d9af24389fda0c0,1,0.0,0.0,0.0,11487.23,11487.23,30dd1e8339cb13380ae7f3493740684c5371b95fdf490f389d9af24389fda0c0,1330800.0,SC,2.43e+16,50.0,141.0,8340000000000000.0,630.0,61297.0,62.0,771.0
30e778ada5f534258f3a2ce175e0e88a4c0ccffa43e7cb35f043227a165f155f,1,1.0,1.0,1.0,261.57,261.57,,,,,,,,,,,
3118812d006e8b313669641c6abe5b3d9a6c01afd6be9a787b31a08d880fd563,1,0.0,0.0,0.0,2180.23,2180.23,,,,,,,,,,,
31362d843afad017bb9671cbef186794ce875e49aa5cc2661fb4e2afd66da75b,8,0.75,6.0,0.125,30940.9,3867.6125,31362d843afad017bb9671cbef186794ce875e49aa5cc2661fb4e2afd66da75b,2229302.0,PR,4.56e+16,9540000000000000.0,570.0,1.78e+16,880.0,24669.0,189.0,975.0
313700cce94a05c8e161b509d8d84b87472bc900c415e3c4e5f68fd098c5db57,1,0.0,0.0,0.0,2292.64,2292.64,313700cce94a05c8e161b509d8d84b87472bc900c415e3c4e5f68fd098c5db57,4711302.0,GO,9680000000000000.0,8490000000000000.0,917.0,2280000000000000.0,980.0,2055.0,976.0,988.0
3159e09812e19c819dd1075226d9c385593d45585f357228a8c92b226147ea4c,1,0.0,0.0,0.0,1390.66,1390.66,,,,,,,,,,,
316039a639edf40b32f63b9023d0ce0a79a5bc5d6e3764a038729e1b82fc10b6,1,0.0,0.0,0.0,1346.1,1346.1,316039a639edf40b32f63b9023d0ce0a79a5bc5d6e3764a038729e1b82fc10b6,4930202.0,SC,9640000000000000.0,9150000000000000.0,909.0,1830000000000000.0,960.0,209.0,981.0,988.0
31a9481eeb3dd0b43e19688bb2ea7d3c5fa2f16b9ff126c02586e1c9cefd8e22,1,0.0,0.0,0.0,772.4,772.4,31a9481eeb3dd0b43e19688bb2ea7d3c5fa2f16b9ff126c02586e1c9cefd8e22,4729699.0,SP,958690000000000.0,1000.0,962.0,2240000000000000.0,970.0,0.0,983.0,988.0
31aa43e35784539a267936f53390ec64c1d2f8efb67f40bd8662d4e738bac1b3,1,0.0,0.0,0.0,199079.81,199079.81,31aa43e35784539a267936f53390ec64c1d2f8efb67f40bd8662d4e738bac1b3,2840200.0,RS,1690000000000000.0,9770000000000000.0,114.0,1.22e+16,530.0,14273.0,570.0,987.0
31b531ae63ae3c9f8387726a089c98fa4efb9a7b41b62bc935c6825ef460f3ef,2,0.0,0.0,0.0,871.3,435.65,31b531ae63ae3c9f8387726a089c98fa4efb9a7b41b62bc935c6825ef460f3ef,4511101.0,PR,9310000000000000.0,6680000000000000.0,599.0,2.04e+16,890.0,581.0,948.0,989.0
31c504eb72f409d243da1f395d80ad50bbfbfa2633ae7e250d972a0f27d6fd62,1,7.0,7.0,1.0,730.0,730.0,31c504eb72f409d243da1f395d80ad50bbfbfa2633ae7e250d972a0f27d6fd62,4771702.0,MA,4.03e+16,3580000000000000.0,686.0,1.72e+16,860.0,6016.0,91.0,960.0
31c813fae7706ea0b377934ed151e38aae91f739ae3879c0e5218990829a0feb,2,1.0,1.0,1.0,439296.0,219648.0,31c813fae7706ea0b377934ed151e38aae91f739ae3879c0e5218990829a0feb,4635402.0,SC,5880000000000000.0,9390000000000000.0,787.0,135000.0,790.0,22261.0,977.0,985.0
31ccda0fa3341d4aaa04b9a21a57c493f52db639b855c5261777d345d8d21a51,1,0.0,0.0,0.0,1222.16,1222.16,31ccda0fa3341d4aaa04b9a21a57c493f52db639b855c5261777d345d8d21a51,4742300.0,PR,980719000000000.0,9450000000000000.0,952.0,1.87e+16,950.0,927.0,980.0,989.0
31cd4b1c3b014d02dbbba7beae01fa32b67aa7b5447ecb58ac7f36bc771cda49,1,2.0,2.0,1.0,866.66,866.66,,,,,,,,,,,
320e7c08b9b8f7a8bed9ddee58e605207a73cf8d98d29ec83a88ab754ff2e150,3,0.0,0.0,0.0,1237.57,412.5233333333333,320e7c08b9b8f7a8bed9ddee58e605207a73cf8d98d29ec83a88ab754ff2e150,4771701.0,PR,9790000000000000.0,1000.0,950.0,2.18e+16,980.0,2895.0,983.0,988.0
3234727618baf039c503cce23a1e046c752d2676d69308e3ac37ee162d84c7e3,1,0.0,0.0,0.0,4256.29,4256.29,,,,,,,,,,,
324f98945f61bc4493cf59ebfce36378098b4be3d4c4be15ebc89e9e1b443c70,1,1.0,1.0,1.0,591.6,591.6,,,,,,,,,,,
32599c6892c56a10ec96da22c8530b89d0cedadb2356b100fbdf27148d7cf127,2,0.0,0.0,0.0,11162.15,5581.075,32599c6892c56a10ec96da22c8530b89d0cedadb2356b100fbdf27148d7cf127,2062200.0,SP,90983500000000.0,935712000000000.0,894.0,1.72e+16,900.0,13109.0,966.0,989.0
32662e6a6ffcbaf52c6b18d72fdd8a3dc28a334a106160b1ec378e5f88499829,1,0.0,0.0,0.0,1178.0,1178.0,32662e6a6ffcbaf52c6b18d72fdd8a3dc28a334a106160b1ec378e5f88499829,4930203.0,PR,927131000000000.0,1000.0,932.0,1.89e+16,710.0,611.0,979.0,988.0
3275c2390cb34073400d92449b6837f3082b1a2b2eb0a3604a1b4291c1d36f80,1,0.0,0.0,0.0,78.4,78.4,3275c2390cb34073400d92449b6837f3082b1a2b2eb0a3604a1b4291c1d36f80,4771701.0,PR,9930000000000000.0,1000.0,952.0,2.4e+16,970.0,0.0,977.0,989.0
32992f897f5871d1798c17f9514331279eb50134e16e0d23efa7bc46066a14a0,1,7.0,7.0,1.0,446.12,446.12,,,,,,,,,,,
329deebc2328ee0776b412902ec8b1e32c61b9587d10635bc9e74f38a850710b,1,2.0,2.0,1.0,394.51,394.51,,,,,,,,,,,
32ace86d8673cdef50de53317a3d00ba9313edcb538f5a077154e239c5af2693,1,0.0,0.0,0.0,2052.0,2052.0,32ace86d8673cdef50de53317a3d00ba9313edcb538f5a077154e239c5af2693,4712100.0,MG,9620000000000000.0,4970000000000000.0,940.0,2390000000000000.0,940.0,4.0,976.0,989.0
32d39f3f5fea3a940605b346ecea4583f505e81c3fed975a5a3271b53d47eda0,3,3.3333333333333335,10.0,0.3333333333333333,1323.3999999999999,441.13333333333327,,,,,,,,,,,
32d9864b23824f555daaf37e96bf6dd3c624f7207da009ded14b97155c2a6542,1,0.0,0.0,0.0,44.94,44.94,,,,,,,,,,,
32db2f84b28fd756455ee98ce839b7120cb7078fdec329565a2a2e516047605c,2,17.0,17.0,1.0,46737.84,23368.92,32db2f84b28fd756455ee98ce839b7120cb7078fdec329565a2a2e516047605c,2229302.0,SP,7470000000000000.0,1000.0,871.0,2264375.0,920.0,17921.0,942.0,988.0
33039c10beb2cb1c653b297ea324f73b2e3d24622037dc18ea07335efcaff102,1,4.0,4.0,1.0,443.1,443.1,,,,,,,,,,,
330823926ad12050c2b7af89dc6d9d17116805c2b41ff26a0157e07acad05956,1,1.0,1.0,1.0,193.58,193.58,,,,,,,,,,,
330926015041c544b82879f6f9ea0e9b9d6e3c236e11724dd25e501ddaf52be4,1,1.0,1.0,1.0,63013.82,63013.82,330926015041c544b82879f6f9ea0e9b9d6e3c236e11724dd25e501ddaf52be4,4711301.0,SP,7090000000000000.0,9320000000000000.0,855.0,1.95e+16,920.0,5406.0,970.0,987.0
3310ad964b23c3a8b2f7ca5ffca4e09a1db5181c1f1422ddddd5851b897368aa,1,4.0,4.0,1.0,136.2,136.2,,,,,,,,,,,
3310f90fa087f0d92a53c8970739af3627fc48fde8a75677e14860dbe84208ec,3,0.3333333333333333,1.0,0.3333333333333333,716063.99,238687.99666666667,3310f90fa087f0d92a53c8970739af3627fc48fde8a75677e14860dbe84208ec,4651601.0,SP,6520000000000000.0,6670000000000000.0,791.0,1.9e+16,910.0,5731.0,979.0,989.0
3311e1a1d6e584f4740ebf97d98aad9c0cb862726b5f425520ecc99f41d27403,1,8.0,8.0,1.0,253.2,253.2,3311e1a1d6e584f4740ebf97d98aad9c0cb862726b5f425520ecc99f41d27403,4754703.0,SC,9830000000000000.0,2840000000000000.0,114.0,1.23e+16,600.0,12711.0,59.0,704.0
331bf7530aa22a1c40b6e3402e15a6c516d976eca8c7182d5ec1e08c6e3a1093,1,20.0,20.0,1.0,776.27,776.27,,,,,,,,,,,
332412f3706fe055e7bc1b3f7a1b79ae3d76575c064e2f260e376f1fa7265fc0,1,2.0,2.0,1.0,250992.0,250992.0,,,,,,,,,,,
332a83a21849b3501494021c208398b7384172393c2b7198f8d3d03356c72d65,1,0.0,0.0,0.0,1291.8,1291.8,332a83a21849b3501494021c208398b7384172393c2b7198f8d3d03356c72d65,4930202.0,SP,8870000000000000.0,8910000000000000.0,955.0,1830000000000000.0,950.0,2332.0,973.0,988.0
3330e245119b2c29f896a616b6089e1cd6fc24bffea8b271aa7db3b66f3324f5,1,5.0,5.0,1.0,2386.56,2386.56,3330e245119b2c29f896a616b6089e1cd6fc24bffea8b271aa7db3b66f3324f5,4729699.0,SP,9150000000000000.0,9250000000000000.0,940.0,2.21e+16,940.0,3469.0,954.0,986.0
333801b4183b8a249cf62ff3d8d2d6ff159c0f97151cb4df0b538930355cfc4f,1,0.0,0.0,0.0,103.92,103.92,,,,,,,,,,,
3341f8b783c40e584e1e37457c963691a16e49fd964a6f334aa6ab92352d22f1,5,0.0,0.0,0.0,434642.63,86928.526,,,,,,,,,,,
33474c5b5467caf2c4202224fc812ec053a4ac33c56a8ddeee87f7ba52e703ac,4,20.25,68.0,0.75,179605.85,44901.4625,33474c5b5467caf2c4202224fc812ec053a4ac33c56a8ddeee87f7ba52e703ac,4639701.0,SP,513300000000000.0,8110000000000000.0,360.0,7270000000000000.0,720.0,908.0,807.0,988.0
334c12c4532ddafc59fc72b6f030719063943618561fc552e300be8ea89719d5,1,2.0,2.0,1.0,59544.85,59544.85,334c12c4532ddafc59fc72b6f030719063943618561fc552e300be8ea89719d5,2222600.0,SC,9080000000000000.0,9260000000000000.0,880.0,1.76e+16,750.0,3209.0,981.0,989.0
3358c2f983391f7a5bc61449bc32a350466d1731453493a10f0e6b68e169a4a4,1,0.0,0.0,0.0,226.04,226.04,,,,,,,,,,,
336253fb694851f87c3fcea0f08bcff673070a5aae468f6ab07e503f25184d69,1,0.0,0.0,0.0,864.52,864.52,336253fb694851f87c3fcea0f08bcff673070a5aae468f6ab07e503f25184d69,4721102.0,DF,9740000000000000.0,1000.0,963.0,2.13e+16,970.0,8827.0,982.0,989.0
3364c42738e462c15a261cbe26362a809ba23ec72690e131300d63d2b7073dec,1,8.0,8.0,1.0,22451.94,22451.94,,,,,,,,,,,
33727e7e64df6ceaf689eaef0f7f381961f8b73dfd630504668d9f558aa1abcd,2,0.0,0.0,0.0,986.5500000000001,493.27500000000003,,,,,,,,,,,
338290320a78acce290f2f02d28b4efea12c1f242fdf9a71fa77cf05dd9eb088,1,0.0,0.0,0.0,1091.87,1091.87,,,,,,,,,,,
33ab72116ba6512ea93fdd0fd0c54ab8edd71000b90f570e5cb55a7d296219c9,1,0.0,0.0,0.0,4455.55,4455.55,33ab72116ba6512ea93fdd0fd0c54ab8edd71000b90f570e5cb55a7d296219c9,4711302.0,GO,9560000000000000.0,1000.0,964.0,2.28e+16,960.0,1246.0,983.0,989.0
33af30d761e617e28b4e23326de4c0075d0a6a25ca4e1be8eaf2a676c1d0e891,1,1.0,1.0,1.0,12733.2,12733.2,,,,,,,,,,,
33b1c9229102cabf0cb5bfd205a67e823fb52f9c92b7f7ff48cb2287b3c46e98,3,0.3333333333333333,1.0,0.3333333333333333,1218.87,406.28999999999996,,,,,,,,,,,
33df23bc84aa20762fa1c3e25c387de1842817a01ac2c38bd39565255710ff1d,1,0.0,0.0,0.0,474.06,474.06,,,,,,,,,,,
3435128cc718f6dfbedaed021c22c742f8de37069bc8c0c28bce21ca59c059aa,1,1.0,1.0,1.0,360.52,360.52,,,,,,,,,,,
3436c377830cf6cbbf6c9fdecdfe59bccf23365fac715e3a83b8c29948c65f6e,1,0.0,0.0,0.0,449.6,449.6,,,,,,,,,,,
3452493ec5edc2bec4107057451cdf79158c8e45e180d2c504f781192b1af3c8,1,0.0,0.0,0.0,4610.82,4610.82,3452493ec5edc2bec4107057451cdf79158c8e45e180d2c504f781192b1af3c8,4772500.0,PR,967306000000000.0,5360000000000000.0,946.0,2.03e+16,960.0,189.0,976.0,988.0
351cd6d52683f34b2a903ecf54a05a979b8aaebc0651609fe819cc42db9c06a3,1,0.0,0.0,0.0,175.4,175.4,351cd6d52683f34b2a903ecf54a05a979b8aaebc0651609fe819cc42db9c06a3,4771701.0,PR,9750000000000000.0,1000.0,950.0,2090000000000000.0,970.0,10119.0,979.0,989.0
35345ce36f5b4bae10827ea38ef5b49abb4aed4da89547f657c3b8678d02570b,1,0.0,0.0,0.0,516.16,516.16,,,,,,,,,,,
3539e771e87b659d891b503c90df9ede2f163e765126aab12ab5a5e0cf0d6b9b,1,2.0,2.0,1.0,571.8,571.8,3539e771e87b659d891b503c90df9ede2f163e765126aab12ab5a5e0cf0d6b9b,4781400.0,RS,8290000000000000.0,8210000000000000.0,756.0,140000.0,920.0,0.0,932.0,987.0
354f60034a582155775588b403dde2b0a98814db4c9c16d696803dd6a0b4ccff,1,1.0,1.0,1.0,7704.23,7704.23,,,,,,,,,,,
355617e7fab77eb1b4834f51315fd7004d19a98f2173d2ab8aedd009463fc8a0,2,64.0,128.0,0.5,4927.32,2463.66,355617e7fab77eb1b4834f51315fd7004d19a98f2173d2ab8aedd009463fc8a0,4644301.0,CE,2800000000000000.0,7730000000000000.0,349.0,8630000000000000.0,690.0,25057.0,176.0,974.0
3560a238e4aca4d7f033ab892bc48262f45b7c3318993985454e270d2dee31e1,2,0.0,0.0,0.0,2791.17,1395.585,3560a238e4aca4d7f033ab892bc48262f45b7c3318993985454e270d2dee31e1,6209100.0,PR,6130000000000000.0,765986000000000.0,559.0,1.4e+16,830.0,564.0,946.0,987.0
35774d16c090d03c475ed1b3ce638c667a60d2ad3f91c18c1f319064667a19c0,1,1.0,1.0,1.0,214.18,214.18,35774d16c090d03c475ed1b3ce638c667a60d2ad3f91c18c1f319064667a19c0,2061400.0,PR,9940000000000000.0,9870000000000000.0,965.0,2400000000000000.0,960.0,0.0,983.0,989.0
3577d416e4cab6e52cd28f1edd7910cd8d1b6d8ba229f9463464783461096514,10,0.2,1.0,0.2,389331.26,38933.126000000004,,,,,,,,,,,
358d274c6f3273a4ff62ecc57b6af402e7eacc127e7fe1da3ca133eb6019a04e,2,2.0,2.0,1.0,581733.12,290866.56,358d274c6f3273a4ff62ecc57b6af402e7eacc127e7fe1da3ca133eb6019a04e,2222600.0,SC,7670000000000000.0,9660000000000000.0,598.0,1.9e+16,900.0,2479.0,972.0,988.0
35a71d20ace5feda1a316b37d759d93dae85d311aaecd71f9f1e19f865c56b25,1,0.0,0.0,0.0,918.28,918.28,,,,,,,,,,,
35f29b6fbc1433dfc091ad06c6071995174828c910da66851bc7d1a1fd42cae5,2,1.0,2.0,0.5,5013.04,2506.52,35f29b6fbc1433dfc091ad06c6071995174828c910da66851bc7d1a1fd42cae5,3299005.0,SP,9900000000000000.0,8660000000000000.0,912.0,153000.0,930.0,0.0,972.0,989.0
36064559dcadd80039cde4839b68fa13dba0eed3a93da237bade28367823cce6,1,0.0,0.0,0.0,126.29,126.29,,,,,,,,,,,
3607d32d033fb87bb0f2476ddd14d3a3483e87210b398270ee92fcd7a6257632,1,1.0,1.0,1.0,1106.87,1106.87,,,,,,,,,,,
3628b93465385ce2b5903b29cb6a64479d72e7105c45f6feb29c3a3cbbe1ffea,1,0.0,0.0,0.0,3200.0,3200.0,,,,,,,,,,,
362a68131f90f06546afc128fea70e638f504eef058bb9c02050d7bb0fc7a748,2,0.0,0.0,0.0,707.59,353.795,,,,,,,,,,,
363f14e287fea2f712d065f888de77db3cd139c0ece16fafe60140f3e131b983,1,1.0,1.0,1.0,7924.42,7924.42,,,,,,,,,,,
3643f7ed46e0f71abab08862d3ecd21cd97019f1ee5988d3207b186187d92851,1,2.0,2.0,1.0,66.29,66.29,,,,,,,,,,,
36558f3000fae80b0a78a718e81d2fb974e75e4a3af0926786a462243c0b69bb,1,0.0,0.0,0.0,1114.2,1114.2,,,,,,,,,,,
365a17c885f4b767c1466463dfaaa1d3219fed4648a0e17f8b364dc9f221fd3e,1,0.0,0.0,0.0,1977.09,1977.09,365a17c885f4b767c1466463dfaaa1d3219fed4648a0e17f8b364dc9f221fd3e,4781400.0,PR,8990000000000000.0,50.0,925.0,1640000000000000.0,980.0,1829.0,982.0,989.0
3683e498fd2edafe869202783419cb2c9d06c60c4a63e18072ff52b329e22993,2,0.5,1.0,0.5,539201.16,269600.58,,,,,,,,,,,
3694bcb61ad7fdc58eeec476e8f06aa2babee6541b2f0308e8116378a15992a8,1,0.0,0.0,0.0,1574.93,1574.93,,,,,,,,,,,
36a19daf91a10d4eec8a6efd85b50fc5cbe73e2a168cef05ab8ebd46389889ee,1,0.0,0.0,0.0,177.68,177.68,,,,,,,,,,,
36a4257f7239b5c3026fb1a7c494a00bffb6f3cc93fb5e0b432a0ca51ccbaa51,1,4.0,4.0,1.0,427.51,427.51,36a4257f7239b5c3026fb1a7c494a00bffb6f3cc93fb5e0b432a0ca51ccbaa51,6920601.0,SC,9860000000000000.0,8610000000000000.0,847.0,235000.0,830.0,0.0,861.0,983.0
36bb0b80646c7b7a5258146f13da7b9830cac081ff5a1879c793c2e6b79f3852,9,0.0,0.0,0.0,69835.85,7759.538888888889,36bb0b80646c7b7a5258146f13da7b9830cac081ff5a1879c793c2e6b79f3852,2593400.0,SP,965055000000000.0,6980000000000000.0,953.0,2.3e+16,950.0,7165.0,979.0,988.0
36bd0fb2aff605de694d907a2bcaa47bdce59298e77d535de1ad1434989e9e1e,2,0.0,0.0,0.0,1839.3899999999999,919.6949999999999,,,,,,,,,,,
36cd2d4bc327702d87d18e5760e3679904a4f3de2b5071bfc09e9b88a4d2c25a,1,0.0,0.0,0.0,551.64,551.64,36cd2d4bc327702d87d18e5760e3679904a4f3de2b5071bfc09e9b88a4d2c25a,4742300.0,SC,988282000000000.0,2.16e+16,879.0,228800.0,970.0,0.0,970.0,988.0
36dd44d53b525f3d827819797cde8974f961c4c9d413c4eb64f5a0b87fc8fa70,1,0.0,0.0,0.0,120998.64,120998.64,,,,,,,,,,,
3700804c79f34800a061cd4e832749640c084b85a56b26bc8ce7f15a847e8065,1,1.0,1.0,1.0,8296.35,8296.35,3700804c79f34800a061cd4e832749640c084b85a56b26bc8ce7f15a847e8065,4723700.0,SP,8790000000000000.0,8840000000000000.0,859.0,1.81e+16,930.0,269.0,975.0,989.0
3709b8fc22940f82699893e1d5ccd85fffab3cb8645e2d5b8d491a28d577e124,1,8.0,8.0,1.0,519.77,519.77,,,,,,,,,,,
37111538b4924b0bcc81cec24eaeba22bd64789480462751ad7caf4765a4e662,1,2.0,2.0,1.0,4162.86,4162.86,37111538b4924b0bcc81cec24eaeba22bd64789480462751ad7caf4765a4e662,4642701.0,SC,6630000000000000.0,6080000000000000.0,779.0,1.32e+16,890.0,64914.0,833.0,986.0
371a249576cd16860d46c75a55526e7bd19a0ada22137c7370623bc07bcfd2e6,1,0.0,0.0,0.0,673.4,673.4,371a249576cd16860d46c75a55526e7bd19a0ada22137c7370623bc07bcfd2e6,1411801.0,MG,6520000000000000.0,1000.0,890.0,1.59e+16,820.0,62394.0,895.0,983.0
37439adbebf487038c57e4839277c353f7c8ba3f3d1c20f4cd96be16d0c5df2f,1,0.0,0.0,0.0,182.59,182.59,,,,,,,,,,,
374c2d47d6f6a2acaf0d076350a49929984cf4bcffe0200aee577ceec755f855,1,0.0,0.0,0.0,89038.74,89038.74,374c2d47d6f6a2acaf0d076350a49929984cf4bcffe0200aee577ceec755f855,2733300.0,SP,979081000000000.0,8610000000000000.0,949.0,1830000000000000.0,910.0,3063.0,980.0,988.0
376f87f863c94f25625b27fba39fc37763ea834245b8e484125e9837dce97824,1,0.0,0.0,0.0,1071.25,1071.25,,,,,,,,,,,
37749fc1f24b170c40fde9c10e124debd8ed1be64e7edfee2ab719207226b9e6,1,1.0,1.0,1.0,145.1,145.1,,,,,,,,,,,
377ab96e9ecd703c64ec3a45fd18395eb960711aefeb45573cd47d0fc0db6232,1,2.0,2.0,1.0,1727.21,1727.21,377ab96e9ecd703c64ec3a45fd18395eb960711aefeb45573cd47d0fc0db6232,4741500.0,MG,972964000000000.0,9040000000000000.0,911.0,1.59e+16,920.0,0.0,972.0,985.0
3790f9c5c35b70493b6975cb75c15913711e7a3d9c714b458d725ddbcf71a966,1,0.0,0.0,0.0,1931.77,1931.77,,,,,,,,,,,
37b768e46e89ff270c6a15eafa2b027670c3018391e6b2fa4c4225456f83cfe3,1,6.0,6.0,1.0,12647.14,12647.14,37b768e46e89ff270c6a15eafa2b027670c3018391e6b2fa4c4225456f83cfe3,4686902.0,GO,8780000000000000.0,7540000000000000.0,548.0,2610000000000000.0,900.0,0.0,731.0,983.0
37d31fe0db23db7cb613ebc7d5faa41b81ea4c443012982917173fd22cf23aa6,1,0.0,0.0,0.0,779.4,779.4,,,,,,,,,,,
37db003aad9b1117cbd996c301c83cb15b0f6f1663b7c7252dcbdc39243b0d2c,1,0.0,0.0,0.0,755.0,755.0,,,,,,,,,,,
37e58360969211e74359a39dec5d9ae490a04aee626e66163ad4116605cf5a82,9,0.0,0.0,0.0,19436.56,2159.617777777778,37e58360969211e74359a39dec5d9ae490a04aee626e66163ad4116605cf5a82,4679699.0,MT,9690000000000000.0,8060000000000000.0,965.0,2.32e+16,980.0,0.0,981.0,988.0
380c3ff0599edee8b3ddaf7388ffba12c4fe878fbce20c7b0986490d9e9e3f73,1,0.0,0.0,0.0,135.4,135.4,380c3ff0599edee8b3ddaf7388ffba12c4fe878fbce20c7b0986490d9e9e3f73,4771701.0,PR,8260000000000000.0,1000.0,888.0,6.18e+16,980.0,11212.0,976.0,989.0
380d46612cd3478af75e0c44b8dde7a233afd6987c4e42c9f26d2bb448f9d4a5,1,0.0,0.0,0.0,75.47,75.47,,,,,,,,,,,
3819bf3f7c2744955330752b3cb803aa01b911c067626d7640b433f053dbab36,1,0.0,0.0,0.0,620.46,620.46,,,,,,,,,,,
381b6e36d4400b90b291faaf4b8ca541a866dfa2ba779e9750da1521de1ed043,1,0.0,0.0,0.0,459.56,459.56,,,,,,,,,,,
383a5b130c4ffc93483127fdc578bcd0dea3a416ffdcc88b3c1dc4bc1b7093fe,1,0.0,0.0,0.0,2338.92,2338.92,383a5b130c4ffc93483127fdc578bcd0dea3a416ffdcc88b3c1dc4bc1b7093fe,2731700.0,SP,1000.0,9120000000000000.0,920.0,2.5e+16,950.0,0.0,975.0,987.0
3846e184cf757f0e4f246993940987101ec96509d96ce5c88678e2892f9165fa,1,57.0,57.0,1.0,50000.0,50000.0,3846e184cf757f0e4f246993940987101ec96509d96ce5c88678e2892f9165fa,4623109.0,ES,1.86e+16,7110000000000000.0,811.0,120200.0,610.0,62767.0,240.0,963.0
38489c0e4c7a2204a249f8d41c0a884362d34beab37a7b7b641a7f31a71938f6,1,0.0,0.0,0.0,3214.56,3214.56,38489c0e4c7a2204a249f8d41c0a884362d34beab37a7b7b641a7f31a71938f6,4120400.0,SP,8150000000000000.0,5740000000000000.0,496.0,1.01e+16,790.0,15193.0,923.0,987.0
3851a7b864e0286fecd66db3e7ea1c681c6aa8b058562eee245681655989506a,1,0.0,0.0,0.0,758.99,758.99,3851a7b864e0286fecd66db3e7ea1c681c6aa8b058562eee245681655989506a,4511101.0,ES,9480000000000000.0,656303000000000.0,952.0,2420000000000000.0,950.0,0.0,979.0,989.0
385a77857182908c1e81ffe56b25f0a99d96887cd6863a553447fa15862e9595,1,0.0,0.0,0.0,582.5,582.5,,,,,,,,,,,
3861fc4dec03c2d07c2dbd7f3d80408b50e372c43e33b954d824069c6fa68956,1,0.0,0.0,0.0,82.45,82.45,,,,,,,,,,,
3881d929a26ee92e746463f29d58b0d087de4333aadc72141b45dc22a575a720,1,0.0,0.0,0.0,3955.0,3955.0,,,,,,,,,,,
388a225124d5e21350c3e52950d1ac779122577b8b153b28d28fdf2ec0309c44,1,0.0,0.0,0.0,379.0,379.0,,,,,,,,,,,
3898c9e64f56aa8b4f911a473f4aafc84d3999912214e349c27c2617cd8866e9,1,0.0,0.0,0.0,12326.8,12326.8,,,,,,,,,,,
38aa159485b3709c42f031d500ff762e3907b6aa3f9466bdb84144d51c52476c,1,1.0,1.0,1.0,22120.78,22120.78,38aa159485b3709c42f031d500ff762e3907b6aa3f9466bdb84144d51c52476c,2441502.0,SP,421660000000000.0,6940000000000000.0,965.0,2.48e+16,970.0,0.0,983.0,989.0
38bc5553dcf877acb0773bff413ec1ad755d076d58cb71c469c48bf62f7285bd,3,0.3333333333333333,1.0,0.3333333333333333,2395.1,798.3666666666667,38bc5553dcf877acb0773bff413ec1ad755d076d58cb71c469c48bf62f7285bd,4729699.0,DF,970295000000000.0,9370000000000000.0,918.0,2.43e+16,940.0,1374.0,971.0,988.0
38cfe1ba5f3475cc1fdbd84b9c86704824928de42299fec4a0e58d0c052dda01,3,1.0,2.0,0.6666666666666666,1834.16,611.3866666666667,38cfe1ba5f3475cc1fdbd84b9c86704824928de42299fec4a0e58d0c052dda01,1813099.0,SP,9690000000000000.0,9550000000000000.0,927.0,241000.0,950.0,0.0,977.0,986.0
38e8fdf432c05a5e4ad96c2345444a2dcaa2bc408919f760ce9aba6f63b05d53,1,0.0,0.0,0.0,1073.85,1073.85,,,,,,,,,,,
390b262f99f136f6fdaf17926991386f83a4dcec9c756623638234aa81b76aac,1,0.0,0.0,0.0,1216.0,1216.0,,,,,,,,,,,
39107ef4fc4de3f511afbba93d9ce271023c61040ca5c4c7842d940882d4cd10,1,0.0,0.0,0.0,67500.0,67500.0,39107ef4fc4de3f511afbba93d9ce271023c61040ca5c4c7842d940882d4cd10,4644301.0,SP,8680000000000000.0,1000.0,942.0,2.42e+16,970.0,0.0,981.0,988.0
391653ceeb9363a5aec7db49c553a8bb51e4d51888accf9f6b007d3d286ff20c,13,0.07692307692307693,1.0,0.07692307692307693,3933.64,302.5876923076923,391653ceeb9363a5aec7db49c553a8bb51e4d51888accf9f6b007d3d286ff20c,4771701.0,SP,978955000000000.0,92137400000000.0,944.0,2.48e+16,980.0,0.0,970.0,988.0
3918aa444903cfab14213046ded6130b9926334d7aabddb54f73d297ef94ecf1,2,6.5,13.0,0.5,1116.8200000000002,558.4100000000001,3918aa444903cfab14213046ded6130b9926334d7aabddb54f73d297ef94ecf1,3292202.0,PB,2.49e+16,6860000000000000.0,107.0,9020000000000000.0,520.0,19905.0,63.0,820.0
392e77f0b67d0d68615bce04239e08811274d7139203082f188046a034e88bbb,1,0.0,0.0,0.0,1239.84,1239.84,,,,,,,,,,,
393189bf4f534277793455b929e2e9ff0421fb8509217897e03648677ec6767b,1,0.0,0.0,0.0,404.25,404.25,393189bf4f534277793455b929e2e9ff0421fb8509217897e03648677ec6767b,6920601.0,MG,2250000000000000.0,8200000000000000.0,693.0,0.0,780.0,0.0,305.0,804.0
39433ae72281095ade716a00b304f2563726aca445d8f1791daea8209f5850b0,1,18.0,18.0,1.0,669.97,669.97,,,,,,,,,,,
39529d2d8f323731735e1b13a7f041dba45e8e301b3557e3f1b8be006490db11,1,21.0,21.0,1.0,779.96,779.96,,,,,,,,,,,
395c55d0aa5dffa45ea56f374b1f7f9a268edaeddbfb28d25045691d6437f45b,1,0.0,0.0,0.0,803.12,803.12,,,,,,,,,,,
396fb9db79d1e91d50c61f580acbe8c30f669bc0fb1532b000b6cce1545025f3,1,0.0,0.0,0.0,639.37,639.37,,,,,,,,,,,
39711242e073ec7308803d0f01f6a8e9443a584ce64d9be0c67d193c18865779,1,1.0,1.0,1.0,530.34,530.34,,,,,,,,,,,
3998eedd9e5195e7be9614c5532f327fc3545f092eeffd74aea93d9004b5073a,1,20.0,20.0,1.0,2133.84,2133.84,,,,,,,,,,,
399eb4a2b080d58daeba88c26ccc1d3187871d327d842596430f16ddeb18543e,1,4.0,4.0,1.0,7660.69,7660.69,399eb4a2b080d58daeba88c26ccc1d3187871d327d842596430f16ddeb18543e,1742799.0,SC,6140000000000000.0,7150000000000000.0,477.0,1.12e+16,820.0,24664.0,773.0,964.0
39ad7e88d418f786a8b2e01d87ca05fc30462d1b00d3c55dedd259190373a8af,1,0.0,0.0,0.0,77.14,77.14,,,,,,,,,,,
39d72b6047f3573ac1407bfc2436ded8b635e84cc56aaa96a5d16db3facf0cf2,1,1.0,1.0,1.0,199.29,199.29,,,,,,,,,,,
39e1b53d62659c581b97a0d7a70cb33e6c65e9154eb3b17d9fe5b054d77e5d92,1,0.0,0.0,0.0,380.88,380.88,,,,,,,,,,,
39ede6a12663797f243d269b09e37d07f0a54a2928413dd194d7418d3f675885,1,0.0,0.0,0.0,1200.0,1200.0,,,,,,,,,,,
39f1b7de2d7f7e94a3711194fff411ee2fdf8042030551410c8cba7b198dff94,3,0.6666666666666666,2.0,0.3333333333333333,16398.62,5466.206666666666,39f1b7de2d7f7e94a3711194fff411ee2fdf8042030551410c8cba7b198dff94,3104700.0,SC,8530000000000000.0,8410000000000000.0,952.0,2.2e+16,970.0,11.0,981.0,989.0
3a0e4e4927bc6fc121b4873a19afb5e1e36ad0e79628152274031c58440760f8,1,0.0,0.0,0.0,118.08,118.08,,,,,,,,,,,
3a158e0cb0bfa3a89387f970442954b00c0bb09a9e16825b7ff358c072ad07c9,1,68.0,68.0,1.0,2974.12,2974.12,3a158e0cb0bfa3a89387f970442954b00c0bb09a9e16825b7ff358c072ad07c9,4686901.0,SP,7360000000000000.0,9450000000000000.0,355.0,7200000000000000.0,620.0,15767.0,129.0,983.0
3a2d6c7ed1b502598ffda4772c7b7e937338a97af5537b310a380c33dc65c8e9,2,0.0,0.0,0.0,4608.0,2304.0,,,,,,,,,,,
3a338aed1ffe291adf6643c8da5a23e57dcde92c4fa6fa3e47b9e7c4c434d6a9,6,0.16666666666666666,1.0,0.16666666666666666,30299.52,5049.92,3a338aed1ffe291adf6643c8da5a23e57dcde92c4fa6fa3e47b9e7c4c434d6a9,2071100.0,SC,9470000000000000.0,889375000000000.0,952.0,1.9e+16,950.0,47.0,977.0,989.0
3a3ae5d0c1b95819f2910e04214160589db0bcc0bff35dec7dc004689c60df18,1,0.0,0.0,0.0,392.0,392.0,3a3ae5d0c1b95819f2910e04214160589db0bcc0bff35dec7dc004689c60df18,1061901.0,SC,9430000000000000.0,8780000000000000.0,897.0,2.06e+16,940.0,61.0,979.0,987.0
3a585bf097ae7170047e4a69c9879ba48a349246f7c985d8d9ae06c1efc4fc0b,1,0.0,0.0,0.0,53.52,53.52,,,,,,,,,,,
3a596fcc1e93ecc82aa64389c606b35a1f5e6676e59048ca6c4e8457fdf2ccaf,1,7.0,7.0,1.0,205.82,205.82,,,,,,,,,,,
3a728c2f24df52b74e7233461a74f5ff0922e82f5d3a759ff8ac00f9eb365192,1,4.0,4.0,1.0,25125.0,25125.0,3a728c2f24df52b74e7233461a74f5ff0922e82f5d3a759ff8ac00f9eb365192,2813500.0,SP,8670000000000000.0,9230000000000000.0,883.0,1.97e+16,930.0,8541.0,961.0,987.0
3a904929f8166b01499a148d37d46d53b4a0bc56d100aa30fef22bb1ecf129f7,9,0.6666666666666666,2.0,0.4444444444444444,24909.4,2767.711111111111,3a904929f8166b01499a148d37d46d53b4a0bc56d100aa30fef22bb1ecf129f7,1531901.0,SC,8410000000000000.0,8000000000000000.0,952.0,2350000000000000.0,940.0,31396.0,981.0,986.0
3a9b23bf9bd3361b8643e97262337928e0d0a1f3ddf42fc5498484e74e425151,1,0.0,0.0,0.0,52.7,52.7,,,,,,,,,,,
3ab68a7182b6335c73d833564f29f5f248de2d145e1450bdd5784da5111766ff,1,0.0,0.0,0.0,351.4,351.4,,,,,,,,,,,
3ad539ae6e7984c0e22f7329b593785c3379ff2d5f894493f43b226960b7b3b0,2,0.0,0.0,0.0,3950.86,1975.43,3ad539ae6e7984c0e22f7329b593785c3379ff2d5f894493f43b226960b7b3b0,2330305.0,SP,9350000000000000.0,8420000000000000.0,921.0,2.8e+16,960.0,516.0,963.0,988.0
3afb7b2c67c9b5582fd9a42a998df136833556eee7f950ff2cb94674b94d2036,1,0.0,0.0,0.0,228.36,228.36,,,,,,,,,,,
3afc84292a48915fdf4af4917615e9eddde5fb02b925abe604e68be9b380fbcf,1,0.0,0.0,0.0,1045.0,1045.0,3afc84292a48915fdf4af4917615e9eddde5fb02b925abe604e68be9b380fbcf,2211100.0,SP,9750000000000000.0,8870000000000000.0,908.0,220000.0,970.0,0.0,972.0,988.0
3b12557f742f09d565e76092ec614e69a561f205b7d3d32b1804109e647e31be,1,0.0,0.0,0.0,518.81,518.81,,,,,,,,,,,
3b2bfc30413a1f4f4ee80d1a42673a01063b9c97a4147af8982c4ee1592aebea,1,0.0,0.0,0.0,12342.78,12342.78,3b2bfc30413a1f4f4ee80d1a42673a01063b9c97a4147af8982c4ee1592aebea,2452100.0,SP,9840000000000000.0,9020000000000000.0,943.0,241000.0,960.0,0.0,979.0,988.0
3b6e2e8555f5ed9da15e5e18db6da6cc1b8438df9ae159e645e1add5d244efb6,2,0.0,0.0,0.0,608.01,304.005,3b6e2e8555f5ed9da15e5e18db6da6cc1b8438df9ae159e645e1add5d244efb6,4744099.0,SC,9620000000000000.0,7700000000000000.0,892.0,170125.0,990.0,3532.0,967.0,988.0
3b77dcbdfa17c91b9c6a9119adbd28ab67e1fb82d21db549186330968613ed90,1,2.0,2.0,1.0,1867.4,1867.4,3b77dcbdfa17c91b9c6a9119adbd28ab67e1fb82d21db549186330968613ed90,4635402.0,SP,7790000000000000.0,6560000000000000.0,684.0,170640.0,630.0,926.0,834.0,977.0
3b83966c9d01dc84d645ff1cf3a05e73f80642a6f4ea7d5d2824e8be2979521b,1,0.0,0.0,0.0,413.15,413.15,,,,,,,,,,,
3b87138ca0a903fdef1a5d0e924ad68100888dd6196fee20639260970507c8ce,1,3.0,3.0,1.0,533.0,533.0,,,,,,,,,,,
3b8f620bf1529b1cbafbd17e8f23ee00ae62d6105eb2506390aa88137c1855b5,1,0.0,0.0,0.0,521.05,521.05,3b8f620bf1529b1cbafbd17e8f23ee00ae62d6105eb2506390aa88137c1855b5,4649408.0,SC,9520000000000000.0,9400000000000000.0,956.0,169200.0,900.0,0.0,971.0,988.0
3b98366cf5933fcbecf353dc2d8b448188e6507efaba21d780efb54ecd2f8a68,1,19.0,19.0,1.0,6367.78,6367.78,3b98366cf5933fcbecf353dc2d8b448188e6507efaba21d780efb54ecd2f8a68,4110700.0,SP,1.92e+16,4.59e+16,137.0,8630000000000000.0,510.0,42731.0,918.0,986.0
3ba5515669284b3a51b6d8b8f5bb3f80970cfc2bdb6daaa9880b6f1edc02b0bb,7,0.0,0.0,0.0,18328.940000000002,2618.4200000000005,,,,,,,,,,,
3bab23dd95821997848d472246bff6f8764f9f60dea4f9288d2ea70e776061f1,1,2.0,2.0,1.0,1067.32,1067.32,3bab23dd95821997848d472246bff6f8764f9f60dea4f9288d2ea70e776061f1,4782201.0,RS,9850000000000000.0,3780000000000000.0,795.0,210000.0,880.0,0.0,746.0,987.0
3bb122b98a45311c6e44ed7db9e87b02c474aae43f2c16132996fdc93feba95a,1,0.0,0.0,0.0,681.85,681.85,,,,,,,,,,,
3bbdf4fad617dea0e347faabac86f63ad924a8a50617e411885e0cd45cc26440,1,0.0,0.0,0.0,38038.76,38038.76,3bbdf4fad617dea0e347faabac86f63ad924a8a50617e411885e0cd45cc26440,4754702.0,SP,8950000000000000.0,5210000000000000.0,927.0,1.76e+16,910.0,10139.0,978.0,989.0
3bd39cf6349e34474e27018aa55af9a78ae8ee56d68b0833b3854937fe4b908f,1,0.0,0.0,0.0,1675.4,1675.4,3bd39cf6349e34474e27018aa55af9a78ae8ee56d68b0833b3854937fe4b908f,2330305.0,SE,8510000000000000.0,8820000000000000.0,960.0,1.27e+16,960.0,62844.0,974.0,988.0
3bd8e65ebb85ec6c99f190704e0965b90386c43e50e323577e7855c1344cb211,1,2.0,2.0,1.0,526.91,526.91,,,,,,,,,,,
3becd2ba0186a1974bfa07c3e03b80f6cd7fea522e5278e7ff5c20e7066c9887,1,0.0,0.0,0.0,6195.0,6195.0,3becd2ba0186a1974bfa07c3e03b80f6cd7fea522e5278e7ff5c20e7066c9887,4686902.0,PR,8300000000000000.0,7300000000000000.0,869.0,128250.0,940.0,0.0,968.0,987.0
3c0080a9c2166e9773d2bfb72c9185a066bc6f1bcf00e5a72d9062798bfb9e4e,1,0.0,0.0,0.0,389.7,389.7,,,,,,,,,,,
3c16194128f64238e5aaf8f4a6c1e00ac6834ca7230b69deea51daf9d652fab7,1,0.0,0.0,0.0,597.08,597.08,3c16194128f64238e5aaf8f4a6c1e00ac6834ca7230b69deea51daf9d652fab7,4781400.0,PE,9120000000000000.0,5230000000000000.0,889.0,8880000000000000.0,910.0,18326.0,982.0,989.0
3c2b0c77e0e2f631a615d0f8f3fb228eac8920f21dca38d7ecf5fb28469ec3b5,16,0.375,2.0,0.25,5070718.56,316919.91,,,,,,,,,,,
3c457a0f9e95446d0035279840a2e5a75d8b38726da4da0f4252fd278f36a5dc,1,0.0,0.0,0.0,10375.53,10375.53,3c457a0f9e95446d0035279840a2e5a75d8b38726da4da0f4252fd278f36a5dc,4711302.0,RS,9420000000000000.0,9050000000000000.0,963.0,2.49e+16,960.0,2837.0,980.0,989.0
3c572e62c19d630d3b2e14bea0179235ab190af5e8808999ed232238472a3c78,1,0.0,0.0,0.0,1065.76,1065.76,,,,,,,,,,,
3c611c79519999c88b4f9189e2892388dccf8265f129978209c64c314501ed82,2,0.0,0.0,0.0,11941.93,5970.965,3c611c79519999c88b4f9189e2892388dccf8265f129978209c64c314501ed82,4711302.0,CE,8030000000000000.0,7630000000000000.0,931.0,2.06e+16,930.0,1974.0,972.0,986.0
3c8d15c62930471d22e85d8a0fbdf66e3b2ba6c7a8c1910609ea3a7a8d5f3415,2,2.0,2.0,1.0,432.98,216.49,3c8d15c62930471d22e85d8a0fbdf66e3b2ba6c7a8c1910609ea3a7a8d5f3415,4744001.0,SP,2.28e+16,7770000000000000.0,309.0,9150000000000000.0,570.0,37202.0,514.0,984.0
3c9cc41e09077fda1aa27cb4b6d39835cea2807fa869ca9622260b0e0cc765fd,1,0.0,0.0,0.0,62546.8,62546.8,3c9cc41e09077fda1aa27cb4b6d39835cea2807fa869ca9622260b0e0cc765fd,1314600.0,SP,8900000000000000.0,9430000000000000.0,936.0,2180000000000000.0,960.0,1236.0,979.0,988.0
3cb87febc4d79c0fbb75f6a6fe7a9b4f9ca66d5991b1215b2743c625d1a907b7,1,1.0,1.0,1.0,327.2,327.2,3cb87febc4d79c0fbb75f6a6fe7a9b4f9ca66d5991b1215b2743c625d1a907b7,4712100.0,SC,9490000000000000.0,1000.0,920.0,2.33e+16,980.0,357.0,963.0,989.0
3ccef4f31eceb54f93f12568f44272a3353820ff4e3d415a7c73bd23c8ac2152,1,0.0,0.0,0.0,97379.24,97379.24,,,,,,,,,,,
3ce7f116686a77642bf833ddb10384d37fb2a75d67b0fef8a4e584d5474baee3,1,0.0,0.0,0.0,266.49,266.49,,,,,,,,,,,
3d200e2f4318b59794a20056134b504fc3a828d12b12e845dcf2376c820daaa5,1,0.0,0.0,0.0,1628.33,1628.33,,,,,,,,,,,
3d34f0675d7788acde033d16689db1cdde74579c7c5da372a0e2e6a2d6f24d66,1,0.0,0.0,0.0,1125.0,1125.0,3d34f0675d7788acde033d16689db1cdde74579c7c5da372a0e2e6a2d6f24d66,6110803.0,MG,7470000000000000.0,3.53e+16,744.0,1.55e+16,870.0,0.0,936.0,988.0
3d4be829b9e33ccb08a86dcc2882e037d1e0fd731505e25a59aa1a6153d913fc,1,0.0,0.0,0.0,421.81,421.81,,,,,,,,,,,
3d60feabddd0323daa4ee40fd1ddbf5f8b09e842e9fdaa02b4a65a998018fc73,1,1.0,1.0,1.0,119.32,119.32,,,,,,,,,,,
3d64e1b5c27ce8b4ac358be6aa4178d36e9fd2254fe8cea226fced089dbd9437,1,0.0,0.0,0.0,11040.0,11040.0,3d64e1b5c27ce8b4ac358be6aa4178d36e9fd2254fe8cea226fced089dbd9437,4691500.0,PR,6650000000000000.0,956309000000000.0,948.0,1.91e+16,970.0,17489.0,981.0,989.0
3d7de6029f391fd921e1af9a51da6b15b41d83c21c2d63cc65ca7b13af229d55,1,1.0,1.0,1.0,240.8,240.8,,,,,,,,,,,
3d7f1170fd367a69f78192c66857bbe5db4f2af9e2b71a291552db67c0d8606f,1,21.0,21.0,1.0,500.02,500.02,,,,,,,,,,,
3d90a87b2137e89579bee450117f5a692d1bd8c65411e2953e415938c2794561,1,0.0,0.0,0.0,252.71,252.71,,,,,,,,,,,
3db841fbdb9c16a2f00d171e226933941aecc39105fe05bff82de2517cd5d6d8,1,2.0,2.0,1.0,247.92,247.92,,,,,,,,,,,
3dbd2660f65e84d035e6ef59d1ef750ab80f69c0dfc0a30d553972ead2971791,2,1.0,1.0,1.0,5022.7300000000005,2511.3650000000002,,,,,,,,,,,
3dc3406785c63939eeed7a0f2e32368f463d1ba3c0c05e6a1c2b55c9bb544f14,1,0.0,0.0,0.0,184.0,184.0,3dc3406785c63939eeed7a0f2e32368f463d1ba3c0c05e6a1c2b55c9bb544f14,6920601.0,SP,6080000000000000.0,8700000000000000.0,688.0,190000.0,1000.0,0.0,853.0,970.0
3dcd3bfc6434a453b97c0ba569119cf051225c56cd1c15f1b930d828b4bc3986,1,3.0,3.0,1.0,1040.0,1040.0,,,,,,,,,,,
3de01ce557a4da55175f5f12935b735a8524ce3a2059511ded25749eec99a3d6,1,0.0,0.0,0.0,564.78,564.78,3de01ce557a4da55175f5f12935b735a8524ce3a2059511ded25749eec99a3d6,8690901.0,RJ,9840000000000000.0,7060000000000000.0,934.0,1.98e+16,970.0,586.0,982.0,987.0
3de42a2c4d2b98b39ece2ea43adebc139a8bc6e413bbc7af5c2adbbbb2352306,1,3.0,3.0,1.0,130.8,130.8,,,,,,,,,,,
3df084d2e0e2973898d82fc346a1c6d239c078c17f7e7a331504d6a60523a61f,1,0.0,0.0,0.0,86378.25,86378.25,3df084d2e0e2973898d82fc346a1c6d239c078c17f7e7a331504d6a60523a61f,4686901.0,SP,864922000000000.0,7400000000000000.0,921.0,162000.0,950.0,40811.0,978.0,987.0
3e069a3004476e6f9e777ad24bf9c990848ef4c20983af875ddc3fb884c72d13,1,0.0,0.0,0.0,6117.54,6117.54,3e069a3004476e6f9e777ad24bf9c990848ef4c20983af875ddc3fb884c72d13,4661300.0,SP,9920000000000000.0,4.93e+16,916.0,1.55e+16,950.0,37.0,964.0,988.0
3e1449f0f6178cbce0d9462785c974d1013009c9a55e6c9b13e144a5687e3d99,1,0.0,0.0,0.0,1031.59,1031.59,,,,,,,,,,,
3e2a2e6910515562f96fc904f5e34ae4813dc881f3a31f2453fcec306c841616,1,7.0,7.0,1.0,178.81,178.81,,,,,,,,,,,
3e650656990d8b0663d08d2528e969bbe0fa031eedf276af88c234bd47e1a242,1,2.0,2.0,1.0,6311.7,6311.7,3e650656990d8b0663d08d2528e969bbe0fa031eedf276af88c234bd47e1a242,4530703.0,RS,9970000000000000.0,8880000000000000.0,958.0,230250.0,930.0,1501.0,973.0,987.0
3e65faacf356844b2d467e437346c76c2b228187c654715899b067f81960d75c,1,0.0,0.0,0.0,145.9,145.9,3e65faacf356844b2d467e437346c76c2b228187c654715899b067f81960d75c,4771701.0,PR,9910000000000000.0,1000.0,951.0,2510000000000000.0,990.0,0.0,984.0,989.0
3e6a7a94c7e0f21db450d75d7b45b32b39593990aa9c3c27195493d7672284fa,1,0.0,0.0,0.0,1025.27,1025.27,3e6a7a94c7e0f21db450d75d7b45b32b39593990aa9c3c27195493d7672284fa,4741500.0,SP,998059000000000.0,6940000000000000.0,964.0,2.6e+16,960.0,68.0,972.0,988.0
3e7093ee5a97791a66322cdb1ce9dd2e91f648342f9509ecb4e8babfa99fd97f,1,0.0,0.0,0.0,679.56,679.56,3e7093ee5a97791a66322cdb1ce9dd2e91f648342f9509ecb4e8babfa99fd97f,4647802.0,SP,8620000000000000.0,609736000000000.0,950.0,9130000000000000.0,900.0,0.0,962.0,987.0
3e723111b549daf6c7e36fa0fca8efc9489aa87f0a617c4a5689adc0d311805c,1,0.0,0.0,0.0,559.53,559.53,3e723111b549daf6c7e36fa0fca8efc9489aa87f0a617c4a5689adc0d311805c,4781400.0,RS,1000.0,6930000000000000.0,948.0,2330000000000000.0,920.0,0.0,975.0,987.0
3e79742c0f823bfe184ae2806cc72af4c4ee9086e8588a514cef0db697627c33,1,9.0,9.0,1.0,7100.0,7100.0,3e79742c0f823bfe184ae2806cc72af4c4ee9086e8588a514cef0db697627c33,2061400.0,SP,1.06e+16,9120000000000000.0,101.0,8790000000000000.0,270.0,4997.0,122.0,985.0
3e8f354e5a102f8f4e389b68a645693aa770007ebe2802881899051f5748c045,2,0.0,0.0,0.0,6002.16,3001.08,,,,,,,,,,,
3e9e7143f9d699a5ea2715cf3d6637860ab4440b4a6a2ff4c5f646ce6e0e9c88,1,0.0,0.0,0.0,1092.92,1092.92,,,,,,,,,,,
3ec07317ab97562f635d394a755a2181c919ed5338d3bc47b1766b57570fb885,1,0.0,0.0,0.0,919.5,919.5,,,,,,,,,,,
3ec42a89b078902c554feaaf4dc27bc1596b7a98de982f96f0a99ed88c98ce37,2,0.0,0.0,0.0,97.35,48.675,3ec42a89b078902c554feaaf4dc27bc1596b7a98de982f96f0a99ed88c98ce37,2599399.0,SC,9890000000000000.0,9770000000000000.0,938.0,2.48e+16,960.0,0.0,981.0,989.0
3ecdf0a4f2b7c2c4d6f894680b530f783c3e6ea1478f51bfee30d6f260721932,1,0.0,0.0,0.0,172.86,172.86,,,,,,,,,,,
3edb7c5d736a632f6908486c99df49f8c97c2e1c67106c48b88d2fad40ec54e1,1,0.0,0.0,0.0,1518.23,1518.23,,,,,,,,,,,
3ef91f421aa98f293bab97759d0e5b929bf03c792552280e04ac338778e6d4aa,1,0.0,0.0,0.0,2043.97,2043.97,3ef91f421aa98f293bab97759d0e5b929bf03c792552280e04ac338778e6d4aa,4644301.0,SE,5940000000000000.0,8870000000000000.0,963.0,1.05e+16,990.0,32783.0,980.0,988.0
3ef9adbc792abac1ae94feced5577e4118e854f31839197dc22805a5f802abdc,1,1.0,1.0,1.0,546.13,546.13,,,,,,,,,,,
3efa20394370aaa4e6b651c49e3f129393425d0d88c453772660fb750791640f,2,0.0,0.0,0.0,1620.52,810.26,3efa20394370aaa4e6b651c49e3f129393425d0d88c453772660fb750791640f,4744099.0,SC,8740000000000000.0,9170000000000000.0,951.0,2.29e+16,960.0,95.0,979.0,989.0
3f0ab5db5298c54d642cc014dc2bf38125bffb79c95e8ab0629bc0e8badc37ea,1,2.0,2.0,1.0,2354.0,2354.0,3f0ab5db5298c54d642cc014dc2bf38125bffb79c95e8ab0629bc0e8badc37ea,4922102.0,RJ,7660000000000000.0,4070000000000000.0,884.0,1.38e+16,930.0,4253.0,969.0,988.0
3f0c0fa2770a0a06823edaebc30669c0a426ed0dbde630acc34c5e349ebec7d0,1,2.0,2.0,1.0,130.29,130.29,,,,,,,,,,,
3f12a50652e3f98327be429e8fd242b33788b0cba0620ebb7b62d5a45f5e5d88,1,0.0,0.0,0.0,529.34,529.34,,,,,,,,,,,
3f1a4b77c09df6ad2b71bc4331ae291a89017586cde0b19768fc7d53b8d7ea0d,1,1.0,1.0,1.0,10209.05,10209.05,,,,,,,,,,,
3f379d099d78d0a782db53a66d5aa0665723eac316ad27495a3ed3712a2a3f67,1,0.0,0.0,0.0,338.46,338.46,3f379d099d78d0a782db53a66d5aa0665723eac316ad27495a3ed3712a2a3f67,6920601.0,RJ,8010000000000000.0,9090000000000000.0,611.0,168000.0,660.0,0.0,869.0,978.0
3f37a3bd8eacbb93e8ac58c82f6ce344229629bbc88f4408286c00a346c7f586,1,0.0,0.0,0.0,82.57,82.57,,,,,,,,,,,
3f409f776e2d548efa562f63c6ef3dd0c47035011fcb3080cb6f3a5e4047f7d9,2,0.0,0.0,0.0,1211.1399999999999,605.5699999999999,,,,,,,,,,,
3f449170adb170d62deea8a1c15c22e9d2b411a3933394ff094ea28df6c5deea,1,0.0,0.0,0.0,272.76,272.76,3f449170adb170d62deea8a1c15c22e9d2b411a3933394ff094ea28df6c5deea,4744099.0,SC,9680000000000000.0,8360000000000000.0,924.0,186700.0,980.0,9065.0,963.0,987.0
3f56e15ae7519131bfb713344d0432597cf428a12e0755f862377dddafab798a,2,6.5,7.0,1.0,450.90999999999997,225.45499999999998,,,,,,,,,,,
3f58f69b4829e18bc176b4b57a4f237f0f66a47ef16a2c02f7702bddda3b1b4d,1,0.0,0.0,0.0,1112.8,1112.8,,,,,,,,,,,
3f67a308f8aa1c8c91e553ce236eabb085874360749feb57e9b93686b8fba7ca,1,0.0,0.0,0.0,628.14,628.14,,,,,,,,,,,
3f6852ecff70162746954e9806dfbebb302c489e8efa63040ba9dc5a44fe20cb,1,68.0,68.0,1.0,1883.32,1883.32,3f6852ecff70162746954e9806dfbebb302c489e8efa63040ba9dc5a44fe20cb,4652400.0,RS,2.48e+16,9510000000000000.0,182.0,1.12e+16,550.0,10013.0,95.0,974.0
3f76c840b9370d73c02c7c6a6be622f5018304c69b721c63dba3eead2aa3b067,1,0.0,0.0,0.0,1039.39,1039.39,,,,,,,,,,,
3f80f49cb686723578bf93c9491d2e1c65bb2d344af55e05bd417fdec8557ccd,2,1.0,2.0,0.5,1017.6,508.8,,,,,,,,,,,
3f9ee9d248ff85ad06baf75a806702a91bfb13cb9d7b9dc23b717f3b4beaaddc,1,0.0,0.0,0.0,1258.5,1258.5,,,,,,,,,,,
3fa2c4918fcf009694a008d0062b606ecbb6d6a60afcd49bcbcc5be7257f9cde,1,1.0,1.0,1.0,337.74,337.74,,,,,,,,,,,
3fe267390594c34449d13f7d19cb180855b3ce7f74d2c562ce0466c1e55ac09c,1,0.0,0.0,0.0,343.04,343.04,,,,,,,,,,,
40052c456d1d274c4e04ff31f5d45cef07aad7efb5c2690d8f6fb5dd8775e18b,1,102.0,102.0,1.0,23076.06,23076.06,,,,,,,,,,,
400f29d19a3e8372490259dec9704c7447119feffcfe1b4ce5b320dc92a911d0,1,0.0,0.0,0.0,504.38,504.38,,,,,,,,,,,
4011f544e139c0be75143a4a16020372bc70778daed3f5070e3a5cc649c2f548,1,0.0,0.0,0.0,281.75,281.75,4011f544e139c0be75143a4a16020372bc70778daed3f5070e3a5cc649c2f548,4673700.0,SC,9300000000000000.0,8740000000000000.0,440.0,1.75e+16,860.0,10983.0,882.0,988.0
402da36e8e1eb2a9576f0302170a3a573dfc7c37211f31e36df0330d1d7d862b,1,1.0,1.0,1.0,825.0,825.0,,,,,,,,,,,
40309374ff73c753b7f49452a1796cbc28de4155e5b1478b13754cf179441d2a,1,0.0,0.0,0.0,1258.8,1258.8,40309374ff73c753b7f49452a1796cbc28de4155e5b1478b13754cf179441d2a,4711302.0,MG,9030000000000000.0,8790000000000000.0,918.0,1.56e+16,950.0,4999.0,978.0,988.0
4037a1e24669cb34418778bba80d3f4987e9dd00d97ea8f97d1995754818a851,1,6.0,6.0,1.0,1693.46,1693.46,4037a1e24669cb34418778bba80d3f4987e9dd00d97ea8f97d1995754818a851,2062200.0,AL,6010000000000000.0,8310000000000000.0,215.0,21200.0,770.0,62224.0,193.0,896.0
4051e3909b6a0c4082dc4c329d491da47db7785800bb18da67ba762356e59c09,1,0.0,0.0,0.0,7258.21,7258.21,4051e3909b6a0c4082dc4c329d491da47db7785800bb18da67ba762356e59c09,1013901.0,DF,9530000000000000.0,7180000000000000.0,950.0,2.23e+16,930.0,686.0,981.0,989.0
406cba4fbdf4771720eba796eedab549807d919fbae663620097e5cdfce396fe,1,0.0,0.0,0.0,1339.23,1339.23,,,,,,,,,,,
40814c4545ecf29090275df2d45446dc64173d4e87d732fc7834de19e307bdb1,1,0.0,0.0,0.0,63.27,63.27,40814c4545ecf29090275df2d45446dc64173d4e87d732fc7834de19e307bdb1,4771701.0,PR,9880000000000000.0,8210000000000000.0,952.0,2.37e+16,990.0,0.0,971.0,988.0
409053baa48f14d5ffe9a79e2d7128b90465adc591e91000f41e27df14ed6e3d,2,0.5,1.0,0.5,2961.4,1480.7,409053baa48f14d5ffe9a79e2d7128b90465adc591e91000f41e27df14ed6e3d,4644301.0,MS,5060000000000000.0,5800000000000000.0,184.0,1.28e+16,550.0,20761.0,494.0,980.0
409ea8a2627bfa345d388fc03391d8038e21e78a6542bab94e4fe88ffe69f3b9,2,0.0,0.0,0.0,3099.63,1549.815,409ea8a2627bfa345d388fc03391d8038e21e78a6542bab94e4fe88ffe69f3b9,1099602.0,SP,5010000000000000.0,9580000000000000.0,436.0,1570000000000000.0,880.0,158.0,892.0,984.0
40b380ed2d542362eb78337988d87b82832db28a12c797753c9465d0e849299b,1,0.0,0.0,0.0,1228.38,1228.38,,,,,,,,,,,
40c1285e3692716a312aaed9983375cf876467040d12156e9c2557d55aa61fb9,18,0.2777777777777778,2.0,0.16666666666666666,438637.51,24368.750555555554,,,,,,,,,,,
40c37ecda6577b972e8de0f073afdc00c22154914a79c05d7184a667eecf161f,1,1.0,1.0,1.0,176.99,176.99,40c37ecda6577b972e8de0f073afdc00c22154914a79c05d7184a667eecf161f,4771701.0,PR,8800000000000000.0,743577000000000.0,951.0,2.36e+16,970.0,8367.0,980.0,987.0
40e738a40b1846ac7a5a46b41b6724481fc9169dd63ed015a11b8fe2f5dc87cd,1,3.0,3.0,1.0,624.3,624.3,,,,,,,,,,,
40eebe4d3f3ca3d74d91d97cc52fa75900e5dea5a029cad43dac6671cc9f6541,2,0.0,0.0,0.0,4065.12,2032.56,,,,,,,,,,,
410bda285f59ade068d69a6ba71fb7b242dae5b5cb9112cc953923245aecb886,1,2.0,2.0,1.0,2389.44,2389.44,410bda285f59ade068d69a6ba71fb7b242dae5b5cb9112cc953923245aecb886,2949299.0,SP,9050000000000000.0,9460000000000000.0,911.0,1648125.0,950.0,0.0,979.0,986.0
4115784164470c308ea1f8ee51dda03418e09e387e0810ba71786edae33b0611,1,0.0,0.0,0.0,1721.84,1721.84,4115784164470c308ea1f8ee51dda03418e09e387e0810ba71786edae33b0611,5611201.0,GO,9250000000000000.0,9410000000000000.0,945.0,1.86e+16,950.0,2042.0,973.0,986.0
41279f39af167c6735bed1e2958e8ca0d66f8853638790c05fd26d27316125a9,3,0.6666666666666666,2.0,0.3333333333333333,1945.26,648.42,,,,,,,,,,,
41435549d50aa9b98150eb4dd24abf2adbded2144285802fd6008463811b6b8d,1,7.0,7.0,1.0,124.7,124.7,,,,,,,,,,,
415e7489c7903d1d41d57f05b11642dbb388fb2401bcc406777ea5ac91dc3059,1,0.0,0.0,0.0,1029.3,1029.3,415e7489c7903d1d41d57f05b11642dbb388fb2401bcc406777ea5ac91dc3059,4781400.0,GO,97183300000000.0,7030000000000000.0,882.0,1580000000000000.0,930.0,2409.0,920.0,989.0
4161bd190aab1b280e1b3a37a9d270b12c99700157ef9138bd214d290bdd6cf0,2,0.5,1.0,0.5,42552.84,21276.42,4161bd190aab1b280e1b3a37a9d270b12c99700157ef9138bd214d290bdd6cf0,1091101.0,BA,9920000000000000.0,8880000000000000.0,958.0,2350000000000000.0,940.0,2326.0,980.0,988.0
41731fc1b96daa1c9f8c14370a38ffc5a2faccd17b666ded0880be7d6f909272,1,0.0,0.0,0.0,541.66,541.66,41731fc1b96daa1c9f8c14370a38ffc5a2faccd17b666ded0880be7d6f909272,4711302.0,MG,9550000000000000.0,7400000000000000.0,936.0,156750.0,960.0,15724.0,983.0,988.0
41b8e7401f65942f62f515282df7417da7dbb78d4f7045f658cae9c0486fe60a,1,0.0,0.0,0.0,6207.04,6207.04,41b8e7401f65942f62f515282df7417da7dbb78d4f7045f658cae9c0486fe60a,1412601.0,SP,7270000000000000.0,918888000000000.0,839.0,824059000000000.0,960.0,16018.0,982.0,988.0
41cf5f995efe067bdf9719ba9bee68af055a7a1d41c27bccbe4abdd6c3745efb,2,0.5,1.0,0.5,2762.5,1381.25,41cf5f995efe067bdf9719ba9bee68af055a7a1d41c27bccbe4abdd6c3745efb,4729699.0,SP,9870000000000000.0,1000.0,935.0,150400.0,970.0,957.0,965.0,988.0
41e1db045e17c1214e4e3827742ab1fe8c417beffc716fba94ac8edad92d01ea,1,0.0,0.0,0.0,380.0,380.0,41e1db045e17c1214e4e3827742ab1fe8c417beffc716fba94ac8edad92d01ea,7810800.0,SC,9770000000000000.0,50.0,944.0,2.51e+16,990.0,0.0,980.0,988.0
41fb3a72c5a347ecce3aa9158a7e01058c083ceb335641f54c659dd20b233f37,1,2.0,2.0,1.0,387.8,387.8,,,,,,,,,,,
420cba7c10496b818c1b8c77bc729af9189c091f7a7121fff369f14b995ab012,1,0.0,0.0,0.0,91.34,91.34,,,,,,,,,,,
4211f19ed1c90bb13e7cecb1c9049730430ade72fedca6450a2befda2d6b4f55,1,0.0,0.0,0.0,422.32,422.32,,,,,,,,,,,
421d221c08d3c1dcc830ca24eea86edca25f31a10caa600de5d685d751042a26,2,62.0,62.0,1.0,28116.800000000003,14058.400000000001,,,,,,,,,,,
4282a48e0ddac7b56836ffdc6c1c2b711ed33f2809914bf25178f2f182112c42,1,0.0,0.0,0.0,718.9,718.9,,,,,,,,,,,
4284117c0f6842049cd9f5b1171478215a7239f019b8cc411ed0eeabbbc08718,1,1.0,1.0,1.0,1271.67,1271.67,,,,,,,,,,,
428a1eb10e886304e1cfb137bfc68ac7295cc38adb0c1e31d3890f08e718cbcd,1,5.0,5.0,1.0,538.3,538.3,,,,,,,,,,,
429fcb50c8f76941de64b68e5636c5aed18fe40d47e0ebb3c1165c0f953b001e,1,0.0,0.0,0.0,2205.8,2205.8,429fcb50c8f76941de64b68e5636c5aed18fe40d47e0ebb3c1165c0f953b001e,4930202.0,PR,8270000000000000.0,1000.0,949.0,1.86e+16,950.0,282.0,981.0,989.0
42f1f7b81e4d686662f161caa177f1b93abfe79406e89659df55a3e80b6a40aa,1,0.0,0.0,0.0,1550.0,1550.0,,,,,,,,,,,
42fa044b134cb63135a73947aba28b2bc097cee6e7c6fc7b007ef812656046eb,1,0.0,0.0,0.0,8233.32,8233.32,42fa044b134cb63135a73947aba28b2bc097cee6e7c6fc7b007ef812656046eb,7732201.0,SP,1.98e+16,9630000000000000.0,162.0,8930000000000000.0,530.0,42914.0,139.0,958.0
432482759a8d2bef881dcfc851f695bdc8526970904a42bc35227c18db71e191,1,0.0,0.0,0.0,819.89,819.89,,,,,,,,,,,
432822c126eba60cadea84ebd3b4e07b2a7dfd6ca8c18f909448911ec921e7c3,1,0.0,0.0,0.0,480.33,480.33,,,,,,,,,,,
432a2e605b704aa67906ea20db82ef2bdfd049e7774697969bfc653fcd1c6512,1,0.0,0.0,0.0,1288.0,1288.0,432a2e605b704aa67906ea20db82ef2bdfd049e7774697969bfc653fcd1c6512,4530705.0,BA,6470000000000000.0,5910000000000000.0,879.0,2.31e+16,880.0,0.0,978.0,987.0
433b7d84052302f7f5ff027ca6097e944c533c398d31c09f3cef3540ea5b0e93,1,1.0,1.0,1.0,660.0,660.0,,,,,,,,,,,
43440488958d18057c6ff0a33bcd7c1231d60ef57c3474d3781762792f8f78d1,1,0.0,0.0,0.0,1218.34,1218.34,43440488958d18057c6ff0a33bcd7c1231d60ef57c3474d3781762792f8f78d1,2341900.0,SC,8480000000000000.0,9960000000000000.0,712.0,1410000000000000.0,900.0,21486.0,954.0,989.0
434ead7c8ed046e777e8ea2e008b1e32d33cc1e5586bce7fbe93e6ecf0434deb,1,0.0,0.0,0.0,318.0,318.0,,,,,,,,,,,
435415bd61047c48e99ded4794c6a9b62a44b0de760283dba5bb96c14c4c5bd5,1,0.0,0.0,0.0,2372.42,2372.42,435415bd61047c48e99ded4794c6a9b62a44b0de760283dba5bb96c14c4c5bd5,3321000.0,SP,7650000000000000.0,1000.0,681.0,0.0,790.0,0.0,865.0,985.0
436dd3c845d248259f70ef0c9e250ef7b831eab09507540c0b52860468679f0e,1,0.0,0.0,0.0,1110.03,1110.03,,,,,,,,,,,
43757373f4e00e9464bcd05a0b91a6e5331bfbe853de38dbb02f77a018213787,1,0.0,0.0,0.0,828.25,828.25,,,,,,,,,,,
4375a9e0f5c2f75395e07a4ec53770870122048769e01193a1e71eaa202fe550,1,1.0,1.0,1.0,83.4,83.4,,,,,,,,,,,
437963cdadd8f7e5f5176279aca88b13f91c1d39c62ee66110f26bd65612a282,1,0.0,0.0,0.0,350.4,350.4,437963cdadd8f7e5f5176279aca88b13f91c1d39c62ee66110f26bd65612a282,6920601.0,RJ,9180000000000000.0,1000.0,785.0,0.0,710.0,0.0,884.0,983.0
437a6135349bdc7e1bc008fa996eb82dc7405e670d37dc9d1783a6aa8c0540ac,1,0.0,0.0,0.0,9806.72,9806.72,437a6135349bdc7e1bc008fa996eb82dc7405e670d37dc9d1783a6aa8c0540ac,4110700.0,SC,7980000000000000.0,2.16e+16,210.0,1750000000000000.0,350.0,5.0,980.0,989.0
439a927accf85d283ea26221362b095d09b5e9f012f49580e853cee4d27f4861,8,1.875,3.0,0.875,1696.19,212.02375,,,,,,,,,,,
439fcabd3c62d90162b809b978aff0f9aa073c1caef91135d7820cfd82af7dfd,1,2.0,2.0,1.0,43718.44,43718.44,439fcabd3c62d90162b809b978aff0f9aa073c1caef91135d7820cfd82af7dfd,4110700.0,MG,5920000000000000.0,50.0,134.0,1670000000000000.0,500.0,4941.0,61.0,853.0
43a1784a5b374659da96b5b161032376c77c9764805d1585e01dda606b2032c0,1,0.0,0.0,0.0,517.98,517.98,43a1784a5b374659da96b5b161032376c77c9764805d1585e01dda606b2032c0,4742300.0,SC,965568000000000.0,9430000000000000.0,912.0,153200.0,940.0,0.0,975.0,988.0
43b61b2d3300244f0fca32125b74bf16eac4b83ba7dcb3b10fb7d9ad4cb291a2,2,9.5,18.0,1.0,539.22,269.61,43b61b2d3300244f0fca32125b74bf16eac4b83ba7dcb3b10fb7d9ad4cb291a2,4930203.0,RS,8850000000000000.0,844759000000000.0,872.0,1.22e+16,760.0,751.0,921.0,988.0
43c06d17f011671cf3989253bd69f1189d9a8476c275e6a9c35b1633557c9fa8,1,3.0,3.0,1.0,129.3,129.3,43c06d17f011671cf3989253bd69f1189d9a8476c275e6a9c35b1633557c9fa8,8610102.0,MG,9480000000000000.0,4.11e+16,897.0,1.24e+16,950.0,24175.0,981.0,989.0
43dccbbb124160799106e9b346231b6cdeaa9324b9c5afb434a7910062e615f5,1,20.0,20.0,1.0,341.12,341.12,,,,,,,,,,,
440126cf1cca28dbda036ed987632895a52f61dbab758a4dbe4cc6640d68a113,1,0.0,0.0,0.0,2651.66,2651.66,440126cf1cca28dbda036ed987632895a52f61dbab758a4dbe4cc6640d68a113,1413401.0,RJ,9810000000000000.0,8530000000000000.0,945.0,67000.0,950.0,0.0,960.0,988.0
4421002e58a28b1e8f9161504a86df5c6f2524f86d861a39f8855e9631c26098,1,0.0,0.0,0.0,1740.72,1740.72,4421002e58a28b1e8f9161504a86df5c6f2524f86d861a39f8855e9631c26098,4644301.0,BA,933736000000000.0,8750000000000000.0,943.0,2.3e+16,990.0,174.0,978.0,988.0
4433831983c181612a7ffcc5f7134e913c4899b2d7566dcb319a453cc7672c29,1,0.0,0.0,0.0,28832.5,28832.5,4433831983c181612a7ffcc5f7134e913c4899b2d7566dcb319a453cc7672c29,4649408.0,BA,8300000000000000.0,8460000000000000.0,825.0,2424375.0,860.0,0.0,918.0,988.0
445f3b7f428182494b7795670243724f3a5a58a98b629894e7278a13ff8dbe1b,1,0.0,0.0,0.0,3901.28,3901.28,445f3b7f428182494b7795670243724f3a5a58a98b629894e7278a13ff8dbe1b,4644301.0,AM,7220000000000000.0,7650000000000000.0,571.0,1.22e+16,920.0,10021.0,980.0,987.0
4464997610fd3fc9a3aaea1e495aac2ed0469480f4a25ce9bc5cd89725e29a80,1,0.0,0.0,0.0,1248.51,1248.51,4464997610fd3fc9a3aaea1e495aac2ed0469480f4a25ce9bc5cd89725e29a80,4744001.0,PE,9570000000000000.0,9230000000000000.0,902.0,2.29e+16,930.0,0.0,971.0,987.0
447cbd897277c84639c670e7f6a937c857f47029fe5b0156a10e06542b888258,1,0.0,0.0,0.0,165.52,165.52,,,,,,,,,,,
44c8e599b7eceb65f33c97510523de694717d0d7cfb80b249a7f5815bfe67be0,1,0.0,0.0,0.0,2407.62,2407.62,,,,,,,,,,,
44cfc79a8d8f94afbe5136be8cf4951e1b3943dbf6d72ffdba30c12bd6743f5f,2,0.0,0.0,0.0,521.13,260.565,,,,,,,,,,,
44d419407a5df0ed6b2d2057aa90ef9730afeec420267fb6cb5a04cfb7983058,1,0.0,0.0,0.0,13000.0,13000.0,44d419407a5df0ed6b2d2057aa90ef9730afeec420267fb6cb5a04cfb7983058,4292802.0,SP,6210000000000000.0,8450000000000000.0,728.0,1.11e+16,840.0,70105.0,419.0,986.0
44fad067f3150c114fe712c485137a3a21000466ee8d3572c76afbf99504aedb,42,0.5952380952380952,6.0,0.38095238095238093,316302.88,7531.020952380953,44fad067f3150c114fe712c485137a3a21000466ee8d3572c76afbf99504aedb,2790299.0,SP,9040000000000000.0,7270000000000000.0,808.0,1.59e+16,910.0,1516.0,961.0,989.0
44fbb1ea6aea2fa692798df4b687464f57fa36bc21156763309a96ad59692b38,1,0.0,0.0,0.0,14020.0,14020.0,,,,,,,,,,,
44fd039fa627953a991b5f034d8eecd897fc908835f46e79c9378805fe130775,1,0.0,0.0,0.0,52300.0,52300.0,44fd039fa627953a991b5f034d8eecd897fc908835f46e79c9378805fe130775,4930201.0,SP,925967000000000.0,9700000000000000.0,943.0,2.3e+16,960.0,0.0,973.0,986.0
452f9e62c5bfb457e4bb1f0a1880ae54996918bcdf6f88be676be79842baaeba,2,0.0,0.0,0.0,1372.26,686.13,,,,,,,,,,,
4540367107dd53f21d5a40e7f98b1a5328f41f04c53d7309e79ec40ccbdd3e52,1,0.0,0.0,0.0,16396.19,16396.19,4540367107dd53f21d5a40e7f98b1a5328f41f04c53d7309e79ec40ccbdd3e52,1412601.0,SP,9940000000000000.0,1000.0,940.0,110500.0,910.0,0.0,978.0,986.0
454dbf3e7139595711c0b0c9725d92b80175be6d7db2bde72f12f384e70e292d,1,1.0,1.0,1.0,1554.03,1554.03,,,,,,,,,,,
4555304842fc29aba3951091a97b451d4f161b32fd2b00fe1b62dbfdf39ec332,1,12.0,12.0,1.0,180.49,180.49,,,,,,,,,,,
455b46de243770d6f83954c51fb4f1a496b6110a039b5c36a3e1635c8bcbfa98,1,6.0,6.0,1.0,620.67,620.67,455b46de243770d6f83954c51fb4f1a496b6110a039b5c36a3e1635c8bcbfa98,4712100.0,MG,9330000000000000.0,8730000000000000.0,883.0,176000.0,910.0,26762.0,953.0,988.0
4565e3567d24eed1779c8c6fd5ba67df92797db9b3fc429bfef16cebb5a24d5e,2,0.0,0.0,0.0,2505.79,1252.895,4565e3567d24eed1779c8c6fd5ba67df92797db9b3fc429bfef16cebb5a24d5e,4754701.0,SC,9960000000000000.0,7150000000000000.0,952.0,2510000000000000.0,960.0,0.0,978.0,989.0
456eef279eb2c041258c2ca54ec4fa78afe9f11f2db04d50afbeb1e5e44d144d,1,0.0,0.0,0.0,9993.6,9993.6,456eef279eb2c041258c2ca54ec4fa78afe9f11f2db04d50afbeb1e5e44d144d,1061901.0,RS,9530000000000000.0,9220000000000000.0,895.0,1.69e+16,940.0,1523.0,958.0,988.0
4584e5fc868f6f0143edf1e3ebe53d833dfb4cb513ba9da4953c313034837693,18,0.1111111111111111,1.0,0.1111111111111111,339670.73,18870.59611111111,4584e5fc868f6f0143edf1e3ebe53d833dfb4cb513ba9da4953c313034837693,1052000.0,SC,9620000000000000.0,9390000000000000.0,940.0,2.11e+16,960.0,3487.0,979.0,986.0
458de422a746efc245cc813b161f7e0ca1cc1c79e773477b46db976dc188392e,17,0.23529411764705882,2.0,0.11764705882352941,90597.37,5329.257058823529,458de422a746efc245cc813b161f7e0ca1cc1c79e773477b46db976dc188392e,2071100.0,SP,8930000000000000.0,9460000000000000.0,895.0,1.6e+16,970.0,565.0,979.0,988.0
459c9b0052ea7469c5fae1fd2b7f4b0678d77f1a249e9e76d767651265866fea,1,0.0,0.0,0.0,2901.19,2901.19,459c9b0052ea7469c5fae1fd2b7f4b0678d77f1a249e9e76d767651265866fea,2852600.0,SP,9760000000000000.0,9670000000000000.0,958.0,2.44e+16,980.0,47.0,981.0,989.0
45a4d974314ab4b8fa7a09db4e2280d2f5268de60ff8910282170dc0ddd53840,1,0.0,0.0,0.0,99.36,99.36,,,,,,,,,,,
45aa260d7868910aa2005616fabcab18ac65d2395a495fa0897dc22f53703f33,1,0.0,0.0,0.0,3291.11,3291.11,,,,,,,,,,,
45b4452fabb935f780dc3f900ee23603053e53497c3714cdceb275add4b846e9,1,0.0,0.0,0.0,430.75,430.75,,,,,,,,,,,
45d85c2baa07bf55dbff36e0c14a1e42589b55c7e6f742df2f0b031f25060564,2,10.5,11.0,1.0,293271.2,146635.6,45d85c2baa07bf55dbff36e0c14a1e42589b55c7e6f742df2f0b031f25060564,4631100.0,RJ,5000000000000000.0,9010000000000000.0,506.0,147560.0,690.0,16735.0,730.0,984.0
45e7b4e464d4da663e545ef9da637fc63be991737c6decd6aa1aa17ad2d6dd46,1,0.0,0.0,0.0,2100.0,2100.0,45e7b4e464d4da663e545ef9da637fc63be991737c6decd6aa1aa17ad2d6dd46,3299099.0,SP,8590000000000000.0,1000.0,947.0,125500.0,900.0,20539.0,966.0,987.0
45f4ca4873d12290f20192dd344784118915b43ab656f912e11941affa100643,1,0.0,0.0,0.0,78.28,78.28,,,,,,,,,,,
4608e3df7413949fdd8092f4298f9cca83dacec90a8904bddb30c190bf2a1ee5,1,1.0,1.0,1.0,574.6,574.6,,,,,,,,,,,
46149e5f2815c8d3f87802933c01e8a7f839b2c3539bd01be5dda8407baf30a7,3,7.333333333333333,22.0,0.3333333333333333,687950.63,229316.87666666668,46149e5f2815c8d3f87802933c01e8a7f839b2c3539bd01be5dda8407baf30a7,4644301.0,SP,1.88e+16,821052000000000.0,207.0,7650000000000000.0,650.0,8476.0,192.0,971.0
46181f98b1fccb17db07b40932ec7fb95d33bf8df28982392b860cd16af43cfd,1,0.0,0.0,0.0,608.78,608.78,46181f98b1fccb17db07b40932ec7fb95d33bf8df28982392b860cd16af43cfd,4781400.0,SC,9850000000000000.0,7350000000000000.0,957.0,2.36e+16,980.0,0.0,983.0,986.0
462a076beb106dc7250aa5f0fe0ecf7a1783aa88ef11df65de845d090d2f6180,1,0.0,0.0,0.0,1348.41,1348.41,462a076beb106dc7250aa5f0fe0ecf7a1783aa88ef11df65de845d090d2f6180,2733300.0,SP,9750000000000000.0,9940000000000000.0,947.0,1.68e+16,940.0,148.0,971.0,989.0
4660e43c72553c989706f1df4053bf452bef37e8acb6692c701139a64634a8ae,9,0.0,0.0,0.0,24978.7,2775.411111111111,4660e43c72553c989706f1df4053bf452bef37e8acb6692c701139a64634a8ae,4711302.0,SP,9480000000000000.0,921411000000000.0,957.0,2.4e+16,970.0,5175.0,979.0,988.0
46a2930e9d097dc498c7883585f656aed22a6d7b0deb12fd201196812826f56a,8,0.0,0.0,0.0,55407.74,6925.9675,46a2930e9d097dc498c7883585f656aed22a6d7b0deb12fd201196812826f56a,2222600.0,SP,9670000000000000.0,3.22e+16,918.0,198700.0,960.0,21338.0,969.0,988.0
46abd6f08e955bd47144d827160fbdb277db6c13d3758d785dda47759e320fa9,1,1.0,1.0,1.0,622.0,622.0,,,,,,,,,,,
46d1115089bc1768e73489ac8341b47494d0dee6051ff880c56571a1302de474,1,1.0,1.0,1.0,534.0,534.0,,,,,,,,,,,
46d2e7f1b88e26e9194e3490b5a794beb9e80348966300e10e66d1b2015fb72f,1,0.0,0.0,0.0,3908.4,3908.4,,,,,,,,,,,
46de7541a2bade19f1cb82878ca54cb1f2ab24b7130d60104ee1d3e5717b6777,3,0.0,0.0,0.0,63836.259999999995,21278.75333333333,,,,,,,,,,,
46ecd74c970e00adb8da9e82cbb2127564ba0c43f448936314da89adf1125ce6,2,0.0,0.0,0.0,383.64,191.82,,,,,,,,,,,
46edcdc15b8f8400cdab7bd526cf4e7b770e9d3226b7a48b7a5291bf25e71686,1,0.0,0.0,0.0,1439.96,1439.96,,,,,,,,,,,
46edd9a956c77fb7dc078ac47ff847d8b2a658566b9ed65e3fc9addbf9870013,1,0.0,0.0,0.0,328.43,328.43,,,,,,,,,,,
47114c06ccc2311a8a32f7ea87b7bc994992fe3f456cd72bb7f67f9ebb8779ba,1,0.0,0.0,0.0,2552.03,2552.03,,,,,,,,,,,
4733136b86db508a2c0dcdfd849bbdd1452f30d4cb3ca0fff8793b077d6fd573,2,0.0,0.0,0.0,3222.83,1611.415,,,,,,,,,,,
473751e582e04ea39238a6cdff41a6eff17a0877c025ac2e5c3361b418c7433e,1,0.0,0.0,0.0,306.18,306.18,,,,,,,,,,,
4751f2a2bdabe6ef05f6103ae02203bf741e68db4b68290b23b1afd340cd0ec5,1,68.0,68.0,1.0,1719.21,1719.21,,,,,,,,,,,
47653a7378a2dd996138ef57c3cda359811f03dfde4a5307bf957abf88fd19fe,1,0.0,0.0,0.0,1811.24,1811.24,47653a7378a2dd996138ef57c3cda359811f03dfde4a5307bf957abf88fd19fe,4541203.0,PR,7840000000000000.0,5560000000000000.0,416.0,45200.0,720.0,15724.0,821.0,987.0
476aa44a57f77cb8411e1f6febd062129b8b6872bd9298874bf8c2e6838fea2f,1,1.0,1.0,1.0,462.78,462.78,,,,,,,,,,,
478523eb33282544008c173afa4f6661795368f2bbcafd42ae5a76a7e59dccca,1,0.0,0.0,0.0,622.64,622.64,478523eb33282544008c173afa4f6661795368f2bbcafd42ae5a76a7e59dccca,4623106.0,SP,9510000000000000.0,3190000000000000.0,825.0,1.52e+16,940.0,503.0,335.0,982.0
47943fa8d667f731049a2e0df6f15910a34cae6ce092143105c0d674de5e6fe4,1,0.0,0.0,0.0,71.82,71.82,,,,,,,,,,,
4794deb73ec0a7f06f17479ad961cdf07eb9f7347086dabe7b5e446341704dde,3,1.6666666666666667,3.0,0.6666666666666666,748.95,249.65,4794deb73ec0a7f06f17479ad961cdf07eb9f7347086dabe7b5e446341704dde,5229002.0,SP,5300000000000000.0,50.0,410.0,72600.0,690.0,65502.0,611.0,972.0
4798e7d338834fd26fe1790d8c9e83614aebad4a3102ad535d0f1832ce0aaf28,1,0.0,0.0,0.0,734.05,734.05,,,,,,,,,,,
47a48f83c71eb8e0ebd84b626c052cbf5c977c7dc79d4e945e748b2c8a33fd59,1,0.0,0.0,0.0,540.54,540.54,,,,,,,,,,,
47acd582b310dd9f1612be944360aad369ca80566173246543f527900d9f8625,1,0.0,0.0,0.0,2411.71,2411.71,47acd582b310dd9f1612be944360aad369ca80566173246543f527900d9f8625,4711302.0,GO,963694000000000.0,9490000000000000.0,959.0,2330000000000000.0,970.0,1904.0,981.0,989.0
47efca9f7ec0529680460dbbe6049fb34d87afe60c7f04e174ccc11c646e0897,1,0.0,0.0,0.0,865.14,865.14,47efca9f7ec0529680460dbbe6049fb34d87afe60c7f04e174ccc11c646e0897,4686902.0,SP,984738000000000.0,8860000000000000.0,894.0,1.67e+16,960.0,7699.0,963.0,989.0
47f04a76f8a3edd7df3c16662ca8fd50155d681ce2ebc1182d59916ce6a256c3,1,0.0,0.0,0.0,1076.8,1076.8,,,,,,,,,,,
480bb31e21e043c9baf03858c8053a864dce397e8728637c5dfa511139aec94d,2,8.5,9.0,1.0,75000.0,37500.0,,,,,,,,,,,
480d7dc14df24abbe2f970acfa67a1367b092ca5aaaa26789b0a332212bbec53,1,0.0,0.0,0.0,61612.29,61612.29,480d7dc14df24abbe2f970acfa67a1367b092ca5aaaa26789b0a332212bbec53,1311100.0,SP,8640000000000000.0,9520000000000000.0,944.0,1980000000000000.0,940.0,0.0,980.0,989.0
482d055422188d0f2b7bafc835eba93efc245123c2c55f69d512adae85f72ac4,1,0.0,0.0,0.0,598.37,598.37,,,,,,,,,,,
484de2d090affcb21520f3f50ab7f9fd9023fea4a34ac3b05554710a44c4ef18,1,4.0,4.0,1.0,646.68,646.68,,,,,,,,,,,
4853150a3f6104206fcaf2a8d714802119f1fc3d3cdfe1cdd9fe53bc65d61fcb,1,0.0,0.0,0.0,291.89,291.89,4853150a3f6104206fcaf2a8d714802119f1fc3d3cdfe1cdd9fe53bc65d61fcb,4742300.0,SC,1000.0,803292000000000.0,951.0,281000.0,960.0,0.0,982.0,988.0
48691a44b78138762d15cf135f210c1a74a31211eb7100c621f79acbcf04ee55,1,0.0,0.0,0.0,373.1,373.1,,,,,,,,,,,
486baffcc5341d22e03afbc89c35c90c375ce5207f1adfb67ef7831be7ce913d,1,0.0,0.0,0.0,914.75,914.75,486baffcc5341d22e03afbc89c35c90c375ce5207f1adfb67ef7831be7ce913d,4742300.0,SC,1000.0,9720000000000000.0,915.0,240600.0,960.0,0.0,978.0,989.0
486f01459c3e2c457e565dff74d5de0c07d03995685ea303963833715dc12c9a,1,1.0,1.0,1.0,580.94,580.94,,,,,,,,,,,
486fde6fa2d6f06d016daeff89e2f22dc2bfd5aa889c536a334cf0fb4fc02b33,2,0.0,0.0,0.0,4530.0,2265.0,486fde6fa2d6f06d016daeff89e2f22dc2bfd5aa889c536a334cf0fb4fc02b33,2342701.0,SP,9940000000000000.0,9420000000000000.0,952.0,221700.0,970.0,5924.0,980.0,988.0
488219f58d46c6f07446c424045963e70df399d97b265d67589e0c15181a979e,1,0.0,0.0,0.0,2175.7,2175.7,,,,,,,,,,,
4893e199cf120e94326bb6abd7da71942d88f19c517f386cd55627cce4dd16bc,1,0.0,0.0,0.0,638.98,638.98,,,,,,,,,,,
4897f4d0fc0f4a0201ee496bbc3fda1cde9564cccc5e47d63622aa97d7d1085c,1,0.0,0.0,0.0,111.96,111.96,,,,,,,,,,,
48aa53376c8e8f39677b85cdac764871a361c5cbefdb9be5819f3b88e24053a1,2,0.0,0.0,0.0,2784.0,1392.0,48aa53376c8e8f39677b85cdac764871a361c5cbefdb9be5819f3b88e24053a1,1091101.0,SP,7000000000000000.0,8730000000000000.0,440.0,1550000000000000.0,770.0,0.0,919.0,986.0
48b6c0f3744aea4dc47e6c681f655fa06add7cbeafb64dbdcd9bf888d9044432,1,1.0,1.0,1.0,589.41,589.41,,,,,,,,,,,
48b9e605108c273c6e5871c399a48e2e09383f4797d83c7e39029eda145dae25,1,0.0,0.0,0.0,331.64,331.64,,,,,,,,,,,
48db299e2d459f993b60bf092d9da08f42b8e7901e749481ccfc37d0aef946d6,1,0.0,0.0,0.0,1250.4,1250.4,48db299e2d459f993b60bf092d9da08f42b8e7901e749481ccfc37d0aef946d6,2710402.0,SP,9810000000000000.0,8930000000000000.0,963.0,147250.0,960.0,0.0,982.0,988.0
48e2621e62f541b642cf2fa79b034f40b216111f24674cb3a36011ca36a54050,16,0.125,1.0,0.125,522873.0,32679.5625,48e2621e62f541b642cf2fa79b034f40b216111f24674cb3a36011ca36a54050,4753900.0,MG,8370000000000000.0,6770000000000000.0,805.0,2.22e+16,870.0,869.0,979.0,986.0
4907ff2c5bcfdac9d72a13d77b20ed042937a8bb09f59d183863913e6ae459ca,1,0.0,0.0,0.0,5376.0,5376.0,4907ff2c5bcfdac9d72a13d77b20ed042937a8bb09f59d183863913e6ae459ca,2061400.0,SE,9600000000000000.0,9900000000000000.0,947.0,1.81e+16,950.0,2594.0,983.0,989.0
490dbcafef60139e26f298760a3edf10c1cbb793f5806645c38bead1d877f7f8,1,0.0,0.0,0.0,3804.38,3804.38,,,,,,,,,,,
491a6af95d62ad88b69cde48f504f320df00db3c1efab34c2c817f83d2048a04,1,0.0,0.0,0.0,559.2,559.2,,,,,,,,,,,
492f5000917cda453681e4b2ddd6b81e097c4e01aef9629f7ad9c9ada06868bd,1,0.0,0.0,0.0,689.4,689.4,,,,,,,,,,,
49332f28cf245b36574a85b89685a0abe165a0ff2560af997a5bb2c8a2e5b338,2,6.0,7.0,1.0,1838.04,919.02,49332f28cf245b36574a85b89685a0abe165a0ff2560af997a5bb2c8a2e5b338,4754702.0,PR,6200000000000000.0,1000.0,915.0,9880000000000000.0,910.0,23096.0,965.0,988.0
493a90163bdb7e4a33d2175862f395510c6918c41261690791218f2c2a68a0af,4,0.0,0.0,0.0,20446.120000000003,5111.530000000001,,,,,,,,,,,
493f41230979d0ebe1b020bc1124ef15ad9ff1352d089f6ec6600695d64594db,2,49.0,98.0,0.5,148260.0,74130.0,493f41230979d0ebe1b020bc1124ef15ad9ff1352d089f6ec6600695d64594db,4691500.0,MS,2.18e+16,1000.0,469.0,1.38e+16,920.0,16183.0,937.0,987.0
494f3789d71cd2ebec486b92b0f5119d46350b38ab563641a3990811c843e60b,1,0.0,0.0,0.0,2200.0,2200.0,494f3789d71cd2ebec486b92b0f5119d46350b38ab563641a3990811c843e60b,4530705.0,SP,9980000000000000.0,9060000000000000.0,924.0,1.9e+16,930.0,0.0,976.0,989.0
496cf622b025597431c9cf39cd885594357c5bc6c053c29974e98d794f52217f,1,0.0,0.0,0.0,1140.33,1140.33,496cf622b025597431c9cf39cd885594357c5bc6c053c29974e98d794f52217f,4755502.0,CE,993988000000000.0,6670000000000000.0,817.0,0.0,660.0,0.0,874.0,984.0
497aff7351de7b51834e5e585f6c6613d949466b6e8e75e7c1416b21fd6df266,2,0.0,0.0,0.0,375.15999999999997,187.57999999999998,497aff7351de7b51834e5e585f6c6613d949466b6e8e75e7c1416b21fd6df266,1330800.0,SP,6080000000000000.0,3580000000000000.0,438.0,1080000000000000.0,830.0,10719.0,721.0,984.0
4998c297b9c4baab1abadfaa116b1cede91df8d9b52c34cbcac016c30d4239a0,1,0.0,0.0,0.0,949.02,949.02,,,,,,,,,,,
499fdc87ab9a47b8abbd6e55f37df4ae960a2c46125d33794deb321a3729f599,1,0.0,0.0,0.0,961.0,961.0,499fdc87ab9a47b8abbd6e55f37df4ae960a2c46125d33794deb321a3729f599,4772500.0,MG,9940000000000000.0,9490000000000000.0,958.0,242000.0,950.0,0.0,979.0,989.0
49e2108f681f0d4e030c988cf1ace3281b2ff7ba8ca19353fbdf5949cfaba992,2,0.0,0.0,0.0,526.24,263.12,49e2108f681f0d4e030c988cf1ace3281b2ff7ba8ca19353fbdf5949cfaba992,4744099.0,SC,9960000000000000.0,7560000000000000.0,930.0,222200.0,970.0,0.0,973.0,988.0
49ef41fc83c5b1981945090abe5da6cd740383a006e1a9242101757f5367fd9f,5,3.4,5.0,0.8,17418.43,3483.686,49ef41fc83c5b1981945090abe5da6cd740383a006e1a9242101757f5367fd9f,2833000.0,SC,4.14e+16,5560000000000000.0,313.0,878745000000000.0,630.0,9178.0,65.0,969.0
49fde4a6e86eb270a0291a803354902e6672187356e847413cfa3298d8e92e4e,2,0.0,0.0,0.0,2615.0,1307.5,49fde4a6e86eb270a0291a803354902e6672187356e847413cfa3298d8e92e4e,4691500.0,SP,9720000000000000.0,9300000000000000.0,945.0,2.26e+16,960.0,1415.0,981.0,988.0
4a09d0aa41fa0e8ea2a63f1f9d17cedd682bfc5258939c50bf818af198bba7b0,1,0.0,0.0,0.0,1065.76,1065.76,,,,,,,,,,,
4a15e937c2ee29f04ecc9cf73626d89d1138732e2f207cbdc98b6c6156d3faec,1,0.0,0.0,0.0,649.64,649.64,,,,,,,,,,,
4a44b3294f316beca5a8a959f7af354f7b96c2ba6ee6f3a99544d4660ccbfb1b,1,4.0,4.0,1.0,1213.04,1213.04,,,,,,,,,,,
4a693f4e6029249201e55b6cad923aebf236bf08afa1096d9863c3dd4b3ed68f,1,0.0,0.0,0.0,875.09,875.09,,,,,,,,,,,
4a83e4dad23754fd93298d391f6a1a59919c6e0404e4fc0f548467bf24de78f3,1,0.0,0.0,0.0,1289.88,1289.88,4a83e4dad23754fd93298d391f6a1a59919c6e0404e4fc0f548467bf24de78f3,4712100.0,PR,9590000000000000.0,8950000000000000.0,944.0,2.28e+16,970.0,1368.0,977.0,989.0
4aa4b2a224bec1380b5bdc2b1076067714cef4701eaa03e295c3ca125d512efd,1,0.0,0.0,0.0,1383.43,1383.43,4aa4b2a224bec1380b5bdc2b1076067714cef4701eaa03e295c3ca125d512efd,4642701.0,SP,9750000000000000.0,8170000000000000.0,876.0,2.48e+16,980.0,5925.0,968.0,988.0
4aa9adcc976c063fcf4796f0f3c4e4c4f88e57833334cb9d9a4f2fec38d347bc,1,0.0,0.0,0.0,17462.3,17462.3,4aa9adcc976c063fcf4796f0f3c4e4c4f88e57833334cb9d9a4f2fec38d347bc,7739099.0,SP,75696000000000.0,7110000000000000.0,651.0,9750000000000000.0,780.0,1535.0,928.0,988.0
4abaea0cb501ba60beeb3878f7683a33782821600520d08cde1a27033d495024,1,0.0,0.0,0.0,273.57,273.57,4abaea0cb501ba60beeb3878f7683a33782821600520d08cde1a27033d495024,4742300.0,SC,1000.0,7930000000000000.0,951.0,280000.0,960.0,0.0,980.0,988.0
4acfe650331d7c1dd3542d09360a5e8d1627a874328619ea86157fdce972bba2,1,12.0,12.0,1.0,301.2,301.2,,,,,,,,,,,
4af1a76ed4a27461a0084d6040753fe1c1b8519eca18c166af8ac3637a80836d,1,0.0,0.0,0.0,126.75,126.75,,,,,,,,,,,
4b0dd47c170ea40dd585a3ceed25aacfaaf078306bd47b9353560f2dfd3cde76,1,5.0,5.0,1.0,1281.98,1281.98,,,,,,,,,,,
4b0e5445918f67a133b71e7a233fb6b2ca9d8b6e19d2d4d826726bfbfadea28f,1,0.0,0.0,0.0,10336.93,10336.93,4b0e5445918f67a133b71e7a233fb6b2ca9d8b6e19d2d4d826726bfbfadea28f,4789005.0,PR,9780000000000000.0,918110000000000.0,796.0,1.87e+16,850.0,31.0,961.0,988.0
4b1f1b30fbd4083355e020fbbaefc841dd3b4c324e996dc4e0d6c79e1b9dbf56,1,0.0,0.0,0.0,6148.83,6148.83,,,,,,,,,,,
4b238715deaeaa554f3ce7419058f51dd10735b141006d08c552556c51d7cb5c,1,6.0,6.0,1.0,318.36,318.36,,,,,,,,,,,
4b2682d4dcccceb4dcf39d9dfbcb5615c8c0d30a0783fdd4c4f6fb0e59a1cf13,4,0.0,0.0,0.0,25533.809999999998,6383.452499999999,4b2682d4dcccceb4dcf39d9dfbcb5615c8c0d30a0783fdd4c4f6fb0e59a1cf13,2949299.0,SP,9810000000000000.0,7700000000000000.0,947.0,1.92e+16,940.0,685.0,972.0,989.0
4b29cf832593e8311c381b2730bb51ce41c0f7d2130a9c6351fccf58d975b310,1,0.0,0.0,0.0,189.72,189.72,4b29cf832593e8311c381b2730bb51ce41c0f7d2130a9c6351fccf58d975b310,4672900.0,SP,9980000000000000.0,984149000000000.0,960.0,2510000000000000.0,970.0,0.0,978.0,988.0
4b35a4528c8ee4c4c889c80c5d7565a159352115af50e42471bb0814354bfb73,2,0.0,0.0,0.0,100.0,50.0,4b35a4528c8ee4c4c889c80c5d7565a159352115af50e42471bb0814354bfb73,4639701.0,SP,2.56e+16,7540000000000000.0,83.0,175875.0,380.0,4242.0,70.0,741.0
4b608f06c2f1b7c0693f19b651036978a62f0fe0dc5551f80a80f80428e423e9,6,0.16666666666666666,1.0,0.16666666666666666,8316.35,1386.0583333333334,4b608f06c2f1b7c0693f19b651036978a62f0fe0dc5551f80a80f80428e423e9,2790299.0,SP,9580000000000000.0,942139000000000.0,958.0,2.25e+16,980.0,2269.0,983.0,988.0
4b804049ddd69c5939abd62f343bb5ceab33301e30ca8f9d62cd11802850c1e3,1,0.0,0.0,0.0,181.64,181.64,,,,,,,,,,,
4b9843b169e9fc33ee12e876cd5f60243a440ee6ae325690a34cbe83b494db36,1,1.0,1.0,1.0,556.0,556.0,4b9843b169e9fc33ee12e876cd5f60243a440ee6ae325690a34cbe83b494db36,4744005.0,SC,9600000000000000.0,7480000000000000.0,932.0,1.82e+16,970.0,1382.0,978.0,988.0
4bc546dcbf302c716a42ef45a9b449c93e06012b2a227dd438ecce0cb19faabf,2,0.0,0.0,0.0,68138.26999999999,34069.134999999995,4bc546dcbf302c716a42ef45a9b449c93e06012b2a227dd438ecce0cb19faabf,4693100.0,ES,922026000000000.0,4.71e+16,953.0,1.84e+16,960.0,12702.0,980.0,988.0
4bc8f84621090ddeee58575f1529aa0dc0c86ffe052d771beff3640940e210ca,1,0.0,0.0,0.0,12844.23,12844.23,4bc8f84621090ddeee58575f1529aa0dc0c86ffe052d771beff3640940e210ca,4673700.0,SP,9870000000000000.0,8470000000000000.0,958.0,2.54e+16,980.0,3852.0,983.0,989.0
4bf879705843b689ecf4307ecae55176d62ea0c0701284ee9f7b7f4794c91160,6,0.0,0.0,0.0,60358.63,10059.771666666666,,,,,,,,,,,
4c06de351f2071004c323933770c371245186ca9f68199d20d36e47f5ad04115,1,0.0,0.0,0.0,2135.17,2135.17,,,,,,,,,,,
4c0ffe54925c9a7bc34c55433c937bf5029816cfbf76917ab828e27cabfa053e,1,0.0,0.0,0.0,1030.29,1030.29,,,,,,,,,,,
4c18f0e74588e35e281a3e0a3c7087ee59dfb827ba599a2286affacdbaa8c86a,1,0.0,0.0,0.0,534.6,534.6,,,,,,,,,,,
4c34ffe017b3fa09fc6ae69785b44fdfa02026c68ce8d6b5ff1dac375520b7eb,2,0.0,0.0,0.0,927.6299999999999,463.81499999999994,4c34ffe017b3fa09fc6ae69785b44fdfa02026c68ce8d6b5ff1dac375520b7eb,4744005.0,SC,9500000000000000.0,9870000000000000.0,892.0,1990000000000000.0,950.0,4632.0,978.0,986.0
4c3bdb49ac7798e6f1ecf1c1c62a53c96b133d41d662c442d7ebd82814eb2ca3,1,2.0,2.0,1.0,3140.0,3140.0,,,,,,,,,,,
4c45a1405fa7e97cfefe7096e655af86b6718155d6de08c25c00c5de7acfe85e,1,1.0,1.0,1.0,1140.49,1140.49,4c45a1405fa7e97cfefe7096e655af86b6718155d6de08c25c00c5de7acfe85e,4759899.0,RS,8770000000000000.0,8280000000000000.0,924.0,1.87e+16,970.0,7834.0,977.0,989.0
4c49a69d7d298914638bc47cda3255aefa82aa0dba3c933fba3a37b4dea5ab4d,2,0.0,0.0,0.0,241627.93,120813.965,,,,,,,,,,,
4c6883ff57ef753d4c210a05a2d65c5fdaa2e1b17fc4f10f01a96e8835ac409b,3,0.0,0.0,0.0,360559.64,120186.54666666668,,,,,,,,,,,
4c85e716804c2ef01e855f56e1e8defc8dfa697879a6e14da7f1d2006c058f60,1,20.0,20.0,1.0,3482.5,3482.5,,,,,,,,,,,
4cad92f3263a05d266210471ea0813920b1a147ba23d1e6b246b4274174a61dc,1,0.0,0.0,0.0,13045.0,13045.0,4cad92f3263a05d266210471ea0813920b1a147ba23d1e6b246b4274174a61dc,4633801.0,PR,9360000000000000.0,9710000000000000.0,965.0,2.86e+16,950.0,0.0,985.0,989.0
4ccabfff17ea0cf0e7bd5c6d8c75f7b6f6ca79f33688b58fb69aa8c08c3bd32e,1,0.0,0.0,0.0,141.83,141.83,,,,,,,,,,,
4ccd23bfe2039bb21b7e2a0f6a7a7d4250a2b2eb620e37b25e931c3e39e724e8,1,0.0,0.0,0.0,2583.28,2583.28,,,,,,,,,,,
4ccfa945db6938ab57623ccc3bc1ed704e44b2c02b11ab1bbcf9171df59dc0ec,1,0.0,0.0,0.0,433.08,433.08,,,,,,,,,,,
4cd1fc9b156df7fb6f025139ea9b4e8bc1fb8be65744ad774f722b69a1925481,1,0.0,0.0,0.0,434.73,434.73,4cd1fc9b156df7fb6f025139ea9b4e8bc1fb8be65744ad774f722b69a1925481,4781400.0,RS,9150000000000000.0,1.61e+16,777.0,193500.0,910.0,18434.0,903.0,985.0
4cd4b8c3e03b1af04d7e6e4437eef3955a7bfe5fd729b0c7e5cfa79fddf1d646,1,1.0,1.0,1.0,18775.66,18775.66,4cd4b8c3e03b1af04d7e6e4437eef3955a7bfe5fd729b0c7e5cfa79fddf1d646,4120400.0,BA,9960000000000000.0,2930000000000000.0,948.0,1.93e+16,890.0,0.0,972.0,989.0
4cf2ea5ef44eda84a6598c4bc2b3a69b27e4ab60c3d9f08718750178ce5aa9a3,1,2.0,2.0,1.0,3042.6,3042.6,4cf2ea5ef44eda84a6598c4bc2b3a69b27e4ab60c3d9f08718750178ce5aa9a3,1412601.0,SP,9740000000000000.0,9630000000000000.0,926.0,254125.0,930.0,0.0,978.0,989.0
4cf5310dec19c97e0631286b22f5082e2158606a9479e797f8624927149b573c,1,0.0,0.0,0.0,552.37,552.37,4cf5310dec19c97e0631286b22f5082e2158606a9479e797f8624927149b573c,4744001.0,SC,9870000000000000.0,5030000000000000.0,951.0,206800.0,950.0,13876.0,976.0,987.0
4cfbcc8dac4df30d2e8c3c8929f88145c0ea9be559ed08859b2483ef7efbf566,1,0.0,0.0,0.0,12456.63,12456.63,,,,,,,,,,,
4cfd9d7e0c7363824a11fc37b1dcdb39aac327dcf8eeeb3778454b3858a34c8a,1,0.0,0.0,0.0,492.07,492.07,,,,,,,,,,,
4cfe9f47ce86d6ee1fcf1311db9111a25a81bebbbca6163466653e5f56183d8a,2,0.0,0.0,0.0,3477.7799999999997,1738.8899999999999,,,,,,,,,,,
4d0a7da814923ca22c05f78d3e54a914b2bb7a65fa69662ec2f76c13db956c2d,1,0.0,0.0,0.0,923.38,923.38,,,,,,,,,,,
4d0dafaca69a980bd3c4aec69f062c49e85851f911d14b2753978708e6f09b4e,1,0.0,0.0,0.0,298.93,298.93,4d0dafaca69a980bd3c4aec69f062c49e85851f911d14b2753978708e6f09b4e,4771701.0,PR,9320000000000000.0,7520000000000000.0,951.0,2.36e+16,980.0,395.0,983.0,989.0
4d1e0e6bed46a63ac17c97ef153512dddf1b601475604524eab9a2cc5b581a91,1,0.0,0.0,0.0,86400.0,86400.0,4d1e0e6bed46a63ac17c97ef153512dddf1b601475604524eab9a2cc5b581a91,1095300.0,RJ,9360000000000000.0,8690000000000000.0,857.0,1.78e+16,910.0,7693.0,964.0,989.0
4d1e23316ad379e800c52d5bc323eff93d1a17e0e916e433bc54ab2d929d1e8c,1,0.0,0.0,0.0,3907.3,3907.3,,,,,,,,,,,
4d1fd200c070ff4428de7938ecd182ef6776f3f1044e998a9c6d475c856719c2,2,0.5,1.0,0.5,256.09999999999997,128.04999999999998,,,,,,,,,,,
4d45e4f38590d8f99a8d79eee877057967dd2aa59056a2c8baba49ca8afb52a5,1,0.0,0.0,0.0,831.7,831.7,,,,,,,,,,,
4d482c29f94bc5e771fa786b8c6ca67796f41e1c45c300793ea540ebca5c76dc,1,0.0,0.0,0.0,238.5,238.5,4d482c29f94bc5e771fa786b8c6ca67796f41e1c45c300793ea540ebca5c76dc,6920601.0,MG,2.95e+16,5620000000000000.0,152.0,162500.0,360.0,0.0,122.0,877.0
4d5815bbedc46d37cec35ff3826cb0f31d40859e3b25f838d31c1a82641fbb26,1,6.0,6.0,1.0,429.05,429.05,,,,,,,,,,,
4da6aa26c3bbc9ee34ec6a9d991634742f5e557140284a7268d788e9c2ca15fa,1,0.0,0.0,0.0,19320.0,19320.0,4da6aa26c3bbc9ee34ec6a9d991634742f5e557140284a7268d788e9c2ca15fa,4645101.0,SP,6730000000000000.0,6560000000000000.0,915.0,1950000000000000.0,950.0,1073.0,975.0,989.0
4db40dc751d41db325a3185c63f88964bb84c4694f5a9fd2903e391c577cf1f7,2,0.0,0.0,0.0,891.77,445.885,,,,,,,,,,,
4dba26bb408d344327ad366d693b7d03cf7de5de30ae5d0dc7a317f42b8ded26,2,0.0,0.0,0.0,818.7099999999999,409.35499999999996,4dba26bb408d344327ad366d693b7d03cf7de5de30ae5d0dc7a317f42b8ded26,4639701.0,SP,9020000000000000.0,9060000000000000.0,931.0,2.24e+16,930.0,21423.0,978.0,989.0
4dcd39ebd82cdb3a50ef915a1466e5ffe1ba9ae2b26069368e7395b0e1f25f3e,2,0.0,0.0,0.0,166169.45,83084.725,4dcd39ebd82cdb3a50ef915a1466e5ffe1ba9ae2b26069368e7395b0e1f25f3e,2733300.0,SP,9860000000000000.0,8530000000000000.0,948.0,191000.0,950.0,6988.0,982.0,988.0
4dcf670b2c2b5df48685a5862db65154ace8278434ec69253fca7667b0a21e95,1,0.0,0.0,0.0,804.78,804.78,,,,,,,,,,,
4de0c18b241cf0c349da16f5f98999f527c4565e902bb6de3e20c4c0af8da515,1,0.0,0.0,0.0,691.5,691.5,4de0c18b241cf0c349da16f5f98999f527c4565e902bb6de3e20c4c0af8da515,4721103.0,PR,9560000000000000.0,755410000000000.0,865.0,1.8e+16,850.0,4205.0,950.0,989.0
4dec6f1b18bda0e76d4ff091378d73ec283bf46557cb3f99651e4a679e64d881,1,1.0,1.0,1.0,1860.0,1860.0,,,,,,,,,,,
4df6b27a8dedfb16efa6534ec05fa7aa556ee01864cab479dd249f95692e9cd6,1,21.0,21.0,1.0,1894.75,1894.75,,,,,,,,,,,
4e0a1e15504a85b8ae92fc54fb8588d510f9fb70aa1453cd142c1f49be2d1b1e,1,5.0,5.0,1.0,621.27,621.27,,,,,,,,,,,
4e36e9ca5320f1d431e8dc5d046723cefa279cc9119f87f5333edc13c8c5f392,1,0.0,0.0,0.0,3671.58,3671.58,4e36e9ca5320f1d431e8dc5d046723cefa279cc9119f87f5333edc13c8c5f392,4530703.0,PB,9480000000000000.0,569818000000000.0,900.0,1.58e+16,820.0,0.0,904.0,986.0
4e37217196b2c71147374cb8137fb51b2addf6e897a33fc9f5d7c11f5437fed3,1,0.0,0.0,0.0,510.72,510.72,,,,,,,,,,,
4e38e9e67082fb8520bcab975274869ccb5d23806e90c72c6998360662264fa6,1,0.0,0.0,0.0,383.38,383.38,,,,,,,,,,,
4e576f555840390c4ecbd9e2bf915ad681fddda5a8caeac8fed3d20e84cb9e1b,1,0.0,0.0,0.0,321.95,321.95,,,,,,,,,,,
4e6de9bb991123d24481857cc7dc0ff796c2b35a4ebf641bcadea618af31b8d2,1,0.0,0.0,0.0,1016.67,1016.67,,,,,,,,,,,
4e71a3375df9ac2a8fa6ad4b61fc9a26fcdc1df72cf69a783b29a9a7a23cf2a4,1,2.0,2.0,1.0,422.3,422.3,,,,,,,,,,,
4e7884a3d26638d90bf4be2098565e8b7acf297a61db2ecf838eb3873abf8743,1,0.0,0.0,0.0,293.02,293.02,,,,,,,,,,,
4e8a09bbb395f0e6be88f37acc74c6015bb34780e3d7e1d3ba00146f944c8457,2,1.0,1.0,1.0,2619.49,1309.745,4e8a09bbb395f0e6be88f37acc74c6015bb34780e3d7e1d3ba00146f944c8457,4781400.0,RJ,950955000000000.0,9090000000000000.0,775.0,153000.0,680.0,0.0,575.0,984.0
4e9c89930cd921c77b65550a0d30f2831d1298c21de8be367ef8b37f5ef446e3,1,0.0,0.0,0.0,8000.0,8000.0,4e9c89930cd921c77b65550a0d30f2831d1298c21de8be367ef8b37f5ef446e3,1330800.0,PR,920741000000000.0,991007000000000.0,901.0,1.15e+16,920.0,1104.0,979.0,989.0
4ebc9c1a422259e7c5fe36f3d7bd614ac6d95c86e9bbba585f86787d5fc5c02f,1,0.0,0.0,0.0,363.12,363.12,,,,,,,,,,,
4ecae66c22b631b1cb0adf60d2b73635a07db20e01783e6061a0ea00356b1c31,1,0.0,0.0,0.0,3160.56,3160.56,4ecae66c22b631b1cb0adf60d2b73635a07db20e01783e6061a0ea00356b1c31,4711302.0,GO,9330000000000000.0,949519000000000.0,843.0,33000.0,940.0,2225.0,962.0,986.0
4ee4cd17acce5d74e63e4d51b875fddbfd3c059aded2b0361868ab9048cf1fa6,1,0.0,0.0,0.0,256.87,256.87,,,,,,,,,,,
4ef38aa94c0d930a1e373245c41eb2bb60de2c504073a4d7a80cdde29b719a6f,2,0.0,0.0,0.0,5295.69,2647.845,,,,,,,,,,,
4f0c0f7b949a148695b1b25589bd0d1702aa314e2fe5bf614fbba4c98480fc19,1,0.0,0.0,0.0,405.26,405.26,,,,,,,,,,,
4f265855c88c5d176482dbeff969773e8a242d53fea554f421c8ba0795703b24,1,0.0,0.0,0.0,6877.66,6877.66,4f265855c88c5d176482dbeff969773e8a242d53fea554f421c8ba0795703b24,2062200.0,AL,7900000000000000.0,7390000000000000.0,931.0,2.25e+16,940.0,0.0,982.0,988.0
4f2b56a65be8dc31bfd6feb23d059abcd86fc8f0a93a5b95f7f94f18e30de6f4,1,2.0,2.0,1.0,53969.71,53969.71,,,,,,,,,,,
4f57dcfe185da9c3f143acbbd99be4215992308ed17192274111780fc8254ac6,1,25.0,25.0,1.0,2348.53,2348.53,,,,,,,,,,,
4f6563bbc50ba50252a51e01797deac3b35ab5e70e26eda444a0066b82bcb2a6,1,0.0,0.0,0.0,1070.42,1070.42,,,,,,,,,,,
4f68df7336b07673b9eee31dfe68a1a5baff5e0c566c3176b9a6a11ec8843a19,1,3.0,3.0,1.0,425.18,425.18,4f68df7336b07673b9eee31dfe68a1a5baff5e0c566c3176b9a6a11ec8843a19,4647801.0,PE,8900000000000000.0,8720000000000000.0,915.0,198000.0,880.0,0.0,980.0,987.0
4f78bcea7a3af8f4d5357a3ee64e327b77bfe68c72d2849bdf200d871646ad7e,1,2.0,2.0,1.0,279.69,279.69,,,,,,,,,,,
4f79e3ac8904345a10a83b0376283107aefc5bf82c784633ed7fe85b6b06d1d0,4,1.0,2.0,0.5,4737.219999999999,1184.3049999999998,4f79e3ac8904345a10a83b0376283107aefc5bf82c784633ed7fe85b6b06d1d0,3101200.0,SC,9580000000000000.0,9380000000000000.0,946.0,2.19e+16,950.0,173.0,976.0,988.0
4f8533d6091c96cbcec9c03cbb8af784e5b7180ecd315f914904f1169af69f31,1,1.0,1.0,1.0,928.95,928.95,,,,,,,,,,,
4f86ce1a257b829fc6f28ba925db0f1c47147ca22fc6963742aec2db89196515,1,0.0,0.0,0.0,374.29,374.29,4f86ce1a257b829fc6f28ba925db0f1c47147ca22fc6963742aec2db89196515,4742300.0,SC,9760000000000000.0,6490000000000000.0,964.0,2630000000000000.0,970.0,105.0,980.0,988.0
4f9570c991d16d0fe0dceab00ec86008f0d096249ef0790658464c0e69bc4931,1,0.0,0.0,0.0,1364.58,1364.58,,,,,,,,,,,
4fa4e5a9eb55e452f0f2a78e62ee32df6a08172678820f57de1c779629673b8b,1,68.0,68.0,1.0,7175.0,7175.0,4fa4e5a9eb55e452f0f2a78e62ee32df6a08172678820f57de1c779629673b8b,4781400.0,SP,527777000000000.0,50.0,120.0,48000.0,500.0,24217.0,48.0,914.0
4fb918479a5cb6f52484802a5a882d7e7d9fec76052e3edb29ca78f998d6aa96,1,0.0,0.0,0.0,704.08,704.08,,,,,,,,,,,
4fc3bc6fa6b3ccccba391236966db690f047ad2e746fae1eb620141bdf8d1f68,1,0.0,0.0,0.0,538.92,538.92,,,,,,,,,,,
4fe964db8aee399846d4fce1b17f9f1b0a7a35001a7b6d52368ea1b49d387df8,1,1.0,1.0,1.0,45000.0,45000.0,,,,,,,,,,,
5010609d439c629fc9d501da6d758dfa45efafbceff07d53310d98b93adb648b,1,0.0,0.0,0.0,15957.13,15957.13,5010609d439c629fc9d501da6d758dfa45efafbceff07d53310d98b93adb648b,810002.0,RJ,9710000000000000.0,1000.0,950.0,211000.0,930.0,2027.0,982.0,987.0
502d5d9b140fa1298727c0f91e0714b1679ef02407516e300bb6671f216a5802,1,1.0,1.0,1.0,1822.6,1822.6,,,,,,,,,,,
503d4fe91ac45feeffb878b82561109591e1213e395b6e8ccbfa210109a4b08c,1,0.0,0.0,0.0,279.83,279.83,,,,,,,,,,,
5048a28f8eaf1c298e9d9f37a73840a39f8b55f4deef4b1f7c3533fe6e05696e,1,0.0,0.0,0.0,281.26,281.26,5048a28f8eaf1c298e9d9f37a73840a39f8b55f4deef4b1f7c3533fe6e05696e,4321500.0,SC,9220000000000000.0,709327000000000.0,931.0,2.49e+16,920.0,0.0,985.0,988.0
5049d832a75d52eb4a9e96063e6ea2e2f5dc71e804f492df144c9206e44dc866,1,3.0,3.0,1.0,592.25,592.25,5049d832a75d52eb4a9e96063e6ea2e2f5dc71e804f492df144c9206e44dc866,4781400.0,SP,6830000000000000.0,50.0,518.0,1.46e+16,800.0,0.0,855.0,985.0
504d091b46cb55219a719e79e62cae0250f497520062b60472ed9b2da92a1c4d,1,1.0,1.0,1.0,745.4,745.4,504d091b46cb55219a719e79e62cae0250f497520062b60472ed9b2da92a1c4d,4781400.0,TO,9490000000000000.0,2.37e+16,933.0,9730000000000000.0,1000.0,1278.0,982.0,988.0
50552247a0ef5e1bad720725cff8ce2eec1d94e12f3f80c1e1a0ba5587c50b9c,2,63.0,64.0,1.0,71441.18000000001,35720.590000000004,50552247a0ef5e1bad720725cff8ce2eec1d94e12f3f80c1e1a0ba5587c50b9c,5510801.0,RS,4340000000000000.0,7380000000000000.0,142.0,8950000000000000.0,380.0,28336.0,46.0,849.0
50628476227a0a824a15034de553ab56706a7cd284b5655de7a4532357fab7dd,1,0.0,0.0,0.0,2189.85,2189.85,50628476227a0a824a15034de553ab56706a7cd284b5655de7a4532357fab7dd,4712100.0,SP,9030000000000000.0,5530000000000000.0,886.0,1.54e+16,960.0,6289.0,979.0,989.0
5064c2e0a0e15b434e25babf6a75c76f628252ed19c84cb01db1e390bc088c2a,1,0.0,0.0,0.0,79.88,79.88,5064c2e0a0e15b434e25babf6a75c76f628252ed19c84cb01db1e390bc088c2a,4771701.0,PR,962542000000000.0,5180000000000000.0,758.0,1.81e+16,940.0,2456.0,180.0,979.0
5065d24f5430bf583cf085d7ddd3aecb00027db428da639de17d0579b0f49897,1,1.0,1.0,1.0,622.05,622.05,,,,,,,,,,,
5071bf44073d7dc2b3ebc9a81491e192635f3b12255fd5ed50b9dd9ae79f1bb0,1,63.0,63.0,1.0,6552.28,6552.28,5071bf44073d7dc2b3ebc9a81491e192635f3b12255fd5ed50b9dd9ae79f1bb0,4530701.0,SP,2.14e+16,6900000000000000.0,110.0,112780.0,560.0,17569.0,103.0,981.0
50a76821ae281cdf4ef6cd342e86f9e63b20fa21a3a780f17e7e1a0ad402aa95,2,0.5,1.0,0.5,100288.75,50144.375,50a76821ae281cdf4ef6cd342e86f9e63b20fa21a3a780f17e7e1a0ad402aa95,2829199.0,SP,8580000000000000.0,395125000000000.0,955.0,2412375.0,960.0,5285.0,979.0,989.0
50b2aa14b0ee9fa3d2df464f497ad77db43be8c5ee2b24d10f22ce9596a6feb5,1,0.0,0.0,0.0,688.92,688.92,50b2aa14b0ee9fa3d2df464f497ad77db43be8c5ee2b24d10f22ce9596a6feb5,4744099.0,SC,9100000000000000.0,8430000000000000.0,838.0,1.06e+16,950.0,6675.0,972.0,987.0
50c6ec00975ed3eaef775b5ecb0c405584482306e01a22ae6263a15addab496f,1,0.0,0.0,0.0,5561.74,5561.74,50c6ec00975ed3eaef775b5ecb0c405584482306e01a22ae6263a15addab496f,4642701.0,SP,904758000000000.0,8970000000000000.0,942.0,1.16e+16,960.0,26866.0,972.0,988.0
50cf02846e2ba903f73e4576e83ccd2563cf57bf41fd34e0285f0e8db7e5553a,1,0.0,0.0,0.0,1025.0,1025.0,,,,,,,,,,,
5117b5dfde3a5d23fdc50139fb39e89a48d2f3bfde9c8815e41f3a6b2c127868,4,0.5,1.0,0.5,334220.0,83555.0,,,,,,,,,,,
516dc2bd517b327c410ad1a2d344f88972464dd46b02107d04f6c6c5fb9bda80,1,68.0,68.0,1.0,812.4,812.4,,,,,,,,,,,
517df3ffd61d94722e52b4c9d3eec6bd93a7f277064e0ba4dde648e03ae8231c,1,2.0,2.0,1.0,188.03,188.03,,,,,,,,,,,
518ec275086e0079eeaa6a4165c3b85c4d1a4ea4b1b27ad628c01093c7827fdf,3,4.666666666666667,8.0,0.6666666666666666,1027.55,342.51666666666665,,,,,,,,,,,
51990898cc37fc5f7338e9ebf66a7ced2a170e12d3861e775369caa2bc69c0cd,1,0.0,0.0,0.0,1078.0,1078.0,51990898cc37fc5f7338e9ebf66a7ced2a170e12d3861e775369caa2bc69c0cd,6920601.0,SP,9200000000000000.0,8440000000000000.0,799.0,1.13e+16,870.0,44138.0,951.0,988.0
519d5e6542188a68f90e44de27fee30afe2332ce4e7f3095e73d1b0a2ce82628,1,0.0,0.0,0.0,105.32,105.32,,,,,,,,,,,
51b7f4b5e6ea82377ccffd55dce40e24505f6e15dbf0724575f3de098c1146c7,2,0.0,0.0,0.0,8158.67,4079.335,,,,,,,,,,,
51c327b019c775f91b7cab29ad73cebcf42d3cc03376a3dd5de2cb2ec9dad099,1,2.0,2.0,1.0,3551.45,3551.45,51c327b019c775f91b7cab29ad73cebcf42d3cc03376a3dd5de2cb2ec9dad099,4644301.0,SP,94721700000000.0,9540000000000000.0,959.0,2.16e+16,990.0,692.0,983.0,988.0
51c5c8b071aca1c58b4f31156a0737daafff1c90279a850ef46ab0ea05b427e7,3,0.0,0.0,0.0,284.29,94.76333333333334,,,,,,,,,,,
51dfc76129469c512a725272e9e74d6089e513e5bfe254b6b20aab1ed2b8dd37,1,3.0,3.0,1.0,369.39,369.39,,,,,,,,,,,
51fb0f3a7eb5a11b63f6704848bac6cef52c1d5b4e2f1515d7cb26d201bf700e,1,0.0,0.0,0.0,1491.12,1491.12,,,,,,,,,,,
5239aa6b97e46cf3afc3e5130928efd674d3849d389fc999a27e091588e3c355,1,4.0,4.0,1.0,50000.0,50000.0,,,,,,,,,,,
525d704444bc837fd0e9edfcf104c934f7e200548868e2d528fa7d57b0a58b45,2,1.0,2.0,0.5,544.86,272.43,,,,,,,,,,,
525f8f32c24028a146209150b59dcb53b37839fe79a8a299a0791fd78125564d,1,0.0,0.0,0.0,569.35,569.35,,,,,,,,,,,
5280e27505df9a49ba81fca62e9322151a91d00d47f1a154fc0f5c2e614a6b2c,1,0.0,0.0,0.0,341.18,341.18,5280e27505df9a49ba81fca62e9322151a91d00d47f1a154fc0f5c2e614a6b2c,4649499.0,SC,5470000000000000.0,9360000000000000.0,872.0,1300000000000000.0,870.0,0.0,979.0,985.0
5291354fc559a9783596f19c07ff0c2ee1ca4b5a69408f666a8379e11f0cdca9,1,0.0,0.0,0.0,2844.28,2844.28,,,,,,,,,,,
52b1c71aac17f92553600dac72995888b9c367a17a4ff86e64e525a45dcda079,1,0.0,0.0,0.0,2145.0,2145.0,52b1c71aac17f92553600dac72995888b9c367a17a4ff86e64e525a45dcda079,4729699.0,SC,3880000000000000.0,1000.0,917.0,2.07e+16,910.0,0.0,981.0,989.0
52bc1a4c0cfd9ae594ff2b6032e3b28d794a396de952bf9d31a1e74d86fbc4ed,1,0.0,0.0,0.0,200.64,200.64,,,,,,,,,,,
52d556736317d5d58e63cc08a9cd7b0d41061adeb1a8dec88c9db919084dac7f,1,0.0,0.0,0.0,1431.27,1431.27,,,,,,,,,,,
52dc447ab7c5938266fc77be2b7cfe2c8f258f8b9b4857e0075b6d89d64ce5d0,4,1.5,2.0,0.75,640785.66,160196.415,52dc447ab7c5938266fc77be2b7cfe2c8f258f8b9b4857e0075b6d89d64ce5d0,4110700.0,SP,3800000000000000.0,7910000000000000.0,386.0,8470000000000000.0,800.0,3028.0,599.0,973.0
52e8bb8ba6519c93279d186eeba1d618a57d7309834fa5d803b049bd1b822916,1,0.0,0.0,0.0,146.64,146.64,,,,,,,,,,,
52ea9330f940e349587657a7507d8d0c85be80fc2f80296a58dddfd03f1f7300,1,0.0,0.0,0.0,221.11,221.11,,,,,,,,,,,
53278d3cd8c340d3152b6904ea5e4cffc838f09f913e285cbc12b2185aa17d45,1,11.0,11.0,1.0,1786.5,1786.5,,,,,,,,,,,
533143e1c76befa00ad3b6b96cfe9b47837b1f6acbf3748bd319f84fa0bc26ce,1,0.0,0.0,0.0,384.3,384.3,533143e1c76befa00ad3b6b96cfe9b47837b1f6acbf3748bd319f84fa0bc26ce,4751201.0,SP,8800000000000000.0,1000.0,942.0,913077000000000.0,990.0,0.0,980.0,988.0
5350c457ee6dde0b3c471acf29ade806f49111ca6fe00f7b454af8c091425207,5,0.0,0.0,0.0,91771.37,18354.273999999998,,,,,,,,,,,
53701951b0b3aca8ae3d14c5832f43049d4fb83da03bfaa267472ecce05dea82,1,0.0,0.0,0.0,685.06,685.06,53701951b0b3aca8ae3d14c5832f43049d4fb83da03bfaa267472ecce05dea82,4744005.0,DF,9140000000000000.0,5590000000000000.0,944.0,213520.0,960.0,7413.0,976.0,987.0
539995aa538ca48588608143ebb910be96d5b0b26054356f7ebf6aefc7b62e6a,1,0.0,0.0,0.0,936.38,936.38,,,,,,,,,,,
53a6656a89b534085e48557c6449ada3c8a2fc81e381389c1580ca1592131bf2,1,8.0,8.0,1.0,650.0,650.0,,,,,,,,,,,
53a9a1e40a1a05aaf4e1a94c9df7c9258fd9cd86fa3ffe22edea820efc55e76a,1,1.0,1.0,1.0,415.22,415.22,,,,,,,,,,,
53b132a4a7cf209f7658751d5b5cea63b29a9c8187d2d455a1fd2f19ac95aa82,1,0.0,0.0,0.0,1917.75,1917.75,,,,,,,,,,,
53c489e63cac3ac47a561b6483536a7a83a352326dc598df8f4e87cd6984cd8f,1,13.0,13.0,1.0,1264.08,1264.08,,,,,,,,,,,
53ef61b8aba17e380cb36c8eae2e139f64663dec6974e2ad5d5807427006c939,1,0.0,0.0,0.0,202.64,202.64,53ef61b8aba17e380cb36c8eae2e139f64663dec6974e2ad5d5807427006c939,4713004.0,MG,9800000000000000.0,7100000000000000.0,950.0,2370000000000000.0,980.0,7916.0,978.0,988.0
540258dac52852bc92d524a489bf0b113865eeebae97a0d8bcc970cc71033fe8,1,0.0,0.0,0.0,224.64,224.64,,,,,,,,,,,
540328339b04df3a633c42df8df348d80e993a7b84249f39ee985661a774fc5a,1,0.0,0.0,0.0,3032.34,3032.34,540328339b04df3a633c42df8df348d80e993a7b84249f39ee985661a774fc5a,6462000.0,SP,8020000000000000.0,7290000000000000.0,940.0,207400.0,870.0,11123.0,974.0,987.0
54076ffc2f1140b11c49d3308e4f2139091567e4eb59e45a87a125f261cc4976,1,0.0,0.0,0.0,614.14,614.14,54076ffc2f1140b11c49d3308e4f2139091567e4eb59e45a87a125f261cc4976,1822999.0,SP,1000.0,1000.0,946.0,240625.0,970.0,0.0,985.0,988.0
541cee0073b68b22e4dfba99d4428dd02ac2134118d5113d724a130341305411,1,0.0,0.0,0.0,382.15,382.15,,,,,,,,,,,
5463ac87355c76c7b38e5f13c1177cafceafab94b42e3ccec1428be8467c29df,1,0.0,0.0,0.0,369.31,369.31,,,,,,,,,,,
54764281651dd54befdfb01938f4becc03ad7ef6b1eb07626edc2e96773a7d31,2,0.0,0.0,0.0,30056.14,15028.07,54764281651dd54befdfb01938f4becc03ad7ef6b1eb07626edc2e96773a7d31,3250701.0,PR,8790000000000000.0,8060000000000000.0,717.0,1.5e+16,840.0,14269.0,953.0,989.0
5486a8e963a529e04e19b0313946ce5588f2aa27e52b3bb8c8a5bb9811112617,1,1.0,1.0,1.0,969.0,969.0,5486a8e963a529e04e19b0313946ce5588f2aa27e52b3bb8c8a5bb9811112617,2330399.0,SC,5840000000000000.0,9430000000000000.0,722.0,164250.0,870.0,81541.0,953.0,986.0
548d1d2f130295cbc78330140dbc507423a3d517d6b900e5b79670fa074bb0d3,1,1.0,1.0,1.0,1789.48,1789.48,548d1d2f130295cbc78330140dbc507423a3d517d6b900e5b79670fa074bb0d3,1121600.0,AL,8760000000000000.0,8400000000000000.0,871.0,58600.0,920.0,9706.0,974.0,989.0
549a95f26cc9102ae681a532deb5f6865314cd7cbeca9707096a068cf2088eec,2,0.0,0.0,0.0,4391.79,2195.895,549a95f26cc9102ae681a532deb5f6865314cd7cbeca9707096a068cf2088eec,1052000.0,PR,8630000000000000.0,1000.0,922.0,96800.0,910.0,0.0,980.0,988.0
54a3512119eadc412a86477e801a102bd66e483507645357df7378423e4fd534,1,2.0,2.0,1.0,690.91,690.91,54a3512119eadc412a86477e801a102bd66e483507645357df7378423e4fd534,2212900.0,RN,2.17e+16,742298000000000.0,155.0,3.33e+16,850.0,11886.0,232.0,927.0
54bc8e76f7a9d0b1c9f2853b4ebd3be807dc208c70991bad3d8308fb6e9ff6b7,1,0.0,0.0,0.0,1453.86,1453.86,54bc8e76f7a9d0b1c9f2853b4ebd3be807dc208c70991bad3d8308fb6e9ff6b7,2071100.0,GO,9360000000000000.0,7340000000000000.0,902.0,0.0,960.0,0.0,978.0,986.0
54c8bae2d00f08ec6380af804d1c1047a7f487f5ff5a904ddaa9b78328683d2a,1,0.0,0.0,0.0,1169.0,1169.0,54c8bae2d00f08ec6380af804d1c1047a7f487f5ff5a904ddaa9b78328683d2a,6822600.0,RJ,874969000000000.0,7980000000000000.0,695.0,1.35e+16,870.0,1721.0,976.0,988.0
54e37e7ef5a06edcac08e7aa7e42d5efa7422416c4e7c77d9645b5dcfb2ba71c,1,1.0,1.0,1.0,288.63,288.63,,,,,,,,,,,
54ef51e20b86508d718f86dd6ac6c2a3ebcf362d18cebc5d8b5dbe02b3f62dbd,1,0.0,0.0,0.0,11381.89,11381.89,,,,,,,,,,,
54faaf86aca014ec153184b0ad42e9902477fa57fc5b965daaa21c5d245e357f,1,0.0,0.0,0.0,10400.0,10400.0,54faaf86aca014ec153184b0ad42e9902477fa57fc5b965daaa21c5d245e357f,2732500.0,PR,6670000000000000.0,934329000000000.0,952.0,2.23e+16,950.0,23.0,979.0,985.0
54ff5bb93e58f399306efc0e45abdd16ea1de554d5739fe0d79507b761d1c831,2,0.0,0.0,0.0,5637.88,2818.94,54ff5bb93e58f399306efc0e45abdd16ea1de554d5739fe0d79507b761d1c831,4711302.0,PR,6830000000000000.0,9730000000000000.0,765.0,130200.0,820.0,1617.0,969.0,988.0
5510a39e097346b4cce09584fa2c962f7be0366c518961e8dcbd222cf1a97bc6,1,0.0,0.0,0.0,1085.0,1085.0,5510a39e097346b4cce09584fa2c962f7be0366c518961e8dcbd222cf1a97bc6,4729699.0,SP,9620000000000000.0,1000.0,941.0,85600.0,910.0,24863.0,980.0,989.0
5512e9bdd81fd76581f4376464941195307b74844fbd590ba554ac64148f236f,1,0.0,0.0,0.0,448.32,448.32,,,,,,,,,,,
5524eb2ab944a790fb343401db7a8742dbcfedc74ff47a1670c3ee766a124134,1,1.0,1.0,1.0,256.91,256.91,,,,,,,,,,,
55387c1d7fa789e27ea9d7456f7dda9b38d1d58f4d69bb365f868e82d704b685,3,0.0,0.0,0.0,2292.05,764.0166666666668,55387c1d7fa789e27ea9d7456f7dda9b38d1d58f4d69bb365f868e82d704b685,4744001.0,SP,9160000000000000.0,9660000000000000.0,936.0,146750.0,940.0,0.0,967.0,988.0
5541aadf87b936286a5f641aa3a799f0d8d83e81c67e8baf4b61b8c979e8c630,1,0.0,0.0,0.0,147.5,147.5,,,,,,,,,,,
55795532199e6e5d38b105b323cd41a881793d72531a3a8dae01db7321dec30a,1,1.0,1.0,1.0,1199.24,1199.24,,,,,,,,,,,
557f79c72b683776da4fc0e89237287df0cc680d92fb63cb717265a9c749a62d,1,1.0,1.0,1.0,115.91,115.91,,,,,,,,,,,
559bcf0da04d9eb001e274fd1297fadfe09078cb95d62767bd09ea9d6812c8d1,2,0.5,1.0,0.5,746.25,373.125,559bcf0da04d9eb001e274fd1297fadfe09078cb95d62767bd09ea9d6812c8d1,4649408.0,MG,9480000000000000.0,8960000000000000.0,963.0,26340625.0,970.0,3143.0,979.0,989.0
55cc20ed2e5e18232b2f1cde2f17c10580037171fa48f488d3589783b069bbe8,1,1.0,1.0,1.0,56.16,56.16,,,,,,,,,,,
55cc7adf9b15a9f560284603153b8c504f7ce082ac6c69f9cc5402f1dd8f409b,3,0.0,0.0,0.0,3512.0,1170.6666666666667,55cc7adf9b15a9f560284603153b8c504f7ce082ac6c69f9cc5402f1dd8f409b,2592602.0,SP,9550000000000000.0,9460000000000000.0,901.0,1520000000000000.0,890.0,155.0,980.0,988.0
55f24607a6f6ad9a60c5bbe71ba1fffd4e3c79af4424a4c47d15db406bf50211,1,0.0,0.0,0.0,171.24,171.24,,,,,,,,,,,
561dc474a4cba69c5c67c5d0e8fe0b1b75f9a2d433cd60b30ef57ebd8d2159f4,1,0.0,0.0,0.0,13642.01,13642.01,561dc474a4cba69c5c67c5d0e8fe0b1b75f9a2d433cd60b30ef57ebd8d2159f4,1742799.0,SP,8940000000000000.0,9400000000000000.0,950.0,1.98e+16,960.0,0.0,982.0,989.0
565c909f383457d14d33ac74df3f78a53d4f45fae0a3f3c413afa75659f0bca3,1,11.0,11.0,1.0,162.31,162.31,,,,,,,,,,,
566b956e287edea803ec3f9d8ec8dca49d981f55c56db156c4a845f9c04ea53a,1,1.0,1.0,1.0,186.88,186.88,,,,,,,,,,,
566e4b6ab8627c2a6a9eed08e74f543c5094ddabd9f4cbd0c6714019a304f148,1,0.0,0.0,0.0,3678.09,3678.09,,,,,,,,,,,
56d546e22e49d6cef2a00b897e228add7cc33f6ddd40c5915faebab302b81f95,1,0.0,0.0,0.0,709.29,709.29,,,,,,,,,,,
56d86723cfb315330d87102af58b2634616d118ea41d4a11384dc0da90d1813d,1,0.0,0.0,0.0,1922.85,1922.85,,,,,,,,,,,
56d915dfa52ed5b85ad85196d36462cfa64067ab4425b9579a6c7537613aecc5,1,1.0,1.0,1.0,796.4,796.4,,,,,,,,,,,
56edb3564dfa0fcf6558f365234aad7ed93a16c98e9bd78b000aeeaac1827526,1,0.0,0.0,0.0,478.31,478.31,,,,,,,,,,,
575ca95267c2b6017a678b53b945d9ea382f7fc4566f4f6d8046b0771040829e,1,0.0,0.0,0.0,392.71,392.71,,,,,,,,,,,
57714baa608ca78d405912c82ddc9222101a32094e46f0d49ec097997936c63f,1,0.0,0.0,0.0,170.06,170.06,57714baa608ca78d405912c82ddc9222101a32094e46f0d49ec097997936c63f,1353700.0,SC,882944000000000.0,9320000000000000.0,944.0,2.28e+16,920.0,1292.0,980.0,989.0
577311e4bd7e7db311ff5d28547c20870631dc4b62b56dfa560235100c1ea9e1,1,0.0,0.0,0.0,1985.46,1985.46,577311e4bd7e7db311ff5d28547c20870631dc4b62b56dfa560235100c1ea9e1,4530703.0,GO,1000.0,1.25e+16,768.0,0.0,800.0,0.0,717.0,970.0
57965b0b2563a2d9f60c735fcb47001d2b06a42bfc8e9e38cd83ce601a96a669,1,0.0,0.0,0.0,1475.85,1475.85,,,,,,,,,,,
57a4da7eaaf6771a2df12181c4653e8e191e6dfc5a53e44ff202f1454e906cc7,1,7.0,7.0,1.0,875.06,875.06,,,,,,,,,,,
57b5c1d1b67f0a6e6941ea97533e7791ca5547718038091921c1717f23c4cf19,4,0.75,2.0,0.5,7798.41,1949.6025,57b5c1d1b67f0a6e6941ea97533e7791ca5547718038091921c1717f23c4cf19,5510801.0,SP,7430000000000000.0,9220000000000000.0,620.0,1.57e+16,910.0,6742.0,936.0,986.0
57c0a602f789161422c0e9788df612f27d2e0c232550ec71624a4e0ebe0800eb,1,0.0,0.0,0.0,428.6,428.6,,,,,,,,,,,
57c28d5994a1e6ba1c24aaac305986a5720ccde39a75132c3bdef9c91b941afe,1,0.0,0.0,0.0,2573.7,2573.7,,,,,,,,,,,
57c7a5adbaf11799e6d9b9a9d42384191d2cc847a6e9a877dbe9f2439e1de0ec,1,0.0,0.0,0.0,464.96,464.96,,,,,,,,,,,
57d30e4893a1345b4a94c1314447aa2f10aa84d577a7f355acb047e275ac6600,3,1.0,1.0,1.0,4310.58,1436.86,,,,,,,,,,,
57d8f9d48256d9bbb7798b46bb920f319968aeda8c20960fb90a1826cf56caf9,1,11.0,11.0,1.0,346.72,346.72,,,,,,,,,,,
57e7d9285ac86c2d0bb82d28f162ac36d327f5d338e0cb1502909a01667b5f42,1,1.0,1.0,1.0,205.43,205.43,,,,,,,,,,,
57eabf73a272bb4647c929c4ce10d89823586c709a1481c73f87ae2944f8845b,3,0.0,0.0,0.0,2185.92,728.64,,,,,,,,,,,
582830277ed2d32ad3fa8786fb03eca59ec5694bda1b10831413f929873a9004,1,0.0,0.0,0.0,8289.07,8289.07,,,,,,,,,,,
583e5747500803b1d7d73e7f33436c8ea90ab2aca0b405ef351472e22b2bbdb0,3,2.0,5.0,0.6666666666666666,8292.16,2764.0533333333333,583e5747500803b1d7d73e7f33436c8ea90ab2aca0b405ef351472e22b2bbdb0,4691500.0,GO,9410000000000000.0,4220000000000000.0,951.0,2.16e+16,970.0,3256.0,982.0,989.0
585e179133a8ec9ba551054efdb1affde9c3bda26b96779a8920cdb85c2ccd06,1,0.0,0.0,0.0,288.08,288.08,,,,,,,,,,,
586605a172717af6270164c729d3c22353cf392222477019a78de8a863d79f35,1,4.0,4.0,1.0,225.87,225.87,,,,,,,,,,,
586c2d8a753f6e2e0935d78da49ce19749299d1adfb40d2853e4caa38f00110a,1,0.0,0.0,0.0,96.25,96.25,,,,,,,,,,,
587627d6aacc42c96cb9c4bbef9b428f43c78a4006f556b548846ca9d8990a2f,1,0.0,0.0,0.0,668.95,668.95,,,,,,,,,,,
58792256211021ccec56f67d76ca3487a7aa647b9b98590898253f973020dae4,1,0.0,0.0,0.0,372.4,372.4,,,,,,,,,,,
587959fab0298d12c6bae2aa9a58837bed8897103241ef73546cdf9b6828f9bf,1,0.0,0.0,0.0,1072.89,1072.89,,,,,,,,,,,
5881330f52668fbf224ef21fc5449f967f17d43cf388432f785291fcf794d2ee,1,8.0,8.0,1.0,144.99,144.99,,,,,,,,,,,
5895a44b47f24da085bbeb80c0bd089abee83fb92353958f716d2ba4a4cc8fdb,2,3.0,4.0,1.0,330.14,165.07,,,,,,,,,,,
58a3e39d694c010001a0ac90b139cf3500b89abccc6f5325a710b7c76be86036,1,0.0,0.0,0.0,375.57,375.57,58a3e39d694c010001a0ac90b139cf3500b89abccc6f5325a710b7c76be86036,4744099.0,SC,994473000000000.0,5000000000000000.0,958.0,2.24e+16,970.0,0.0,982.0,989.0
58ad479c00361c94b1120d8544cfed5218ca98f2fb5acc52b8a78cdcc2bf1e0b,3,8.0,14.0,1.0,2312.31,770.77,,,,,,,,,,,
58e289b3ff0b1a821fa81b8b1d0ce133543b8d061ac96db1ba4f369ec3e44de1,1,0.0,0.0,0.0,276.96,276.96,58e289b3ff0b1a821fa81b8b1d0ce133543b8d061ac96db1ba4f369ec3e44de1,4744005.0,SC,9810000000000000.0,6400000000000000.0,951.0,206625.0,920.0,0.0,980.0,989.0
58e6e264b75e752ce7d6a29bbc58ef1eb10f15b2c81f2bbbc5af012038b3c482,1,0.0,0.0,0.0,69.54,69.54,,,,,,,,,,,
58ef1ceb22bec7ec95154f7a62cb5375a4ba6e02d6b3d1bcbd006ec806404695,1,0.0,0.0,0.0,1781.7,1781.7,58ef1ceb22bec7ec95154f7a62cb5375a4ba6e02d6b3d1bcbd006ec806404695,4741500.0,GO,860674000000000.0,9270000000000000.0,914.0,2.2e+16,950.0,4655.0,757.0,986.0
58f2d79bb40ffc955991d5e3885de3976417307fdbdd37bbfef4e8424d4d8041,1,1.0,1.0,1.0,360.65,360.65,,,,,,,,,,,
5905f98dc83ccbaa7d5177fd8850dfa0659b934d5b3850a12c056c1d87013972,2,0.0,0.0,0.0,1718.83,859.415,,,,,,,,,,,
59207cc1e0318f63c1cf72646b46b2007b44a96001aa5d36fdc1d1cf19f1b31a,1,0.0,0.0,0.0,370.39,370.39,,,,,,,,,,,
59322a64760e4158ebbdd7279247d9779787d38af6e6ccc157e711830660a1d3,2,1.0,2.0,0.5,234353.75,117176.875,59322a64760e4158ebbdd7279247d9779787d38af6e6ccc157e711830660a1d3,2032100.0,ES,9760000000000000.0,8810000000000000.0,931.0,1.42e+16,920.0,2144.0,978.0,988.0
599420de813447c7dd263b97f0827d724acfbbbe71911993d614b00c73733a7f,2,0.5,1.0,0.5,2545.02,1272.51,,,,,,,,,,,
59d41fec2f2a6032e5e1b4f4a1db445fb0783ec45ee681e9119adc71696a9c4d,2,0.0,0.0,0.0,2938.73,1469.365,,,,,,,,,,,
59d5c02f553bec1277f9515712e1ac5b4245971524187c83d78a57c12c3dc4db,2,0.0,0.0,0.0,27499.14,13749.57,59d5c02f553bec1277f9515712e1ac5b4245971524187c83d78a57c12c3dc4db,4744099.0,GO,9990000000000000.0,7100000000000000.0,941.0,210750.0,980.0,0.0,979.0,988.0
59def72889ebcb5d3abcaf05e77cdb1232f77aba0747e204d5a1309e687b7fc5,2,3.5,7.0,0.5,1571.5,785.75,59def72889ebcb5d3abcaf05e77cdb1232f77aba0747e204d5a1309e687b7fc5,4530703.0,BA,8720000000000000.0,1000.0,330.0,2.45e+16,950.0,238.0,220.0,924.0
59ea2363b349f7d956a4d26b8ccd50ef0bd0708d9b3ad380f804ff4ad1b9bd81,1,6.0,6.0,1.0,1076.6,1076.6,,,,,,,,,,,
59fcdef6fa1e15431a59764e9d42200a37bf9d740a7522e18341b162b47b3cf5,4,0.0,0.0,0.0,3221.9399999999996,805.4849999999999,59fcdef6fa1e15431a59764e9d42200a37bf9d740a7522e18341b162b47b3cf5,4771701.0,PR,5320000000000000.0,8430000000000000.0,932.0,2.14e+16,980.0,16498.0,980.0,989.0
5a0b1bc5be6fc4c4da2b7ffa77b0a6de03842e0a40f44c7b6c91b7588a2622c3,2,2.5,4.0,1.0,245.43,122.715,,,,,,,,,,,
5a2d91f208ac25533808cbaeff898621191ed21e83a3a00b38ddb8e848bdb024,2,5.0,5.0,1.0,672.7,336.35,,,,,,,,,,,
5a3ea78260c67c50ebebb1f82fcfa678f6758191ed0e7fdd1a982dcb9582ac40,1,0.0,0.0,0.0,187.2,187.2,,,,,,,,,,,
5a5f0ee3c238d2b2c575aa887ffd0ccf4dcbe5b22a473bd3ceff10e1fc4873e4,1,2.0,2.0,1.0,7810.36,7810.36,5a5f0ee3c238d2b2c575aa887ffd0ccf4dcbe5b22a473bd3ceff10e1fc4873e4,2941700.0,SC,4.09e+16,9970000000000000.0,258.0,8820000000000000.0,580.0,13306.0,768.0,988.0
5a83b8939ffdba3af47385f79b1068f588c6bf0a4442f7c48291bde6db3f5c3f,1,0.0,0.0,0.0,5692.5,5692.5,,,,,,,,,,,
5a89aa0c9b64afdd788b64526e4ce5408ce7b2367eadd713db17916a604f1446,1,0.0,0.0,0.0,1866.29,1866.29,,,,,,,,,,,
5a8aa8678c9d87a8a62a489fd3673784246598c32a212fc07db1ed4df5e6c0f4,1,0.0,0.0,0.0,1118.97,1118.97,,,,,,,,,,,
5aa791ca8aa78cc1de4dde97ef46875c3267ee3c9b15a797852892b1e820d333,1,27.0,27.0,1.0,1497.82,1497.82,,,,,,,,,,,
5ab18c8fd92195d8adae22ad356c92a7d45aecb1b5d1f0d2139f804ea852a916,1,0.0,0.0,0.0,165.92,165.92,,,,,,,,,,,
5ad22b19543d8e0a7e95e6d3189a58b86fbf9667ed153f362fd0c1bf83222f17,2,0.0,0.0,0.0,7519.1900000000005,3759.5950000000003,,,,,,,,,,,
5af1be6e6e110eacfadd568e1be1864644225b23ae841e8f1b6b9713ac84d904,1,1.0,1.0,1.0,16500.0,16500.0,5af1be6e6e110eacfadd568e1be1864644225b23ae841e8f1b6b9713ac84d904,4633801.0,SP,8580000000000000.0,4820000000000000.0,725.0,1530000000000000.0,820.0,6134.0,980.0,987.0
5b181e23f94e36deb4eb8d94c3aaa2deb0b0a512e1cfa2de11a62efa294d5e67,1,2.0,2.0,1.0,494.91,494.91,5b181e23f94e36deb4eb8d94c3aaa2deb0b0a512e1cfa2de11a62efa294d5e67,8211300.0,MG,1000.0,7290000000000000.0,648.0,0.0,880.0,0.0,824.0,967.0
5b1bf048530ae38fdc983ed58f256cfdefbd5358298b70736d58f3dc38ae3b02,1,0.0,0.0,0.0,440.0,440.0,5b1bf048530ae38fdc983ed58f256cfdefbd5358298b70736d58f3dc38ae3b02,4922102.0,SP,7500000000000000.0,7980000000000000.0,932.0,1.97e+16,960.0,11833.0,979.0,988.0
5b2374867804b96c3c6b436ce3d6ce783a257532276c9d5cf875cc426543a072,2,3.0,3.0,1.0,3007.44,1503.72,5b2374867804b96c3c6b436ce3d6ce783a257532276c9d5cf875cc426543a072,2391503.0,PA,6880000000000000.0,1000.0,555.0,157500.0,850.0,24722.0,937.0,987.0
5b9865dbc4c4abaaccd2ca7eca67ff7ad6c6e4de0292e3794468a1ef9cf8066a,1,1.0,1.0,1.0,63063.0,63063.0,,,,,,,,,,,
5bd224b77347145b110c5e59a0c3055050431fad3dcc38c6af577315617757aa,1,0.0,0.0,0.0,231.55,231.55,,,,,,,,,,,
5be4aa60f07c4efacead62231f3305355d10bdee14ceb6b7c26319410185528a,1,0.0,0.0,0.0,342.96,342.96,,,,,,,,,,,
5c0f29f2944b4cb4b6f6a592cdfe920753d08fe11cbc2b0d33762337e93ee592,1,0.0,0.0,0.0,47.88,47.88,,,,,,,,,,,
5c42a6a1446147affb74807085a36abf0c0f11c8f3e1af58b4fa56d3371385b4,1,0.0,0.0,0.0,1985.49,1985.49,,,,,,,,,,,
5c4e91478accff470d5434bab488d851def6c45cccb808b7c9efcf035b2119a5,1,0.0,0.0,0.0,1518.75,1518.75,5c4e91478accff470d5434bab488d851def6c45cccb808b7c9efcf035b2119a5,4665600.0,SP,9540000000000000.0,930196000000000.0,947.0,0.0,880.0,0.0,935.0,988.0
5c76857b059f0906bdce70e44beec10e2e1a1f3c344d6428498d391ed6d7492b,1,2.0,2.0,1.0,949.55,949.55,,,,,,,,,,,
5ca4c6e13f085d9cb991def42e2684c62e8d985dd1c9f817aea58ec986810e68,1,0.0,0.0,0.0,2038.55,2038.55,5ca4c6e13f085d9cb991def42e2684c62e8d985dd1c9f817aea58ec986810e68,1412601.0,SP,7060000000000000.0,9890000000000000.0,919.0,1.46e+16,940.0,0.0,972.0,985.0
5caf36b7a1840c7860840a7b70dd8817d768e0eb13d9bc97be75e647eb7d5856,1,0.0,0.0,0.0,87.29,87.29,,,,,,,,,,,
5cb302da75138a453fe69b9042a7b0dcac34343d565a968a013ce905ff578577,1,0.0,0.0,0.0,510.49,510.49,5cb302da75138a453fe69b9042a7b0dcac34343d565a968a013ce905ff578577,9521500.0,SC,1000.0,1000.0,956.0,0.0,990.0,0.0,986.0,988.0
5cb312ae950defe51c43b448230af8b0975aec288bb7bc3ca530d602f014568b,1,62.0,62.0,1.0,322810.47,322810.47,5cb312ae950defe51c43b448230af8b0975aec288bb7bc3ca530d602f014568b,4120400.0,RJ,4770000000000000.0,5300000000000000.0,61.0,3990000000000000.0,350.0,1934.0,166.0,983.0
5cd412bc646f4c1077179599ff3b502e23876fb0ee9e7ad188f811a2143af053,1,2.0,2.0,1.0,689.1,689.1,,,,,,,,,,,
5cd5c938f0c39b6b4879c8733041c0c4f7c50911106786aa70532257b6f35810,1,2.0,2.0,1.0,430.09,430.09,,,,,,,,,,,
5cf3599df3fb0e58959dd0fab0267fb0b10f2d866a9238083a0d5dd4c5fa0c50,1,2.0,2.0,1.0,1327.38,1327.38,5cf3599df3fb0e58959dd0fab0267fb0b10f2d866a9238083a0d5dd4c5fa0c50,4637199.0,SP,693210000000000.0,9210000000000000.0,129.0,1.19e+16,380.0,21565.0,96.0,888.0
5d190eb75197f6cf5522bc2c2ac1fdc839c893727b85749a839b080a44c23229,2,0.0,0.0,0.0,23419.65,11709.825,,,,,,,,,,,
5d769181f8ebac8609f7ec4477bd6758877e4cf41487badf9b5f48dde770f7d2,1,0.0,0.0,0.0,2223.68,2223.68,,,,,,,,,,,
5d7a590ae585300f00e52e9939fe097fd25632151c50f0c02a2de0b8bfcd92ff,1,2.0,2.0,1.0,492.76,492.76,,,,,,,,,,,
5d7af2ab030df2c08ca1c77c419a034fc8b71b020b3827387652318095612a36,1,1.0,1.0,1.0,643.36,643.36,5d7af2ab030df2c08ca1c77c419a034fc8b71b020b3827387652318095612a36,4639701.0,GO,984885000000000.0,1000.0,951.0,2.26e+16,970.0,0.0,975.0,989.0
5d878e5e5fde6667a80b00fc229683cc1f5482d08f4ac650db02954ec9ad5f85,1,0.0,0.0,0.0,54.96,54.96,,,,,,,,,,,
5d8ba6cd14d551aa217d33e072a78b3872d946430d6d5fed0d4331398c476183,2,0.5,1.0,0.5,2759.32,1379.66,5d8ba6cd14d551aa217d33e072a78b3872d946430d6d5fed0d4331398c476183,4755502.0,PR,1000.0,9240000000000000.0,964.0,2630000000000000.0,960.0,0.0,980.0,988.0
5d91d28c135a6720202bd3d02f909c4ec6b1b407b1344f04ac87d054e997a501,1,1.0,1.0,1.0,9416.48,9416.48,,,,,,,,,,,
5d94bf1359ce7bcc6600571d70e991ba32d280da942a4838c42cad636f9038ca,1,0.0,0.0,0.0,2700.0,2700.0,5d94bf1359ce7bcc6600571d70e991ba32d280da942a4838c42cad636f9038ca,1052000.0,RS,984846000000000.0,9420000000000000.0,960.0,2.53e+16,970.0,2605.0,980.0,989.0
5e0cdd86159c17f9050a31c55da07cc80e8a67527f562ca2be8c1474d136b24e,2,0.0,0.0,0.0,1615.58,807.79,,,,,,,,,,,
5e13b47bcbc7864f0df71156558c143f7d694379b19af89dbe16926b849e92ea,1,0.0,0.0,0.0,230.64,230.64,,,,,,,,,,,
5e1ea614a43897c76214330a31edac1dda6ea217762c90c4c12d98e0a69dbf90,1,10.0,10.0,1.0,291.2,291.2,,,,,,,,,,,
5e2399ffe07aa7dc39f3a28cd9103cec3a4b4c5fa12029cc64b64013d2576d00,1,0.0,0.0,0.0,393.48,393.48,,,,,,,,,,,
5e2773f8bfd6aeb05d8934ac6d443e7f60177bd2afddbe0b59e03e404c43f356,1,0.0,0.0,0.0,288.88,288.88,,,,,,,,,,,
5e2aecb1358ded1d66b7d5181598f1dbec6374b7249e75a8cef1e8549fec50f7,5,7.8,11.0,1.0,110507.04000000001,22101.408000000003,5e2aecb1358ded1d66b7d5181598f1dbec6374b7249e75a8cef1e8549fec50f7,4637199.0,MG,2.43e+16,8130000000000000.0,98.0,6610000000000000.0,560.0,6147.0,106.0,801.0
5e2cbe888ed77b1e15b70030f47877539b9744d6dfc40915584f4cc80f3b8bcb,1,0.0,0.0,0.0,6565.0,6565.0,5e2cbe888ed77b1e15b70030f47877539b9744d6dfc40915584f4cc80f3b8bcb,111302.0,RS,9500000000000000.0,9890000000000000.0,966.0,2.47e+16,980.0,0.0,984.0,988.0
5e479fcc0656083fd264e41f02f93e618ff56f23e1b8f2f710f0b1284707318d,1,0.0,0.0,0.0,122.24,122.24,5e479fcc0656083fd264e41f02f93e618ff56f23e1b8f2f710f0b1284707318d,4771701.0,PR,9830000000000000.0,1000.0,951.0,2.29e+16,990.0,2772.0,980.0,989.0
5e5808d3b8d6bb98e2a743daad310a9d1b9ed8bf79b8dd455c1d5412dd16559f,1,0.0,0.0,0.0,347843.84,347843.84,5e5808d3b8d6bb98e2a743daad310a9d1b9ed8bf79b8dd455c1d5412dd16559f,1321900.0,SP,8280000000000000.0,8720000000000000.0,943.0,223975.0,950.0,86.0,979.0,989.0
5e72116ca6f61f052c9595018a7579490eed0f178771a79a9d5036ae8a692b15,1,0.0,0.0,0.0,98.35,98.35,,,,,,,,,,,
5e8b3f692436fa85ea1f1a6df16c0e7b15a532877d136272fe8dcdad10c87f5d,1,0.0,0.0,0.0,140.4,140.4,,,,,,,,,,,
5e8c0719bd2229be60b0d280d460b8b9523798f0404ef4b3efbe5c8140fae96c,1,0.0,0.0,0.0,531.5,531.5,,,,,,,,,,,
5e948f2d80d0997d8c710c9ae8c971cae0be09b9be09bc68439bc83957068a56,1,0.0,0.0,0.0,107.5,107.5,,,,,,,,,,,
5e9c793f89af52bfa59abd23a57b575e07bbfb1881f6d1a81ba0c72b13433bc8,1,0.0,0.0,0.0,622.84,622.84,,,,,,,,,,,
5ec5a842d3edda5c67276c3b537e96671e66a80803333772f672625933965be1,1,0.0,0.0,0.0,1191.58,1191.58,,,,,,,,,,,
5edeb34080fb1f19553af80c8584b772781d7741c97f7c92f1034ace6c480aa5,4,0.75,1.0,0.75,2371.82,592.955,5edeb34080fb1f19553af80c8584b772781d7741c97f7c92f1034ace6c480aa5,4511101.0,PR,8950000000000000.0,8620000000000000.0,945.0,2.28e+16,910.0,76.0,979.0,989.0
5ef295ddcc180c736174532236ef799c23b8fd263b428bda19ca8e29394307fa,3,0.6666666666666666,2.0,0.3333333333333333,18757.43,6252.4766666666665,,,,,,,,,,,
5efcb0420d3bea22d7632199e88a17cda67361aaa6c9d8ce8ac19bbc80775755,1,0.0,0.0,0.0,517.86,517.86,,,,,,,,,,,
5f02b0482280f8227c7aab92cc0a94d88ce95c2f876bde301ecf7ff03b2ceab6,3,1.0,2.0,0.6666666666666666,19312.42,6437.473333333332,5f02b0482280f8227c7aab92cc0a94d88ce95c2f876bde301ecf7ff03b2ceab6,4729699.0,PR,9380000000000000.0,9150000000000000.0,752.0,1.33e+16,810.0,0.0,951.0,988.0
5f15786c4b08e37040e412695fa8cfb398011d0529d770bf9193373239dc7ab5,1,0.0,0.0,0.0,663.48,663.48,,,,,,,,,,,
5f29b99fb09c8e0d89297843bceb0e686d4116d0aeafd1ca9490bf67de96098f,1,9.0,9.0,1.0,90.42,90.42,5f29b99fb09c8e0d89297843bceb0e686d4116d0aeafd1ca9490bf67de96098f,2063100.0,SP,9830000000000000.0,9520000000000000.0,917.0,1740000000000000.0,950.0,3542.0,972.0,988.0
5f2b89d256cd00d899230c50a373b5b718cfd79330e9235eb95b87d2f12025bd,1,1.0,1.0,1.0,1641.0,1641.0,,,,,,,,,,,
5f327d13ff58e7bf10feb0b192b7951a818ddde7bcbfbf44b7c92db4cadfcc7b,1,0.0,0.0,0.0,1483.34,1483.34,,,,,,,,,,,
5f379e12024743967149b77d4cce21772ccba7a3fc51e91024f3b7767f1dfafa,1,0.0,0.0,0.0,21437.29,21437.29,5f379e12024743967149b77d4cce21772ccba7a3fc51e91024f3b7767f1dfafa,2222600.0,RJ,9700000000000000.0,9180000000000000.0,957.0,2030000000000000.0,960.0,406.0,980.0,988.0
5f5475ec5bc1f3d5f115765e811f801e21e148970e21f6935877da06cbc4d00e,1,4.0,4.0,1.0,1985.0,1985.0,,,,,,,,,,,
5f625db97b4b93e0ae5ae1cbb370b158bf12b722d0793dcf7757ece79795534c,2,1.0,1.0,1.0,2233.6,1116.8,5f625db97b4b93e0ae5ae1cbb370b158bf12b722d0793dcf7757ece79795534c,4781400.0,PR,8200000000000000.0,50.0,900.0,218500.0,900.0,456.0,977.0,989.0
5f8e277e345817f1d2f1ad0203e1d11a4e77aaa58cf5274742c5c724fda7c3e3,1,1.0,1.0,1.0,47219.0,47219.0,,,,,,,,,,,
5f9209a25d2bb470067053e2532cbffb18c7200d1983b3ddb28740deebf0211d,1,0.0,0.0,0.0,627.07,627.07,5f9209a25d2bb470067053e2532cbffb18c7200d1983b3ddb28740deebf0211d,4744099.0,SC,987485000000000.0,714962000000000.0,941.0,219500.0,980.0,8176.0,979.0,988.0
5f97bb456e3f215fde66fe9b6641e0f6ad0deab7b011dfdff00b3ebfbdab07b0,1,0.0,0.0,0.0,68.9,68.9,,,,,,,,,,,
5f9c6baeba726cce5831f6a11100d37cb7004c171f4b4cf79c218b3466179b00,3,0.6666666666666666,2.0,0.3333333333333333,4547.4400000000005,1515.8133333333335,5f9c6baeba726cce5831f6a11100d37cb7004c171f4b4cf79c218b3466179b00,4782201.0,PE,7600000000000000.0,1000.0,510.0,105000.0,710.0,63176.0,971.0,988.0
5fa3eb344435cd1f4d96d6bf6620d5b2e4b2c7c67dc99dcb3e8de76ff8296d29,1,2.0,2.0,1.0,287.51,287.51,,,,,,,,,,,
5fb313f5ee4175c3411ee6dc11fabc566dd9aecea4d03db17d2061ce439aa586,1,0.0,0.0,0.0,1301.41,1301.41,,,,,,,,,,,
5fc75b5fb026b1c9f9466f321c0ca18a85567365ea6d845d749a72b1bd7f88cb,1,0.0,0.0,0.0,929.03,929.03,5fc75b5fb026b1c9f9466f321c0ca18a85567365ea6d845d749a72b1bd7f88cb,4781400.0,GO,9570000000000000.0,4.11e+16,950.0,181480.0,980.0,6577.0,983.0,988.0
5fc76288c9dbb044e8ea257d1838d42ae43f6d04da864383155fcfb1b6406a78,1,0.0,0.0,0.0,1680.9,1680.9,,,,,,,,,,,
5fcd434e21bf7e2aa642960030db13ecffc55f2fe13812a5f8d2fa2d6e5d3201,1,1.0,1.0,1.0,539.8,539.8,,,,,,,,,,,
5fd85e3d9f917cf832a898176972669193740d675c0ea8ac2e279c1b2aa8765e,1,1.0,1.0,1.0,19240.85,19240.85,5fd85e3d9f917cf832a898176972669193740d675c0ea8ac2e279c1b2aa8765e,4644301.0,SC,9910000000000000.0,9860000000000000.0,950.0,2150000000000000.0,980.0,731.0,984.0,989.0
5ff414fcec08beb5a3228fe7edc477a8db2ee26f93481e5d29b7d675ea38205a,1,8.0,8.0,1.0,411.17,411.17,,,,,,,,,,,
5ff56d92f3ebac71a111beed4a8c1dd9e2dd05705e44bd4333f38b85ce106266,1,0.0,0.0,0.0,185.7,185.7,,,,,,,,,,,
600731ee3b31ddd21b64443b14684d2b95b888b29ff5826079e360ddf30a254d,1,0.0,0.0,0.0,214.78,214.78,,,,,,,,,,,
6009814fd3674c1e2e56773482c6397da02260f53fa42d494e8a40d55ce9f072,1,0.0,0.0,0.0,266.35,266.35,,,,,,,,,,,
60220134fff9be26e0035c06c936c7fcd9e1a799c3ac8d7ef098f21bccd3bbe1,3,0.6666666666666666,1.0,0.6666666666666666,6207.07,2069.023333333333,,,,,,,,,,,
60226486d25b8fb1926b76f5025700cbcb62ff0ed2615e2cee09866908b37d84,3,0.0,0.0,0.0,33874.28,11291.426666666666,,,,,,,,,,,
602a1b2ecd25d8f284a9137dfb6cabdf69dae6fb9299ea9d489b2b4620089ade,1,20.0,20.0,1.0,185.21,185.21,,,,,,,,,,,
60565ba7c1058b1fae1386da3d335abe88a0ac82236552d799cdbda6f2b9cf46,1,0.0,0.0,0.0,165.02,165.02,,,,,,,,,,,
605848e9308bf133557412be4af8831306523ae31ff636a295d11f171faec8ab,1,0.0,0.0,0.0,641.45,641.45,,,,,,,,,,,
60608b6bd4e2dc72906d170f5349d9cd0a3530e7db1933b2cf4935962b942c26,1,0.0,0.0,0.0,2010.83,2010.83,,,,,,,,,,,
6062fc7fa2860f35029d032a660078ae56f7a08788bc86bddfdbd92bf0a17c5d,1,0.0,0.0,0.0,2383.0,2383.0,6062fc7fa2860f35029d032a660078ae56f7a08788bc86bddfdbd92bf0a17c5d,4751201.0,MT,9750000000000000.0,9410000000000000.0,959.0,2.49e+16,980.0,53.0,983.0,987.0
6076b24018954c8a4ba963e3e38f70cf9a546e092fb4a1a0b4a31c9c83b8a07c,1,0.0,0.0,0.0,2591.05,2591.05,,,,,,,,,,,
607ab5538defa95f6b208c36f98659fe79a5553abb99e96b0f63ec17b624823f,1,7.0,7.0,1.0,211.04,211.04,,,,,,,,,,,
608c3bac83e46113f9424a9c753943dfc810261a6afd25aab9654e90ec1787be,1,0.0,0.0,0.0,342.64,342.64,608c3bac83e46113f9424a9c753943dfc810261a6afd25aab9654e90ec1787be,4753900.0,SC,9500000000000000.0,8580000000000000.0,949.0,2150000000000000.0,910.0,0.0,980.0,987.0
608f2f35bca954d9a57c040a60f83da2e9d1baf25c47b3de7b5c1ac5d5251f5a,1,1.0,1.0,1.0,325.4,325.4,,,,,,,,,,,
60b79723aae9e993d294d641dde2c271a9b1c917a59e740fce98c88e0d608ef3,1,4.0,4.0,1.0,1999.48,1999.48,,,,,,,,,,,
60c2d96cf5a404b003c8099d16e346f4bf77ab2814f9774c6dd7bfcbb50fc7f4,1,3.0,3.0,1.0,1089.3,1089.3,,,,,,,,,,,
60d8627cb047dd3a1736d365b9d57bd72b7dafd9bb7456ae908220ec70d317df,2,0.0,0.0,0.0,2014.82,1007.41,60d8627cb047dd3a1736d365b9d57bd72b7dafd9bb7456ae908220ec70d317df,4711302.0,SP,9910000000000000.0,695838000000000.0,959.0,2440000000000000.0,970.0,43.0,979.0,989.0
60eb969816edd9e824b251945f57c1b6d70fb88b32d68effa8b56a3b1eb6efb4,1,0.0,0.0,0.0,97.9,97.9,60eb969816edd9e824b251945f57c1b6d70fb88b32d68effa8b56a3b1eb6efb4,4530703.0,GO,946794000000000.0,7680000000000000.0,950.0,245703125.0,970.0,1363.0,982.0,989.0
611b4653cb8b13060876b6fff7f7587b13c1199388c3d53634fc5e2efcd2714e,5,0.2,1.0,0.2,1458.1200000000001,291.624,611b4653cb8b13060876b6fff7f7587b13c1199388c3d53634fc5e2efcd2714e,1063500.0,PR,318966000000000.0,9060000000000000.0,155.0,1.61e+16,490.0,16435.0,191.0,977.0
6124200c90bc27b4850bf60bca887e5d908de13775589ca5508570600062fa44,1,0.0,0.0,0.0,47718.0,47718.0,6124200c90bc27b4850bf60bca887e5d908de13775589ca5508570600062fa44,1052000.0,MG,3140000000000000.0,50.0,125.0,1.57e+16,540.0,191.0,676.0,969.0
6130e852cc5145ff8a85af96d55eed1678ab96f391a8dcdbcb69e5ed300d8277,1,0.0,0.0,0.0,2717.78,2717.78,,,,,,,,,,,
6137deab13a126586f58bfce1e4bbab20d65861dd47c3ba97cd6776870e5b2dc,1,0.0,0.0,0.0,376.4,376.4,,,,,,,,,,,
613f27ed60882a8dd29ed79dc7530270c467534d99c7176eecb2aba026a5818f,1,0.0,0.0,0.0,379.56,379.56,,,,,,,,,,,
614c634ea5b2b6b5b1231cacf3ed1108dca8f2036bf613116b7d336f7bd9a446,1,0.0,0.0,0.0,2195.32,2195.32,614c634ea5b2b6b5b1231cacf3ed1108dca8f2036bf613116b7d336f7bd9a446,2833000.0,SP,8440000000000000.0,6350000000000000.0,905.0,1.76e+16,950.0,1219.0,972.0,989.0
61594821e6f4c8007accdb8ac8b0bcdd77e9ff6fe020162932fdc4f47200e342,1,0.0,0.0,0.0,69.3,69.3,,,,,,,,,,,
616a9fa0e79cd5b37b0c4f151f13ba9b1ad927d6b2804dd39e76fb4406ceb55e,1,0.0,0.0,0.0,1091.58,1091.58,616a9fa0e79cd5b37b0c4f151f13ba9b1ad927d6b2804dd39e76fb4406ceb55e,4789099.0,SC,9970000000000000.0,946377000000000.0,964.0,2580000000000000.0,980.0,0.0,984.0,989.0
617b535fc4b0db84e32469e2e13981eaf1a1213355157da01553c40b2ddc0882,1,3.0,3.0,1.0,145.37,145.37,,,,,,,,,,,
618fba835e4cb645147651b5f06e42340c5113edfc57f348b2eebdc201f86f86,3,0.0,0.0,0.0,5638.950000000001,1879.6500000000003,618fba835e4cb645147651b5f06e42340c5113edfc57f348b2eebdc201f86f86,2229302.0,SP,9450000000000000.0,5790000000000000.0,958.0,26659375.0,960.0,20131.0,981.0,989.0
61c0de24513f4073b0162a227a4af16bb061713203ef0a2413800a41f9c2888b,1,0.0,0.0,0.0,804.0,804.0,61c0de24513f4073b0162a227a4af16bb061713203ef0a2413800a41f9c2888b,4679699.0,PR,9800000000000000.0,9320000000000000.0,960.0,258525.0,960.0,0.0,982.0,988.0
61cb5d0deab0aebbc30d430c568543ea5c1f3e36a8af97da699d6f1f908c04fa,1,1.0,1.0,1.0,9461.88,9461.88,,,,,,,,,,,
61d6a5ce372b0f8972f0f6f870b8252289b9e590fb3decd21c7b015b2e03c1e8,1,4.0,4.0,1.0,439.33,439.33,,,,,,,,,,,
61e900bde0eca00036e90e87f0644a282eaeb273f878bb0f51e9e47b343a2c7c,4,31.0,62.0,0.5,96249.13,24062.2825,61e900bde0eca00036e90e87f0644a282eaeb273f878bb0f51e9e47b343a2c7c,4711302.0,RJ,8880000000000000.0,9320000000000000.0,859.0,1.32e+16,910.0,12421.0,979.0,989.0
61f0abd773b55f90e71adc9573a68b3b37449c49970845f751f725e3af0a1d9a,2,1.0,2.0,0.5,4062.98,2031.49,,,,,,,,,,,
61f84bd6c202ebf6f0ae4fdfc9137e38c19b6fc162bb0d42cf437df36a342c5e,1,1.0,1.0,1.0,1075.0,1075.0,,,,,,,,,,,
61f98de03e3495b3347f7187535ff01f28332930aba89023532642ddc80a19f4,1,2.0,2.0,1.0,175.68,175.68,,,,,,,,,,,
61fb24cbbae7d081a6c7eff18f2413c95caaaad1b41052e77879a008c03c2af7,1,0.0,0.0,0.0,546.52,546.52,,,,,,,,,,,
621941ab48e61ae77beea731de0f9e1b2e5a0d08b7cfc042dd87a5930943d3ce,1,0.0,0.0,0.0,828.93,828.93,,,,,,,,,,,
621d3ac9855d0b2b0892b6e54ef92b7bfa00ddd3f11a285b88df5ad3ae84faae,1,0.0,0.0,0.0,2523.8,2523.8,621d3ac9855d0b2b0892b6e54ef92b7bfa00ddd3f11a285b88df5ad3ae84faae,2099199.0,PR,9250000000000000.0,9300000000000000.0,958.0,2.48e+16,940.0,263.0,979.0,988.0
625769ccc8062952256acd35b49ef438a6ffe3b1e3f8150d4036dc4149b2c11f,1,0.0,0.0,0.0,673.73,673.73,,,,,,,,,,,
626152ca8dd5b0ed07b8a31b432075f8e2d2721d22ec769f8b75ce7851ae1b83,1,0.0,0.0,0.0,456.42,456.42,,,,,,,,,,,
62683f3fd53b658f89e12b49147aebc86569bfbd83faf4a0e313444fb07f1290,3,0.0,0.0,0.0,1246.97,415.6566666666667,62683f3fd53b658f89e12b49147aebc86569bfbd83faf4a0e313444fb07f1290,4742300.0,SC,9330000000000000.0,5180000000000000.0,934.0,1.87e+16,980.0,0.0,982.0,988.0
62716efaeff53f4f4526583f5e413d551471a4e96f7ca284ff487a23c89cccef,8,0.0,0.0,0.0,15008.259999999998,1876.0324999999998,62716efaeff53f4f4526583f5e413d551471a4e96f7ca284ff487a23c89cccef,4530701.0,SP,9920000000000000.0,9690000000000000.0,963.0,279140.0,980.0,0.0,984.0,988.0
627264a06cd25b9b4f34a6c3aaf80f5e1379d1feea5bd2e03116e9d35448e0f4,1,64.0,64.0,1.0,448.0,448.0,627264a06cd25b9b4f34a6c3aaf80f5e1379d1feea5bd2e03116e9d35448e0f4,4789005.0,MG,9500000000000000.0,1000.0,757.0,0.0,760.0,0.0,764.0,980.0
628244a3e18ef9edb721cf9fb17ef5f3b11a544f85af79e8cf44950418824d3d,1,1.0,1.0,1.0,40633.33,40633.33,,,,,,,,,,,
628c78cca3447e9d99e54dfd6d422ab6dc6df6c2fcb480856b800f0c221624e5,1,68.0,68.0,1.0,910.82,910.82,628c78cca3447e9d99e54dfd6d422ab6dc6df6c2fcb480856b800f0c221624e5,4753900.0,RS,3.55e+16,1000.0,190.0,7740000000000000.0,790.0,3139.0,55.0,911.0
62a23e7a73026d83877988aa7f487de072dd5b2c1c3c545d5b93f30e01c8a44e,1,0.0,0.0,0.0,393.92,393.92,,,,,,,,,,,
62c32401efdbd0894de6ac557970b2bf113e9ca873c9e3fe677a3ed0fab984a7,1,14.0,14.0,1.0,2101.4,2101.4,,,,,,,,,,,
62d5a022dcc223b4e48a86ae0dbfb3e7f46829667d9f160a03d8e825640ffe59,1,1.0,1.0,1.0,943.34,943.34,62d5a022dcc223b4e48a86ae0dbfb3e7f46829667d9f160a03d8e825640ffe59,1413401.0,SP,8690000000000000.0,8180000000000000.0,959.0,194250.0,970.0,0.0,980.0,988.0
62dc495064406652887f8279e6369e90632b1ffeaddc6b692a3c78bd1934ae0c,1,0.0,0.0,0.0,319.19,319.19,,,,,,,,,,,
6314e6699ec19feeda67ab44e2b6adc11b63e35281724b1bcbac74a2286c1663,1,0.0,0.0,0.0,191.98,191.98,,,,,,,,,,,
632294a9fe82656443f1eb1ffcedb3955d7fde4c2ee400c95fcc2f1a3ae12e19,1,0.0,0.0,0.0,2114.92,2114.92,,,,,,,,,,,
633ae06d5ac7bfbc40bbc273918b4cce70aa8a5e079d9806786980d440fb108b,3,0.0,0.0,0.0,2976.84,992.2800000000001,633ae06d5ac7bfbc40bbc273918b4cce70aa8a5e079d9806786980d440fb108b,4744099.0,RR,9920000000000000.0,8180000000000000.0,937.0,243800.0,970.0,0.0,978.0,988.0
63685f2e3d41d4717b6e8d24f2d08359898d6c3065f04e04b5906271f0e4c97f,2,0.0,0.0,0.0,7859.93,3929.965,63685f2e3d41d4717b6e8d24f2d08359898d6c3065f04e04b5906271f0e4c97f,1413401.0,PR,8620000000000000.0,6680000000000000.0,854.0,204600.0,940.0,0.0,963.0,989.0
636e5331f63405a3f9ae8393113d9bc1f6505e45493e0cad41a1c39f133f5d86,2,1.0,1.0,1.0,1311.73,655.865,,,,,,,,,,,
637dc7fb715ff4ed3230f5be37de8227b874d8e28b4a32edf24a1f93fb529ac7,3,0.0,0.0,0.0,921.48,307.16,,,,,,,,,,,
638a1d1066dc68b660ff1237ade9758909fac7849ed39bd7a0b4b38a1d06a231,1,15.0,15.0,1.0,547.19,547.19,,,,,,,,,,,
638a8a8d5b7428e0a1b659a1ef45c71039185c59a137db8407e8443cd273ad85,1,1.0,1.0,1.0,3391.67,3391.67,,,,,,,,,,,
63bbc56261bba66eb698215c535e602991254cf8e5803747214ea557f3bcd1e3,1,3.0,3.0,1.0,436.71,436.71,,,,,,,,,,,
63bc27cce0ec2b5493b18fd0fe48c9c2ca09178064a7310d8bc6dcce58921abf,1,0.0,0.0,0.0,9408.0,9408.0,63bc27cce0ec2b5493b18fd0fe48c9c2ca09178064a7310d8bc6dcce58921abf,1069400.0,BA,8940000000000000.0,8760000000000000.0,813.0,1490000000000000.0,940.0,12469.0,981.0,989.0
63cb66be565b78257e5fef2f6b07915debf69f2c83a8fc93c26412815b2c05a5,5,0.4,2.0,0.2,2645.4,529.08,63cb66be565b78257e5fef2f6b07915debf69f2c83a8fc93c26412815b2c05a5,4731800.0,MS,9170000000000000.0,9680000000000000.0,953.0,1.83e+16,950.0,187.0,973.0,989.0
63d016aae995f2882f7ee8e027bb145fb0e97d2783301c2554886b1449e3492c,1,0.0,0.0,0.0,399.5,399.5,63d016aae995f2882f7ee8e027bb145fb0e97d2783301c2554886b1449e3492c,4744099.0,SC,9970000000000000.0,6980000000000000.0,892.0,2.46e+16,970.0,0.0,973.0,988.0
63f513b9c15c7444c8f01d49d92b6d1fa14585b2213f0659bbbb68e5ae5d6819,1,1.0,1.0,1.0,928.47,928.47,,,,,,,,,,,
642bc7baca239828a5d88373640fc336939327ae508b9ff588c69d31be8933d2,3,0.0,0.0,0.0,11812.56,3937.52,,,,,,,,,,,
6455b1db775caa9042fe7c44c2b4470caac41a446930f15a5638d8c1368b5afb,1,0.0,0.0,0.0,55500.0,55500.0,6455b1db775caa9042fe7c44c2b4470caac41a446930f15a5638d8c1368b5afb,4789099.0,TO,9830000000000000.0,7500000000000000.0,806.0,1.04e+16,820.0,0.0,672.0,971.0
64560eedfe5845fbee30bec020e215ec4766b303ec9e73f6bdb371c3f110d309,1,1.0,1.0,1.0,722.81,722.81,,,,,,,,,,,
6486bb837c9bc6df5d21249f8ff0967a3ecd08e73c6361aa421eba3537b20751,1,0.0,0.0,0.0,445.55,445.55,,,,,,,,,,,
64962a283ab255f2e7c18d9d0d55e370b9c6787045bb2e1a0ee9aeac2d62265a,5,0.0,0.0,0.0,17420.46,3484.0919999999996,64962a283ab255f2e7c18d9d0d55e370b9c6787045bb2e1a0ee9aeac2d62265a,4671100.0,BA,640165000000000.0,1.74e+16,582.0,1.12e+16,940.0,1008.0,959.0,988.0
64bde26a1ee759c168eb11cd89b6bd3557ef07b5b495cbea95f087820a767347,1,0.0,0.0,0.0,662.27,662.27,,,,,,,,,,,
64f10d0d5181dfe9d5b82917158196514750f017d3f9b6ae1e583425d5212236,1,0.0,0.0,0.0,283.12,283.12,,,,,,,,,,,
64f89e70a518cb2f966004c1b4e0d7bab4cd3ba730075b2a623ce1dc6305fa73,1,0.0,0.0,0.0,82.17,82.17,,,,,,,,,,,
65184389f2f52e3ba28e8022bd299717b085e18f723027aa966b260b3503647a,1,0.0,0.0,0.0,578.76,578.76,,,,,,,,,,,
652b9a370590467ef0ee5fbeaf3f7fb9893a35918762f1894058c7899d907af0,3,0.0,0.0,0.0,718.64,239.54666666666665,,,,,,,,,,,
6551c2c9ac37ae88b3957e88add7157bf9501cb54f1297aa9bc1c237cace632b,1,0.0,0.0,0.0,579.36,579.36,,,,,,,,,,,
65684e2f390a44467b54a7f2d1d693837779e3bdc0a05e87c2845ac6f387551c,1,1.0,1.0,1.0,96.55,96.55,,,,,,,,,,,
656adecd9f7d102deb2b46e06c9fb1c97d8a680e96641b224c82d3ccc6ee687d,1,0.0,0.0,0.0,1041.66,1041.66,656adecd9f7d102deb2b46e06c9fb1c97d8a680e96641b224c82d3ccc6ee687d,4744001.0,SP,9410000000000000.0,7530000000000000.0,955.0,1.81e+16,970.0,4892.0,980.0,989.0
65717eee57d810ebddef2000031032bf23c1a73b12eb78efb71a909b1e11eece,1,0.0,0.0,0.0,4526.04,4526.04,,,,,,,,,,,
6573573492fc23f12cc04842ad4b137f0bc653285aa70976505bc9f9507fe859,1,0.0,0.0,0.0,733.99,733.99,6573573492fc23f12cc04842ad4b137f0bc653285aa70976505bc9f9507fe859,4329101.0,SP,3590000000000000.0,9590000000000000.0,411.0,8490000000000000.0,870.0,35934.0,70.0,918.0
659b40c70a9f157110eeda4d5b22e97a26a3b1de76c2ad1ba975355035ba613c,1,0.0,0.0,0.0,559.84,559.84,,,,,,,,,,,
65a5b0d93d034a55b99153b38beb8cbc32fc8d51520f1eabb18dcf2593637b01,1,0.0,0.0,0.0,2053.94,2053.94,65a5b0d93d034a55b99153b38beb8cbc32fc8d51520f1eabb18dcf2593637b01,4530701.0,MG,9810000000000000.0,9200000000000000.0,959.0,2390000000000000.0,970.0,72.0,982.0,989.0
65a97de5c4e7ddfb2885f6dae245ce39bf8d68d2a2e91e8a9c207cd583ffd302,1,0.0,0.0,0.0,1471.6,1471.6,,,,,,,,,,,
65e5223534d2c8b4a493e2c7ce7c8d1268cf06e56a3715c9d33dd2a54a4c522f,1,0.0,0.0,0.0,5200.0,5200.0,65e5223534d2c8b4a493e2c7ce7c8d1268cf06e56a3715c9d33dd2a54a4c522f,5211701.0,PE,7780000000000000.0,5140000000000000.0,412.0,1.15e+16,850.0,9335.0,914.0,986.0
65e7f89496fb1c30624ac9b2d62fbc9552f5b5a96afb60c4181ee5aa0b383319,1,0.0,0.0,0.0,56.44,56.44,65e7f89496fb1c30624ac9b2d62fbc9552f5b5a96afb60c4181ee5aa0b383319,4771701.0,PR,9520000000000000.0,1000.0,911.0,2.4e+16,940.0,0.0,960.0,987.0
660803e15cf20e8eb6b563389f3742120c57151cb8519b8b8a600f61e67c14bc,1,0.0,0.0,0.0,186.03,186.03,660803e15cf20e8eb6b563389f3742120c57151cb8519b8b8a600f61e67c14bc,4771701.0,PR,5580000000000000.0,1000.0,680.0,1.4e+16,900.0,13064.0,910.0,982.0
661381166cf27c50216e8b685d3050168fd319950ffad4cd00a4c35323b66d79,1,4.0,4.0,1.0,1397.71,1397.71,661381166cf27c50216e8b685d3050168fd319950ffad4cd00a4c35323b66d79,4646001.0,AM,8550000000000000.0,7310000000000000.0,499.0,69875.0,810.0,4446.0,938.0,988.0
661f43db1a7dfdb071fa33a5afe76e82a5d6b11b7a1e859af7ae063c47f06876,2,0.5,1.0,0.5,901.6800000000001,450.84000000000003,,,,,,,,,,,
662440cea6ebeab9f8ae7592c87e4188ae3fb6839d1c46d3d2465b4c54214bc6,1,0.0,0.0,0.0,24671.76,24671.76,,,,,,,,,,,
66394a6658691f7bafc96c9a0003206fbcc79c75861eead3e3703498d3a44970,2,0.0,0.0,0.0,237.67,118.835,,,,,,,,,,,
663a181233ac4606a261be70d60a1609eb55aca97a1c68b4ab9e322df0b1a237,3,0.0,0.0,0.0,719853.48,239951.16,663a181233ac4606a261be70d60a1609eb55aca97a1c68b4ab9e322df0b1a237,2222600.0,PR,7010000000000000.0,89222800000000.0,609.0,1.22e+16,770.0,1323.0,975.0,988.0
663a9ce8b5d2d05daed465fb775b8f4c04b080ea3e94d7823d72899c3e3bb005,1,0.0,0.0,0.0,7520.0,7520.0,663a9ce8b5d2d05daed465fb775b8f4c04b080ea3e94d7823d72899c3e3bb005,141501.0,MT,799094000000000.0,4.77e+16,561.0,1.68e+16,800.0,131.0,876.0,988.0
6642f33e1f7bc4d3bb7eb7f0d0c1e543c992c713cd0714e4b0ed178dd273b9ec,1,0.0,0.0,0.0,68.51,68.51,,,,,,,,,,,
6663cfbc54120cb71b7428119e0e3eb6c816b8826dfada2013d00b04017fbd62,1,0.0,0.0,0.0,257.24,257.24,,,,,,,,,,,
6683978d387c1ecb1a79e1ce2b3b72a2294fe773a298376e9b43ad354f7f2742,1,0.0,0.0,0.0,358.83,358.83,,,,,,,,,,,
6697d02644380aba655a3c033f53fd31e64e66037a8294eb1e1e2476b89e4d40,4,0.25,1.0,0.25,1455.15,363.7875,6697d02644380aba655a3c033f53fd31e64e66037a8294eb1e1e2476b89e4d40,4771701.0,PR,9790000000000000.0,7920000000000000.0,818.0,1.9e+16,970.0,376.0,919.0,985.0
66b88e8ce8e47b0dac8d381bf51662aeba7d8834beb1c363c285b9c87b853fdb,4,0.25,1.0,0.25,47094.86,11773.715,66b88e8ce8e47b0dac8d381bf51662aeba7d8834beb1c363c285b9c87b853fdb,8211300.0,SP,7990000000000000.0,9450000000000000.0,643.0,1.48e+16,440.0,10784.0,811.0,988.0
66b9b35bbf787aced3a404e95c212adf7debd14f4366fd11672a41f7afe9d542,1,3.0,3.0,1.0,322.25,322.25,,,,,,,,,,,
66c926c3268ebae1de1a306d3a7c941900fed553d9d86aac44f7d75007645627,1,6.0,6.0,1.0,179.62,179.62,,,,,,,,,,,
66d50137a7fdcf9de815b2cd114c757a321fc3756a8ea467b7b6c2688912832e,1,0.0,0.0,0.0,184.4,184.4,,,,,,,,,,,
66dc31ac246fb375ae7f1ec1614790af103997efdc907e8734e823364dda344b,1,2.0,2.0,1.0,14000.26,14000.26,66dc31ac246fb375ae7f1ec1614790af103997efdc907e8734e823364dda344b,1099699.0,SP,9530000000000000.0,942820000000000.0,861.0,1.56e+16,920.0,1669.0,979.0,989.0
66e1d381ba98d48627f37a8f7c3406889b5f0d28638e7de801b7e805041efb0e,1,0.0,0.0,0.0,504.41,504.41,,,,,,,,,,,
66e93626f37047daa2004db9a212eb228f70d098f99adeed1043232d80c3ded7,1,0.0,0.0,0.0,3102.62,3102.62,66e93626f37047daa2004db9a212eb228f70d098f99adeed1043232d80c3ded7,4772500.0,SP,7480000000000000.0,1000.0,545.0,7870000000000000.0,860.0,16236.0,933.0,987.0
6710c29fd0e512e4785a793fe041cad79193bced40db63b127829a08f4fc58d6,2,0.0,0.0,0.0,1069.1,534.55,,,,,,,,,,,
671a627714c636b020e7a502e4969dcdbffe5b11a3ab36160d08486e6fde26cf,12,0.08333333333333333,1.0,0.08333333333333333,18254.94,1521.245,671a627714c636b020e7a502e4969dcdbffe5b11a3ab36160d08486e6fde26cf,4751201.0,RJ,8830000000000000.0,6320000000000000.0,852.0,2.01e+16,900.0,0.0,972.0,988.0
671de95e183c09d580a28d7649a805178c8560a4015f15da39adfc9fac8dfe12,1,0.0,0.0,0.0,2748.6,2748.6,,,,,,,,,,,
6765b9a197bf244972564283d78e62bb161247499304cfa081ad0cdd35a6f220,1,0.0,0.0,0.0,1197.88,1197.88,6765b9a197bf244972564283d78e62bb161247499304cfa081ad0cdd35a6f220,4754702.0,SP,1000.0,680780000000000.0,962.0,2.47e+16,950.0,0.0,978.0,989.0
67915282ecd97b99c2ae2315014df3d9389b2314963e82adb5bd7c8763a872e0,1,0.0,0.0,0.0,33615.6,33615.6,67915282ecd97b99c2ae2315014df3d9389b2314963e82adb5bd7c8763a872e0,2733300.0,SP,9760000000000000.0,6840000000000000.0,949.0,2320000000000000.0,960.0,0.0,972.0,988.0
67b49d713639426b4e5ef0891e6b8944c822c0bc5944b672caeaf7339ebaf76e,1,0.0,0.0,0.0,1233.93,1233.93,,,,,,,,,,,
67b4bed678014446e38be15e5ac39dd6514b91e64995171adb17f6fd9fc14355,4,0.5,2.0,0.25,6931.05,1732.7625,,,,,,,,,,,
67b7270b4e0d7c618b18cf17b2ff5c533e9a20e04684346f5bf5269e72df27ae,2,0.5,1.0,0.5,259896.87,129948.435,67b7270b4e0d7c618b18cf17b2ff5c533e9a20e04684346f5bf5269e72df27ae,1071600.0,MG,8840000000000000.0,9990000000000000.0,950.0,2.34e+16,890.0,1313.0,982.0,989.0
67d96eee16c83e7c26557c866f1eafd8971a7f9a828aa53d4e98559a4563476d,1,0.0,0.0,0.0,161.12,161.12,67d96eee16c83e7c26557c866f1eafd8971a7f9a828aa53d4e98559a4563476d,5620101.0,GO,8520000000000000.0,4.91e+16,918.0,101000.0,910.0,13347.0,974.0,989.0
67e897d77b20d3c67ced54ae094ee1e956cd753d09cb3d39477689bd6ca0aee4,1,0.0,0.0,0.0,90.99,90.99,67e897d77b20d3c67ced54ae094ee1e956cd753d09cb3d39477689bd6ca0aee4,4771701.0,PR,9910000000000000.0,1000.0,948.0,211975.0,980.0,659.0,976.0,989.0
67f2a93d9c5b9d56018aab752f6925f0e761e7525c7069e94ded90fa8e8e9b4d,1,0.0,0.0,0.0,61.1,61.1,67f2a93d9c5b9d56018aab752f6925f0e761e7525c7069e94ded90fa8e8e9b4d,4771701.0,SC,8570000000000000.0,7280000000000000.0,945.0,1911375.0,980.0,43.0,981.0,987.0
680ca6311ed4588ce373b3d89f910a545c67964198d3769d64c189e908e8e3d0,1,3.0,3.0,1.0,74.94,74.94,,,,,,,,,,,
681b7bb41b1d5d7a42807090bd87b417a19813e8b5f6e2a825ca46d981e0a351,1,2.0,2.0,1.0,89.6,89.6,,,,,,,,,,,
6846ca637217c8267448b2c7dd1c6a6244084d5a2285a1ddbaaabc680c518347,2,0.0,0.0,0.0,11718.670000000002,5859.335000000001,6846ca637217c8267448b2c7dd1c6a6244084d5a2285a1ddbaaabc680c518347,2823200.0,SP,9760000000000000.0,9920000000000000.0,952.0,244100.0,950.0,0.0,980.0,989.0
685cad162dbb28114ee6f653ea0de90cc275fef31272c3784121dfb4175e7f7c,1,0.0,0.0,0.0,644.39,644.39,,,,,,,,,,,
687c087bf86712ec041586685c3410d82fb231db512f50167c02b7b5f77060a0,2,0.0,0.0,0.0,745.95,372.975,,,,,,,,,,,
6897204b01c0343c8e613eca5aadfd254056d77be88c4884b1c2117be07420cb,1,0.0,0.0,0.0,8156.09,8156.09,6897204b01c0343c8e613eca5aadfd254056d77be88c4884b1c2117be07420cb,2229399.0,RJ,8630000000000000.0,9510000000000000.0,935.0,201000.0,940.0,29404.0,966.0,988.0
689922c10ce17bc81660caf79e231b5669a7ee160cd79e5b38aae540b78d3396,1,1.0,1.0,1.0,883.24,883.24,,,,,,,,,,,
68b3025ce6157b4d4239f2d63d043f34d49281cda44d039f9617b60fce142f68,1,1.0,1.0,1.0,348.78,348.78,,,,,,,,,,,
68c9e2f6622b3763e85c0491a07ba40a978b62c6f70a7c403f54e80da62a61f7,2,2.0,4.0,0.5,1601.23,800.615,,,,,,,,,,,
68ce8f71d7deb9ca52448d46bb3e3a488a1f8a9f215d5b93a0daec1511a01369,1,0.0,0.0,0.0,1418.12,1418.12,,,,,,,,,,,
68d1511ae737baf375f511aec403283bf4bace8b5dbd95c4375b84bbe9350ea3,1,62.0,62.0,1.0,581.01,581.01,,,,,,,,,,,
68dc9dd84747931b9f5bc1d80fc2f67219fb33aea1f309f33db91322cd21e070,1,0.0,0.0,0.0,165.35,165.35,68dc9dd84747931b9f5bc1d80fc2f67219fb33aea1f309f33db91322cd21e070,4771701.0,PR,966338000000000.0,1.04e+16,924.0,1.98e+16,970.0,373.0,960.0,986.0
68e2b7ecc0b7a98bf05c12fee5e916923c20f6c777036f289eccfe3cd1c79e12,1,0.0,0.0,0.0,5777.99,5777.99,,,,,,,,,,,
68e2f86d28f2c669a32bc255c129b4a4cfcfecde42abcda382fcf4a4abd17f95,1,0.0,0.0,0.0,1442.78,1442.78,,,,,,,,,,,
68e3efae3c043a6a1e98b6a4d7203fd3778dc976636bee50509d383dd35b4dad,1,0.0,0.0,0.0,520.56,520.56,68e3efae3c043a6a1e98b6a4d7203fd3778dc976636bee50509d383dd35b4dad,4744099.0,SC,9840000000000000.0,5400000000000000.0,939.0,1.87e+16,940.0,14279.0,976.0,989.0
6918bba417f0ccca033e92f5ebc9ed6c0d7ce5bb1352beda8812d4b02daf952e,2,0.0,0.0,0.0,1126.27,563.135,,,,,,,,,,,
692800815a80128c7e5f07fbfe4e441b97560f7283182bf836e8730b6319cc3d,1,0.0,0.0,0.0,532.98,532.98,,,,,,,,,,,
692b170c7f782f62b282f9a302059357d253103cbc49246506aaaf9c5c09dce6,2,0.5,1.0,0.5,276.64,138.32,692b170c7f782f62b282f9a302059357d253103cbc49246506aaaf9c5c09dce6,1412601.0,PR,7080000000000000.0,9490000000000000.0,957.0,2590000000000000.0,920.0,0.0,978.0,989.0
692dba288879bf4f3877cd70a5a394730537206d03c3f772a40656a6686860f9,1,0.0,0.0,0.0,89.63,89.63,,,,,,,,,,,
692f4a39b00b8af6fc4a4b7f051b08b50c2eebc16d699de74ff0977e81bc0388,3,0.3333333333333333,1.0,0.3333333333333333,8909.29,2969.763333333334,692f4a39b00b8af6fc4a4b7f051b08b50c2eebc16d699de74ff0977e81bc0388,4642701.0,RN,2.29e+16,5540000000000000.0,183.0,5.61e+16,730.0,28152.0,327.0,972.0
694b625b8064b25561cc41ddb3064adf054d6698e714c84be2ed50b5294debfc,1,0.0,0.0,0.0,24272.18,24272.18,694b625b8064b25561cc41ddb3064adf054d6698e714c84be2ed50b5294debfc,1413401.0,MG,9570000000000000.0,8880000000000000.0,921.0,2.76e+16,960.0,0.0,982.0,988.0
697bbe9015ff1956b304fa36b0b4986358046b4de3e28ce508106e22f7817a8e,2,0.0,0.0,0.0,1128.85,564.425,,,,,,,,,,,
698bdeef7f65b78395875d43b6cfcebdcced85332fca5290976f9c2cad1e6d2e,1,0.0,0.0,0.0,2312.5,2312.5,698bdeef7f65b78395875d43b6cfcebdcced85332fca5290976f9c2cad1e6d2e,1066000.0,SC,9660000000000000.0,8760000000000000.0,947.0,1.23e+16,930.0,0.0,976.0,988.0
698eee5caab449823207b00644f5cdd39e653d6048989b06bd2c89c7c06a1d6d,1,0.0,0.0,0.0,665.64,665.64,,,,,,,,,,,
699cf17fc3d220321a8151619894a83b8acf39e0b5b379332107926626b4985b,1,0.0,0.0,0.0,599.76,599.76,699cf17fc3d220321a8151619894a83b8acf39e0b5b379332107926626b4985b,6920601.0,SP,9690000000000000.0,8490000000000000.0,625.0,7000.0,700.0,1000.0,772.0,985.0
69b091d2aca55581ef2ca43f21183acbd460c9eec92da600648bae6679cbb741,1,3.0,3.0,1.0,1333.67,1333.67,69b091d2aca55581ef2ca43f21183acbd460c9eec92da600648bae6679cbb741,4744099.0,MG,4740000000000000.0,3.81e+16,331.0,1.35e+16,750.0,11095.0,162.0,925.0
69dd175f4c54499b9ea6514359b93c3907c24747025c5c80b7974e224fd983f3,2,0.0,0.0,0.0,30000.0,15000.0,69dd175f4c54499b9ea6514359b93c3907c24747025c5c80b7974e224fd983f3,1099699.0,SP,9260000000000000.0,9460000000000000.0,889.0,192200.0,950.0,0.0,978.0,988.0
69fc762b2eaf5f76aa1f2748cb62f657a87e9b3d8d7c19d7348c6af459181bd9,1,0.0,0.0,0.0,1291.17,1291.17,,,,,,,,,,,
6a286d42c352d784fc9411f207f5e10152ebb44340f11c7e4cd2639d02aec142,1,0.0,0.0,0.0,906.08,906.08,6a286d42c352d784fc9411f207f5e10152ebb44340f11c7e4cd2639d02aec142,1412601.0,SP,8040000000000000.0,9160000000000000.0,922.0,1.4e+16,930.0,60933.0,974.0,989.0
6a406f0644f5b034fffd3a275a406b4968e04f4ce87f09f2a7008fc69ea5f9b2,1,0.0,0.0,0.0,2605.74,2605.74,,,,,,,,,,,
6a693953000a1cb40809c492a97b54a73f4b16073ae54ea529d9887e8da90e23,1,0.0,0.0,0.0,390.5,390.5,,,,,,,,,,,
6a80d80cfd27c83397062c0a147906ccbb7cca8906b13d0ec9e89b820f26c156,1,0.0,0.0,0.0,90576.0,90576.0,,,,,,,,,,,
6ab1fd800e40f23dc4143a179e6991a2609969f75ff4e595fcabf9066eef3ba7,1,1.0,1.0,1.0,712.8,712.8,6ab1fd800e40f23dc4143a179e6991a2609969f75ff4e595fcabf9066eef3ba7,2829199.0,SP,8670000000000000.0,1000.0,953.0,152625.0,930.0,80339.0,965.0,988.0
6ad68644b26f6ea0ebf949e0d5f92ff499007735ae71b29a82e25135ea2191f5,3,0.6666666666666666,2.0,0.3333333333333333,1991564.8399999999,663854.9466666667,6ad68644b26f6ea0ebf949e0d5f92ff499007735ae71b29a82e25135ea2191f5,6550200.0,RJ,2.01e+16,3010000000000000.0,143.0,1.29e+16,450.0,6848.0,108.0,914.0
6af1d594dce8154b13da03ffc2f026bb2e84c5881e3ff9aa2d0b29d862fb348e,1,0.0,0.0,0.0,4309.67,4309.67,6af1d594dce8154b13da03ffc2f026bb2e84c5881e3ff9aa2d0b29d862fb348e,6821802.0,RS,8310000000000000.0,6840000000000000.0,739.0,1.23e+16,900.0,903.0,980.0,988.0
6af5b18305335fd51b004ab6796d2e48451e705401d261aae53ac8c77fa388c3,1,0.0,0.0,0.0,1885.4,1885.4,,,,,,,,,,,
6afc81089491d68aa7735a173c14d33ab70c8dad161f3a60c32940be3af26050,1,3.0,3.0,1.0,4392.0,4392.0,6afc81089491d68aa7735a173c14d33ab70c8dad161f3a60c32940be3af26050,4511102.0,DF,9680000000000000.0,697924000000000.0,802.0,172000.0,900.0,6471.0,955.0,985.0
6afd09f996468699ba524860a1761bb1b540ad4ad4896785b2285614ef51c92a,1,4.0,4.0,1.0,816.0,816.0,6afd09f996468699ba524860a1761bb1b540ad4ad4896785b2285614ef51c92a,2019399.0,BA,9870000000000000.0,8600000000000000.0,907.0,2.24e+16,960.0,12.0,980.0,986.0
6b00aa76e8b33917821a6c05bbfa17d7ef37d0316a7b8b26c5fb361375a1f6f4,1,9.0,9.0,1.0,302.15,302.15,,,,,,,,,,,
6b10734a82fc8efc67cd707dce838f4ffdb4b066ec8219fbbac351b0a5b1915d,1,0.0,0.0,0.0,4258.1,4258.1,6b10734a82fc8efc67cd707dce838f4ffdb4b066ec8219fbbac351b0a5b1915d,1412601.0,SP,2.88e+16,8700000000000000.0,142.0,26000.0,550.0,0.0,159.0,932.0
6b196b00324dd316e6a5f97f813cbf1bca87d30acb3dfac05118c0d2bbfba6f1,1,0.0,0.0,0.0,442.41,442.41,,,,,,,,,,,
6b4c7f16e77141e7d164ff17837f5bcc1d256f1e5ddfcb9b63379b112212bf6d,1,0.0,0.0,0.0,389.15,389.15,,,,,,,,,,,
6b61062caa086a6018d9bbcb2d59725269663efa12bcec9e8884ca3d6c59520e,1,0.0,0.0,0.0,354.48,354.48,,,,,,,,,,,
6ba24974e655957a428fb86e7660ee3915ca21c364e6fdb00bbc2214727be5f0,3,0.0,0.0,0.0,138462.0,46154.0,6ba24974e655957a428fb86e7660ee3915ca21c364e6fdb00bbc2214727be5f0,891600.0,SC,9990000000000000.0,9130000000000000.0,946.0,255600.0,950.0,0.0,979.0,988.0
6be46b4ddcf528dcc7b0fdb523ac3dc4cf84160fa369b0399ec86f116ae3030a,1,1.0,1.0,1.0,90.9,90.9,6be46b4ddcf528dcc7b0fdb523ac3dc4cf84160fa369b0399ec86f116ae3030a,4771701.0,PR,9650000000000000.0,1000.0,934.0,2.38e+16,990.0,216.0,974.0,988.0
6bf6c314009df0ac7be5adaee4b57045695184f05ed34d485ec519ab93860f1c,1,3.0,3.0,1.0,270.0,270.0,,,,,,,,,,,
6c29aa0ae9fec35203eddbf81dc44131e0637b21c608534e5f350e193b0dc33c,1,2.0,2.0,1.0,1020.66,1020.66,,,,,,,,,,,
6c29e337a603a9f3795606ccaffc41e353cf1d474d2b59336fa5ecda44bfbdfc,1,15.0,15.0,1.0,17550.0,17550.0,6c29e337a603a9f3795606ccaffc41e353cf1d474d2b59336fa5ecda44bfbdfc,1032599.0,SP,9530000000000000.0,9290000000000000.0,957.0,2e+16,930.0,1512.0,981.0,989.0
6c35eef3d7cf5bf472bd8ae2d2282132b1a6b4e18f4089fddefb32a1cf636657,1,0.0,0.0,0.0,644.38,644.38,,,,,,,,,,,
6c3a312bfa2f4315babc9ef4eb35275b3f7e337319b9cd12950d291fbd6aeb72,1,0.0,0.0,0.0,433.97,433.97,,,,,,,,,,,
6c53e2a9f2af5480ce8207b1764e5a209031fb5af9080c71fcb60385db386ed4,1,0.0,0.0,0.0,1550.0,1550.0,,,,,,,,,,,
6c65d8cd4aec88d855e0fed4734b78003480966754f8b00cff7dd50e1514795c,1,0.0,0.0,0.0,3677.47,3677.47,,,,,,,,,,,
6c7119e9d8ebd74f5eb269e3e6a95d1285d8884e74d6ba87330333c72634e7da,1,0.0,0.0,0.0,456.52,456.52,,,,,,,,,,,
6c7e72baf9effeb9547a02e2d9c23df1d42bc19deb59e5d6c3f16171d0370b2c,1,1.0,1.0,1.0,4169.86,4169.86,6c7e72baf9effeb9547a02e2d9c23df1d42bc19deb59e5d6c3f16171d0370b2c,4644301.0,CE,9200000000000000.0,7980000000000000.0,823.0,1.11e+16,930.0,22492.0,974.0,986.0
6c85379be75f4256c51634a7f5eb7b390562cf442e4a8eeb455e02482b2e4356,1,0.0,0.0,0.0,524.85,524.85,,,,,,,,,,,
6c8d814fda8e4d86d1691d7d533cee19c40c7891678f13938d4c440ed766666d,1,0.0,0.0,0.0,121662.1,121662.1,6c8d814fda8e4d86d1691d7d533cee19c40c7891678f13938d4c440ed766666d,2733300.0,PR,775295000000000.0,9350000000000000.0,959.0,2640000000000000.0,990.0,0.0,982.0,988.0
6c95b691cbdaa20d62cdc1980b83d26b4cd6ca93738d18b6b2b50f52d2494ab4,1,0.0,0.0,0.0,512.9,512.9,,,,,,,,,,,
6ca29bb927eddcf4027d5243aa4055cd13ad4135506f43309ed61182dddc0a0a,9,3.7777777777777777,8.0,0.5555555555555556,43514.48,4834.942222222223,6ca29bb927eddcf4027d5243aa4055cd13ad4135506f43309ed61182dddc0a0a,4921301.0,SP,5200000000000000.0,50.0,615.0,5.37e+16,930.0,5448.0,966.0,987.0
6ca9c9eea3c2e1449d9f75e2ffd4a60292e610e0e11be97324a3e585acae2c18,2,1.5,3.0,0.5,7313.3,3656.65,6ca9c9eea3c2e1449d9f75e2ffd4a60292e610e0e11be97324a3e585acae2c18,7112000.0,RJ,923131000000000.0,7650000000000000.0,784.0,2.1e+16,720.0,34825.0,394.0,985.0
6cd4ba94b837382cdb1e995cc7d77b9a16e8ed7b01e82faba5d7df0a0e68fb11,1,0.0,0.0,0.0,654.48,654.48,6cd4ba94b837382cdb1e995cc7d77b9a16e8ed7b01e82faba5d7df0a0e68fb11,4781400.0,GO,9240000000000000.0,6010000000000000.0,951.0,1.66e+16,980.0,0.0,964.0,986.0
6cd71b7e343166198ae25fa91dafa2f410caad390410fb86841eafda28499d79,1,0.0,0.0,0.0,1376.19,1376.19,,,,,,,,,,,
6cd7c1a9f8d2bc63f31965e03b0ba1a22e6d7b7e620768baeef31299a4ee29fe,4,0.5,2.0,0.25,32465.94,8116.485,6cd7c1a9f8d2bc63f31965e03b0ba1a22e6d7b7e620768baeef31299a4ee29fe,4711302.0,PA,9520000000000000.0,9200000000000000.0,949.0,2.05e+16,960.0,2242.0,980.0,989.0
6ce3f59203223ad09ee9d2ab2600a60dcd1cdddea4727a71469bd72cd9f70cea,2,0.0,0.0,0.0,4491.05,2245.525,6ce3f59203223ad09ee9d2ab2600a60dcd1cdddea4727a71469bd72cd9f70cea,4781400.0,SC,9630000000000000.0,2670000000000000.0,909.0,2100000000000000.0,930.0,2453.0,973.0,987.0
6cfe8629d7d56e1215bfa48c8b26a867b193cbc88160ecb4e2b162ba4e0331b7,1,1.0,1.0,1.0,230.01,230.01,,,,,,,,,,,
6d400687cbcca0628fd60eb356599f4574e20eaf8b8982351c6f363f6254efe8,1,0.0,0.0,0.0,16519.26,16519.26,6d400687cbcca0628fd60eb356599f4574e20eaf8b8982351c6f363f6254efe8,5240101.0,SP,9330000000000000.0,8210000000000000.0,733.0,44800.0,810.0,9535.0,894.0,988.0
6d469b25302149c40a29d2d67c830ac71a7dccea47cb47917166a349662279c5,1,0.0,0.0,0.0,5630.28,5630.28,6d469b25302149c40a29d2d67c830ac71a7dccea47cb47917166a349662279c5,4773300.0,SP,8330000000000000.0,9090000000000000.0,934.0,2060000000000000.0,930.0,4276.0,979.0,985.0
6d516726815c1a55a33a79bc37baa1052f522e012c348646e193eb1e9b92d296,3,7.0,19.0,0.6666666666666666,370784.01,123594.67,,,,,,,,,,,
6d98e5abdef2c00fda790b67f7b4df9f26e6b3cb2e19c17c544dc2a76bb5407d,1,0.0,0.0,0.0,507.74,507.74,,,,,,,,,,,
6ddff6dbed4e25f0cc729814d86af4f1ac08e41b6e3078a98d1516a92a307710,1,0.0,0.0,0.0,2914.0,2914.0,,,,,,,,,,,
6df6138c233feb2711db1f85fa6ca76506d9f97b07c8e4f14ef9bea7e54dade2,4,4.25,6.0,1.0,20730.12,5182.53,6df6138c233feb2711db1f85fa6ca76506d9f97b07c8e4f14ef9bea7e54dade2,2063100.0,SP,9030000000000000.0,882038000000000.0,946.0,2.16e+16,960.0,627.0,972.0,988.0
6dfd28ba592041cfca8345ed32875930ffc589a04d69ef3be7eb08066727f96b,6,0.0,0.0,0.0,3497.48,582.9133333333333,,,,,,,,,,,
6e2c7702309f4b9e6f15c0d716bc2306d553fae98651d3151a4e032de6722d48,1,0.0,0.0,0.0,374.77,374.77,6e2c7702309f4b9e6f15c0d716bc2306d553fae98651d3151a4e032de6722d48,4781400.0,PR,2.74e+16,6340000000000000.0,198.0,1.27e+16,540.0,1683.0,175.0,973.0
6e3472c0cc6626dc79347019824e5e81482549d1f9eedf1f913e6fc98975f952,2,0.5,1.0,0.5,392.29,196.145,,,,,,,,,,,
6e36e85489d795efde4ad153e3dcc6d78222e7661b3183c1ed669b4bff96d702,1,0.0,0.0,0.0,145.43,145.43,,,,,,,,,,,
6e3eeb305a60ecf271ad9e412ee6fb36238e32118c1c9cd6707a8c49bce956ab,1,0.0,0.0,0.0,1258.98,1258.98,,,,,,,,,,,
6e41330b9e6266bd1b34648a60290761f2e2d03fa0d77fb11aac8a1f860810eb,1,0.0,0.0,0.0,607.08,607.08,6e41330b9e6266bd1b34648a60290761f2e2d03fa0d77fb11aac8a1f860810eb,4761003.0,DF,9360000000000000.0,4.14e+16,906.0,9830000000000000.0,870.0,0.0,979.0,989.0
6e5cd3aabf7e6092e8663ea15530c0af9382f68569e21f949c7627ab287d42d8,1,0.0,0.0,0.0,14320.05,14320.05,6e5cd3aabf7e6092e8663ea15530c0af9382f68569e21f949c7627ab287d42d8,4722901.0,RS,9950000000000000.0,1000.0,952.0,2e+16,940.0,0.0,977.0,989.0
6e65db89c18dfd3ea319cfffced19ffd7f9069e2549980e7f7eb1170bc58b6d6,1,2.0,2.0,1.0,2156.58,2156.58,6e65db89c18dfd3ea319cfffced19ffd7f9069e2549980e7f7eb1170bc58b6d6,4617600.0,RJ,9110000000000000.0,7550000000000000.0,943.0,2.21e+16,910.0,35.0,979.0,985.0
6e7a46fb1d76d2b381bf27e71134fa5aad3e5b484bc170022de1a1aa2c554dff,1,0.0,0.0,0.0,9840.0,9840.0,6e7a46fb1d76d2b381bf27e71134fa5aad3e5b484bc170022de1a1aa2c554dff,2941700.0,SP,9060000000000000.0,9560000000000000.0,858.0,2.21e+16,930.0,4228.0,951.0,988.0
6e885a722cbd83522cfb4bbcec7fb3cbde6cc3486aa3835f70db31bfa4103b45,2,0.5,1.0,0.5,460.42,230.21,,,,,,,,,,,
6e885f5f47101643f5a8f0bf8e035c4fb8984636fe5d7e50c9345a9df4f802a3,1,0.0,0.0,0.0,255.94,255.94,,,,,,,,,,,
6e8caa73515619b0a5c54cbf9a8149f4d6ab5fb573f02484a1021578038de70b,2,0.0,0.0,0.0,5687.96,2843.98,6e8caa73515619b0a5c54cbf9a8149f4d6ab5fb573f02484a1021578038de70b,1340502.0,SC,9910000000000000.0,9480000000000000.0,954.0,2.44e+16,970.0,0.0,980.0,989.0
6e94110a587c4d671c80e6afd14d974b8fd2c6826194b6e03714becd327e36a4,1,0.0,0.0,0.0,400.2,400.2,,,,,,,,,,,
6ecbf4417dccb273a31e99d8468264fa6de52868f7d38ea80743829c26bcfa77,2,0.0,0.0,0.0,2570.7700000000004,1285.3850000000002,6ecbf4417dccb273a31e99d8468264fa6de52868f7d38ea80743829c26bcfa77,4651601.0,SP,7960000000000000.0,7480000000000000.0,948.0,241000.0,930.0,0.0,984.0,988.0
6ed821591b49961d1cc3ace0d5ac2684a381f40d8c0647a7a439d8bb7fbb9d23,3,0.0,0.0,0.0,51273.6,17091.2,,,,,,,,,,,
6ee43faa48b0708e964c7343dd3c4cf151e0d6e7ce0a2b50eba19d3c52b4ae61,1,0.0,0.0,0.0,22443.3,22443.3,,,,,,,,,,,
6f1341bb059dc722662c9c0c5f429155d8724de17dc4b3b31c56062b59d8caea,1,0.0,0.0,0.0,1264.13,1264.13,,,,,,,,,,,
6f1e7cf72ab93d3669216b0cfe9f06ef365e3ec6fc9fd664e16692964fc05612,1,0.0,0.0,0.0,371.0,371.0,,,,,,,,,,,
6f21ebdf2e3c529370aaeddc719559f847597086fe8a9a18fd45f9edae69550e,1,0.0,0.0,0.0,256.18,256.18,,,,,,,,,,,
6f3440f7be91143d0e24b438bec97a25941ac50b3facf011b5a6cc559fc95500,1,0.0,0.0,0.0,3170.0,3170.0,6f3440f7be91143d0e24b438bec97a25941ac50b3facf011b5a6cc559fc95500,4731800.0,BA,9950000000000000.0,7550000000000000.0,956.0,2450000000000000.0,950.0,0.0,978.0,987.0
6f65a56d54f8291b8eb2f17dcac4dc2d49c0af429fb47a31865711601d37a63b,1,0.0,0.0,0.0,542.32,542.32,6f65a56d54f8291b8eb2f17dcac4dc2d49c0af429fb47a31865711601d37a63b,4321500.0,SC,9440000000000000.0,9410000000000000.0,941.0,1.97e+16,970.0,0.0,973.0,986.0
6f7ef152f253ced08f6efefdd6ba21703aabab84d6cdf8457898ac22af82811b,1,0.0,0.0,0.0,23381.58,23381.58,,,,,,,,,,,
6f957351dad42f5dd26a33cd2e69edac8236c63ed64a392d3bb5d8380a9014d7,3,0.0,0.0,0.0,1987.27,662.4233333333333,,,,,,,,,,,
6fb780c0b53c6fc0307e3c8731d02e8b2b4b871b8ac852af3db15bf7bb19ee3f,1,0.0,0.0,0.0,3900.0,3900.0,6fb780c0b53c6fc0307e3c8731d02e8b2b4b871b8ac852af3db15bf7bb19ee3f,4663000.0,MG,8780000000000000.0,9080000000000000.0,946.0,1.27e+16,950.0,29737.0,974.0,987.0
6fc0dd26b44f79f42ccfa04f0d9a75c5cf6395c0343fbf281f3282ae56d67e76,1,2.0,2.0,1.0,496.0,496.0,6fc0dd26b44f79f42ccfa04f0d9a75c5cf6395c0343fbf281f3282ae56d67e76,4639701.0,RJ,940530000000000.0,6250000000000000.0,751.0,94000.0,830.0,6081.0,955.0,987.0
6fce4d563eaad3a9e749ff5b234cd0e66c660cba8cbda414b4e885ffdd7d7465,1,0.0,0.0,0.0,2936.77,2936.77,6fce4d563eaad3a9e749ff5b234cd0e66c660cba8cbda414b4e885ffdd7d7465,2229302.0,RJ,974366000000000.0,7470000000000000.0,961.0,2520000000000000.0,950.0,93.0,976.0,988.0
6fd4ae78ba7a85efbc1c17f9b167d9e50c8a2e952933b9a68727633a9b3369fa,2,0.0,0.0,0.0,11011.960000000001,5505.9800000000005,,,,,,,,,,,
6fdcf639b35d31ed525d6bf433e24ab6640886b941b010b95451fbe53c963c41,1,13.0,13.0,1.0,366.07,366.07,,,,,,,,,,,
6fe1bc1aa10f972b38cf97b305c22a80019e54a89796e0bc21c1f1246526bb4a,2,0.0,0.0,0.0,33000.0,16500.0,6fe1bc1aa10f972b38cf97b305c22a80019e54a89796e0bc21c1f1246526bb4a,1091102.0,SP,7610000000000000.0,995762000000000.0,659.0,1.22e+16,890.0,0.0,960.0,988.0
6ffab91d520934011b6a46afd3b1c694c09acf2caa7fd9e57d4cc449ee547e87,1,2.0,2.0,1.0,85.68,85.68,,,,,,,,,,,
70101f4eb0fbb41bd1e427b2cfbaade9763b5167ec9d43b8d504fad5e9cef1ed,1,0.0,0.0,0.0,860.96,860.96,70101f4eb0fbb41bd1e427b2cfbaade9763b5167ec9d43b8d504fad5e9cef1ed,4742300.0,SC,9840000000000000.0,7370000000000000.0,948.0,2e+16,980.0,4783.0,968.0,988.0
703cc8799edfc0ba72908b75aebbfd1b4e52707ce05527738b998b096b8c80cf,1,11.0,11.0,1.0,108.7,108.7,,,,,,,,,,,
7051d752a54c695e3cc593983218d422b633b83701ae68255c10331374e3c69a,1,0.0,0.0,0.0,1085.31,1085.31,,,,,,,,,,,
70550be01d8b81bb43dd2468441647ba22a115f16924180bf35bf8e9378f3d74,1,8.0,8.0,1.0,1147.89,1147.89,,,,,,,,,,,
705b28ecba58311947d2c9a90a103670d8e7aa716838d2f595b2751efd64c953,1,0.0,0.0,0.0,200.5,200.5,,,,,,,,,,,
7079f8b157811183273edf496d0d992badb71d3f5256f0d5bbc565d53573b5a2,1,0.0,0.0,0.0,582.9,582.9,,,,,,,,,,,
7094bbb772d688aaa0976f516f04831b70a19d16452aaf1a5171ce9df154cf89,1,0.0,0.0,0.0,399145.76,399145.76,7094bbb772d688aaa0976f516f04831b70a19d16452aaf1a5171ce9df154cf89,2031200.0,RJ,8530000000000000.0,1000.0,948.0,1.54e+16,920.0,9.0,977.0,989.0
70ab899705be23176b008824d8a25bb42eb23268025719fb3ea7c39662bb56b7,1,0.0,0.0,0.0,427.68,427.68,70ab899705be23176b008824d8a25bb42eb23268025719fb3ea7c39662bb56b7,4742300.0,SC,9680000000000000.0,727593000000000.0,960.0,1.98e+16,970.0,1819.0,976.0,988.0
70b7d0d51e028b858dbb0eac27048a9a45d2ce5bc38fa837956ca3b4c68be43d,2,0.0,0.0,0.0,1166.66,583.33,,,,,,,,,,,
70d5322e4188224f0f143187852061a66cf7d5cf64dc22fa6159836e58536bfd,1,0.0,0.0,0.0,429.63,429.63,,,,,,,,,,,
70f4f73010acafe650b909040106ef468a73c6357d0c656bad621f8358579962,1,0.0,0.0,0.0,67.6,67.6,70f4f73010acafe650b909040106ef468a73c6357d0c656bad621f8358579962,4771701.0,PR,9690000000000000.0,1000.0,963.0,2.34e+16,990.0,427.0,977.0,988.0
7112819df0668d1335cf8200c554eb1dc735be21d4b9af0a5f794e451e391638,1,0.0,0.0,0.0,1094.45,1094.45,,,,,,,,,,,
71182afd3365ce296ce25a8e83aee7c95c3e3e4ea0894ae3204f8529e1dd5e68,1,0.0,0.0,0.0,3340.0,3340.0,,,,,,,,,,,
712154796cc427e3c01ba3ce9c6d0420ab16abad6ff31beb726c35566ca99cc6,1,6.0,6.0,1.0,66.04,66.04,712154796cc427e3c01ba3ce9c6d0420ab16abad6ff31beb726c35566ca99cc6,4772500.0,MA,9880000000000000.0,8780000000000000.0,796.0,0.0,770.0,0.0,853.0,984.0
7142225491d24d4152bef70337af15741a8c01e4da3601c5ce75c94b508be507,2,37.0,68.0,1.0,1139.17,569.585,,,,,,,,,,,
7143bb28ea792dbbb89dc7494267a353480d3fd2a1048bce5885189175899603,1,0.0,0.0,0.0,2150.14,2150.14,7143bb28ea792dbbb89dc7494267a353480d3fd2a1048bce5885189175899603,1412601.0,GO,9230000000000000.0,8460000000000000.0,956.0,2.26e+16,970.0,9623.0,983.0,987.0
71521a25c7971b871ae96e1858f055ced3eb791c6dcaf53df966efa7d577103b,1,3.0,3.0,1.0,144.56,144.56,,,,,,,,,,,
717cc4f2818a710397045d31f672d08f03e723c23905d4ed299b00e844a0217c,2,0.0,0.0,0.0,912.56,456.28,717cc4f2818a710397045d31f672d08f03e723c23905d4ed299b00e844a0217c,4742300.0,SC,9660000000000000.0,9540000000000000.0,926.0,2400000000000000.0,970.0,3677.0,978.0,988.0
7192523166f2b68d66803c9e6da131a8afd26ac7e0005c9dd0e33eea76ac695d,1,0.0,0.0,0.0,516.95,516.95,,,,,,,,,,,
719684ff6daa68f0728bb04cdfcc2282ce38e9a27a77ad80076ed9d7899c5ac1,1,0.0,0.0,0.0,3740.0,3740.0,719684ff6daa68f0728bb04cdfcc2282ce38e9a27a77ad80076ed9d7899c5ac1,4686902.0,AL,9130000000000000.0,8650000000000000.0,958.0,241400.0,960.0,0.0,979.0,989.0
719c32ed345adf37e3e4826b93aeaf6d2283e7c234c3d90b01e2f9591c4232ee,1,0.0,0.0,0.0,2985.0,2985.0,719c32ed345adf37e3e4826b93aeaf6d2283e7c234c3d90b01e2f9591c4232ee,4511101.0,RJ,9260000000000000.0,9780000000000000.0,896.0,1.27e+16,900.0,17956.0,978.0,988.0
71a062e4b0f55a494fd82d9356dfc482370737ddd122a49dcc59d6ab4eccbdfa,2,0.0,0.0,0.0,6084.0,3042.0,71a062e4b0f55a494fd82d9356dfc482370737ddd122a49dcc59d6ab4eccbdfa,4781400.0,SP,8850000000000000.0,9760000000000000.0,727.0,91500.0,920.0,864.0,822.0,986.0
71b2ca0b5fbff1c610c988ca0e7d0d6842c719eff3144042d15e132da9fbd5d4,2,0.0,0.0,0.0,595.72,297.86,71b2ca0b5fbff1c610c988ca0e7d0d6842c719eff3144042d15e132da9fbd5d4,4120400.0,MG,9310000000000000.0,7390000000000000.0,954.0,983529000000000.0,930.0,3528.0,971.0,988.0
71b8fc1bac896946c64556af79b29cee1e3f3d74b38bc8f9d1064a5290d2051a,1,0.0,0.0,0.0,157.15,157.15,,,,,,,,,,,
71c73947195c307364c17621dd0033912c62c8a3bc6b1bad24a9e5512b640fc8,1,0.0,0.0,0.0,544.32,544.32,71c73947195c307364c17621dd0033912c62c8a3bc6b1bad24a9e5512b640fc8,6422100.0,RJ,6470000000000000.0,9720000000000000.0,754.0,1.13e+16,800.0,163.0,887.0,989.0
71f1c00d394ab08c256a0bbdf1ca1f12c9fa75da0c18d374efa7a3bf6514c6e6,1,2.0,2.0,1.0,500.0,500.0,71f1c00d394ab08c256a0bbdf1ca1f12c9fa75da0c18d374efa7a3bf6514c6e6,4921301.0,ES,5400000000000000.0,9190000000000000.0,939.0,1.84e+16,930.0,2576.0,977.0,976.0
7224f032669428f0229cd0969c8afed792d5b461af0a4bec37680c9a0c4da780,1,0.0,0.0,0.0,12925.0,12925.0,,,,,,,,,,,
72320bf2cf6fd58592e7437563163be06b645305eedc985a7cd90addc93ae191,1,0.0,0.0,0.0,529.91,529.91,,,,,,,,,,,
723a2dcf6076b386c8277c8807b677e036549ae4feda1f5f9e9d0c99201722b1,1,0.0,0.0,0.0,115.67,115.67,,,,,,,,,,,
723f26e3a24d6749fa5978b8c4f8874004c1e3ff1a5cd1cc4ed8bed24fcbe20f,1,0.0,0.0,0.0,519.49,519.49,,,,,,,,,,,
72506de5e5f1eb2ecefcbf3557b07a0af94eb8de53bfa61e6efc97f98a19e358,1,0.0,0.0,0.0,213.96,213.96,,,,,,,,,,,
725222c654a8dd924bfdf07f47c17a7ebebc74b135d86aeee3bd3d7046eba5ea,1,0.0,0.0,0.0,18877.71,18877.71,725222c654a8dd924bfdf07f47c17a7ebebc74b135d86aeee3bd3d7046eba5ea,4686901.0,SC,9790000000000000.0,8560000000000000.0,804.0,21000.0,920.0,0.0,945.0,988.0
72528e22474b802190927bb0a40f27c9beb780cee7697323c370736a5b12dbbb,1,0.0,0.0,0.0,351.99,351.99,,,,,,,,,,,
72616afc7e23490643ac2a4871847708c2a2e88a5a55c680752be01dea3eb57c,1,2.0,2.0,1.0,645.0,645.0,,,,,,,,,,,
7276c9e43ab2fdf7058da8570c188944c7cbcafd0107834c9fecc27b28969675,1,2.0,2.0,1.0,546.0,546.0,,,,,,,,,,,
727e9dde59de43e7dd07d2685d0c56b5e9f90a4f546c3db3c001d392b13345c8,1,0.0,0.0,0.0,878.28,878.28,,,,,,,,,,,
729016dbb6207eccbb5ee274f8178f09851cdf5cff0bc3d17e25de5460eae2db,1,0.0,0.0,0.0,657.58,657.58,,,,,,,,,,,
7295b4439b2d9dc54c08987d232e2d6ee621654eb2cabf30ceb261e6c51aef10,1,0.0,0.0,0.0,27942.98,27942.98,,,,,,,,,,,
7298297043cb872ac5bab7086ccad8e5743f7745a3eb3711a644bf8db9a08a86,1,0.0,0.0,0.0,708.96,708.96,7298297043cb872ac5bab7086ccad8e5743f7745a3eb3711a644bf8db9a08a86,1412601.0,SP,6670000000000000.0,1000.0,333.0,9180000000000000.0,740.0,182.0,786.0,983.0
72af190f7de2989b59cc503040881639ec24527de346776bb2c93b8a29a0ed1f,2,1.5,3.0,0.5,11972.439999999999,5986.219999999999,72af190f7de2989b59cc503040881639ec24527de346776bb2c93b8a29a0ed1f,1032599.0,GO,8520000000000000.0,7890000000000000.0,960.0,205175.0,930.0,4759.0,981.0,989.0
72c0f66f5b9c7faa7f86e840460313ce9e2fde63b33758df3b5bf0f6a0e5e78c,1,6.0,6.0,1.0,1815.25,1815.25,,,,,,,,,,,
72c394f604d86498c032e4ad983f7191b5df6ea36ae3f6290865fab893cb39a5,10,1.8,5.0,0.6,92656.83,9265.683,72c394f604d86498c032e4ad983f7191b5df6ea36ae3f6290865fab893cb39a5,4617600.0,SP,6010000000000000.0,50.0,859.0,91250.0,860.0,38145.0,894.0,985.0
72c568ff9f33a81a1afccce491b93a7cbc93d2c4d2d60a7550d8db139c3c5301,1,2.0,2.0,1.0,304.98,304.98,72c568ff9f33a81a1afccce491b93a7cbc93d2c4d2d60a7550d8db139c3c5301,6920601.0,GO,7130000000000000.0,7980000000000000.0,770.0,140500.0,830.0,1614.0,892.0,986.0
72dd13cbee2b3e3bf07eb49a5aab39b852b56a87a5398b616d01c4e6b8b13592,1,0.0,0.0,0.0,15797.26,15797.26,72dd13cbee2b3e3bf07eb49a5aab39b852b56a87a5398b616d01c4e6b8b13592,4679699.0,BA,8910000000000000.0,9140000000000000.0,964.0,1.91e+16,970.0,2302.0,982.0,989.0
72ff16f70da865ec56419215bc30f1618039dbb240d48e220b453040fe79568c,1,0.0,0.0,0.0,58.81,58.81,,,,,,,,,,,
73007e069e1fb1dd887b12e237e04620b947862578501f185fbf9dab0dcd206c,2,0.0,0.0,0.0,3731.3199999999997,1865.6599999999999,73007e069e1fb1dd887b12e237e04620b947862578501f185fbf9dab0dcd206c,2063100.0,SP,882080000000000.0,2.43e+16,816.0,1440000000000000.0,900.0,1281.0,979.0,988.0
730ab9db44d268e12440fb81ed13131843803e0f47e9f759aa67fa1ecd97213b,1,0.0,0.0,0.0,95.8,95.8,730ab9db44d268e12440fb81ed13131843803e0f47e9f759aa67fa1ecd97213b,4771701.0,PR,9720000000000000.0,1000.0,964.0,245360.0,980.0,0.0,981.0,988.0
732416fba8df42ce0d7a275bacf7959eb897efe2112e955e1a366534018923d1,1,1.0,1.0,1.0,440.2,440.2,732416fba8df42ce0d7a275bacf7959eb897efe2112e955e1a366534018923d1,4771701.0,PR,9890000000000000.0,7890000000000000.0,959.0,1.91e+16,950.0,6568.0,980.0,989.0
732ca36c208307531f115273b73a08a7ed72472f3eeaf5b9aff12ba88082fdb1,1,0.0,0.0,0.0,141.48,141.48,,,,,,,,,,,
733c9aa72e3554b8f0b1df417a9d1ab8981fee8233dca1d8ea57d67c51e945b8,1,1.0,1.0,1.0,650.0,650.0,733c9aa72e3554b8f0b1df417a9d1ab8981fee8233dca1d8ea57d67c51e945b8,1066000.0,SP,8530000000000000.0,9150000000000000.0,958.0,2.66e+16,930.0,3869.0,981.0,989.0
735feb40c7fdd5ce14dbab0b472575789df7b0a9eb49d2f55a2d8339849d4bb7,1,4.0,4.0,1.0,7182.26,7182.26,735feb40c7fdd5ce14dbab0b472575789df7b0a9eb49d2f55a2d8339849d4bb7,2790299.0,SP,5750000000000000.0,9240000000000000.0,685.0,4250000000000000.0,700.0,43258.0,716.0,972.0
7365a4d308e1f097df49008ace5a26d578a9358869005f53a5ddb6a02ac2b202,1,1.0,1.0,1.0,261.35,261.35,7365a4d308e1f097df49008ace5a26d578a9358869005f53a5ddb6a02ac2b202,4721102.0,PR,9960000000000000.0,50.0,934.0,233625.0,980.0,0.0,971.0,988.0
739d3bc545e0f5dd609159b482fe884bbd40e71e47fa39c130b04c245bc7dfd5,2,0.0,0.0,0.0,308.89,154.445,,,,,,,,,,,
73aaf50f96e1bd9947f0ff0a1a7d4d8f3bf9eddd5e17d67a63836f6a57cdaee3,1,5.0,5.0,1.0,399.17,399.17,,,,,,,,,,,
73abd1dd7565e29cb1ceb131fdb5b900f1cc7605235591dc22eacb472fd3bb05,1,0.0,0.0,0.0,48120.09,48120.09,73abd1dd7565e29cb1ceb131fdb5b900f1cc7605235591dc22eacb472fd3bb05,1413401.0,RJ,9100000000000000.0,7360000000000000.0,504.0,1.15e+16,790.0,5372.0,881.0,987.0
73d711ca764aa952b24b8fa3c10b87f363587a1a5bd2452d9983acd647bc82bb,1,8.0,8.0,1.0,215.16,215.16,,,,,,,,,,,
7408365cc3db8172d757c51ce2f681f12136cb5f0ed57822eef470c31a49974c,3,1.0,2.0,0.6666666666666666,5487.6900000000005,1829.2300000000002,7408365cc3db8172d757c51ce2f681f12136cb5f0ed57822eef470c31a49974c,4530703.0,SP,9850000000000000.0,9830000000000000.0,958.0,2.42e+16,970.0,422.0,980.0,989.0
743fcd8f7bffa06c7ca12ded676a32a69ec035709f9de74280dfe15f11da94fe,1,0.0,0.0,0.0,650.3,650.3,743fcd8f7bffa06c7ca12ded676a32a69ec035709f9de74280dfe15f11da94fe,4321500.0,SC,3.25e+16,1000.0,940.0,2.51e+16,940.0,0.0,982.0,988.0
7447c082834c49357b7d8b920782d134710ce862459f95dbb29fcbbc259d70be,1,0.0,0.0,0.0,403.97,403.97,,,,,,,,,,,
74506515d0cf600a69598b7a825b76ae85cf320dd364d91089e07f84bea0998f,1,1.0,1.0,1.0,8636.0,8636.0,74506515d0cf600a69598b7a825b76ae85cf320dd364d91089e07f84bea0998f,5620102.0,PR,8650000000000000.0,1000.0,924.0,50000.0,750.0,0.0,395.0,985.0
745f2c550d005c6312382b8ba8406eea1625c8ab5fece6e49c68f00f128bf089,4,0.5,2.0,0.25,48141.01,12035.2525,745f2c550d005c6312382b8ba8406eea1625c8ab5fece6e49c68f00f128bf089,2815102.0,SP,9470000000000000.0,8880000000000000.0,959.0,2.42e+16,960.0,429.0,983.0,989.0
7476d0e191ab88f244161b3b0455f0ed14e26e4f659ec5f4f1d003f10348eea9,1,0.0,0.0,0.0,2583.04,2583.04,,,,,,,,,,,
749a30d7a1700128461a3ee0ae39843792de7345e66a776db339d3fea86e0244,1,0.0,0.0,0.0,185.94,185.94,,,,,,,,,,,
749f0f1863e06f75e6a3666fdb76e5950205452ef64a1d1cabf9eea50a7156a3,2,0.0,0.0,0.0,1565.1499999999999,782.5749999999999,749f0f1863e06f75e6a3666fdb76e5950205452ef64a1d1cabf9eea50a7156a3,5510801.0,GO,9600000000000000.0,912531000000000.0,964.0,1960000000000000.0,970.0,21905.0,980.0,989.0
74a65a30e61bbb9003c9aee15438128f919474aef14472a0180e5013aba49cba,1,0.0,0.0,0.0,479.07,479.07,,,,,,,,,,,
74ba023925a3e5981f8f92bf7ba200db359c015ba741f72f045fa54305915503,1,1.0,1.0,1.0,54.67,54.67,,,,,,,,,,,
74c41c0c1062773531fb3ab04a15509d2411c45fa927be877fd591a92f655402,1,4.0,4.0,1.0,885.0,885.0,,,,,,,,,,,
74ecb07f5c89b6b9088a88328c92b2fa2e92b3fb1297dccaa797a0c2c47376a2,1,0.0,0.0,0.0,1089.63,1089.63,,,,,,,,,,,
75007ef34eb604fb94a4ecd54371b30e7a830683b5cba8ef2f5069e8b5260444,1,0.0,0.0,0.0,324.73,324.73,,,,,,,,,,,
750896a13962ef8b6b7538d599b84490475d8281408a60b4f7f79b23ed5ef7ff,2,27.0,31.0,1.0,902.82,451.41,,,,,,,,,,,
751bb74bb7e0769a7b191c68eb6cdb233b63838de11f0539ea418af75452f5ee,127,0.5826771653543307,6.0,0.4094488188976378,805529.1900000001,6342.749527559055,,,,,,,,,,,
7530b8afbe6cfc37ca70b3f892b5db19fcfb3aa4e62861ab2f728027bbcba0c7,1,1.0,1.0,1.0,304.03,304.03,7530b8afbe6cfc37ca70b3f892b5db19fcfb3aa4e62861ab2f728027bbcba0c7,4742300.0,SC,4.22e+16,5950000000000000.0,934.0,2.63e+16,890.0,0.0,978.0,987.0
7544f78c79ab7d7ee895a7783b701dacdeda4aca0cb9d5f24d33df5a134c0df3,1,0.0,0.0,0.0,1018.0,1018.0,,,,,,,,,,,
754d3bdeab19ebeb43358644cb67dee77e97852badbb867479da27002b713875,3,0.3333333333333333,1.0,0.3333333333333333,2168.19,722.73,,,,,,,,,,,
75543f8afe1841200fa242569702444d8660986c877abda398048b464d7c8ca5,1,3.0,3.0,1.0,350.63,350.63,,,,,,,,,,,
75660a40031e50c6b740a13016e91cb218987fdd22a5a228c1170ed17dcb1f4d,1,1.0,1.0,1.0,2898.0,2898.0,75660a40031e50c6b740a13016e91cb218987fdd22a5a228c1170ed17dcb1f4d,1011201.0,MG,865030000000000.0,4780000000000000.0,844.0,1.44e+16,920.0,765.0,972.0,988.0
757098873b0dcb07631ee8d71eb33f0613e04dbea8773c780d9187fd438c3b62,2,0.5,1.0,0.5,255.56,127.78,,,,,,,,,,,
75b936ad933a7b45483fb6ddc8231c88832437e6c0d9db10d2ab130c57d018fe,2,0.0,0.0,0.0,123073.61,61536.805,75b936ad933a7b45483fb6ddc8231c88832437e6c0d9db10d2ab130c57d018fe,2441501.0,SP,9800000000000000.0,959935000000000.0,929.0,2.06e+16,930.0,7.0,979.0,988.0
75bcd5a717765c8d1a50229e1f552958b80ca955746026cc5e6b1d990aaf58c7,1,0.0,0.0,0.0,111.76,111.76,75bcd5a717765c8d1a50229e1f552958b80ca955746026cc5e6b1d990aaf58c7,1013901.0,DF,9740000000000000.0,908066000000000.0,820.0,1.8e+16,930.0,8038.0,954.0,986.0
75e663254cd967ee403e1297664fd6b315b90825f2e036b3940ba5daba698116,2,0.5,1.0,0.5,154.15,77.075,,,,,,,,,,,
75ef704b1bf34aa4ba997f2a83367c19fd298c78a5ae84ac2262a152e10efb28,1,0.0,0.0,0.0,1632.06,1632.06,,,,,,,,,,,
75f2e12ae87681705d10af5eab1904605c877a3f32cbef37339f85a6c16179ff,1,0.0,0.0,0.0,466.95,466.95,,,,,,,,,,,
75f61378b6ad7ce14f4eff0e08530945a22a50ef50cf292eb545b082796a59f0,1,1.0,1.0,1.0,531.17,531.17,,,,,,,,,,,
7600e3781a7975a2b0fa60739f4cfd93c99c3ba93572d7949eaee56b020b9b9a,4,1.25,2.0,0.75,19038.43,4759.6075,,,,,,,,,,,
7612cd747341949636f5dd32aa209a1024cbe3c58112035ea0d4b1d6c8f6cd55,1,0.0,0.0,0.0,378.45,378.45,,,,,,,,,,,
762813e0b5941a6c67b64d1919971ec65aa75aa979a0544351c2b2da42d0fdeb,1,5.0,5.0,1.0,549.45,549.45,762813e0b5941a6c67b64d1919971ec65aa75aa979a0544351c2b2da42d0fdeb,4781400.0,PR,3.04e+16,5630000000000000.0,643.0,149875.0,910.0,5852.0,55.0,906.0
765c71ff01ceee8116d7ddb5dcab7ccf8ebee7f93e78dfef8867eaea0f2e3c52,1,2.0,2.0,1.0,63.36,63.36,,,,,,,,,,,
766789d3b0035421fc0a854d6cb8bccbef6a8b834b0077196eb2df9c273c73bf,1,4.0,4.0,1.0,1019.87,1019.87,766789d3b0035421fc0a854d6cb8bccbef6a8b834b0077196eb2df9c273c73bf,4789099.0,SP,6790000000000000.0,1000.0,207.0,26000.0,830.0,0.0,359.0,875.0
7678d855fb4dcf826c2f78629bb9522a61092044629441f521d60d9da7584631,4,0.0,0.0,0.0,157217.57,39304.3925,7678d855fb4dcf826c2f78629bb9522a61092044629441f521d60d9da7584631,1062700.0,MG,9550000000000000.0,8660000000000000.0,909.0,1.68e+16,920.0,241.0,982.0,989.0
769635fd975dc18e9cd204095ea0c5c44a61bc24a71e21c0ebb7e1218c7d157a,1,0.0,0.0,0.0,573.18,573.18,,,,,,,,,,,
76cabb76991d5422d77a09309b2ea4743c4e7c88a1f7782c87f6e45e76b6d873,1,0.0,0.0,0.0,604.63,604.63,,,,,,,,,,,
76cb44e039e55788d4b1877dd69612a79f1ba03ff8705f3beec15282dfa4db51,1,0.0,0.0,0.0,67169.74,67169.74,,,,,,,,,,,
76f3d80c83f176d6c2dee8a0a193b0ede95935f45460b22bf97da5c7853bddef,2,0.0,0.0,0.0,263.18,131.59,,,,,,,,,,,
773039da891b6e63c494c46bd26b90aa8617d133653b3faa4ebcb4b09537e9bb,1,68.0,68.0,1.0,2360.2,2360.2,773039da891b6e63c494c46bd26b90aa8617d133653b3faa4ebcb4b09537e9bb,4669999.0,RS,9760000000000000.0,8060000000000000.0,377.0,1.23e+16,650.0,0.0,424.0,968.0
77397f323dca6b8a6a3af2325020e3bd25a8e0969e70573a5e6051924ef42961,2,31.5,61.0,1.0,9400.01,4700.005,77397f323dca6b8a6a3af2325020e3bd25a8e0969e70573a5e6051924ef42961,4712100.0,AM,926676000000000.0,9660000000000000.0,184.0,3020000000000000.0,730.0,8629.0,328.0,973.0
775fc9ddee7bc31c9ab593686a75c68693da37c94443ce8a17acd0fadbb514ec,1,0.0,0.0,0.0,116.76,116.76,,,,,,,,,,,
776625f53c7634a1b5d65fb5080bce26cea18b26cdec202343485ebc04758e03,1,0.0,0.0,0.0,1433.91,1433.91,,,,,,,,,,,
7770d98926ca6f6c00a96c6c6dd85e13ac4fed149b1e6302bf5d0ec5a3d4e797,1,0.0,0.0,0.0,143.73,143.73,,,,,,,,,,,
778d9e6fb1e5fb16971577c9bf964a63eda9976d7dfc332486b3b44e5264e811,1,0.0,0.0,0.0,211.51,211.51,,,,,,,,,,,
779d7a523bf5deae425bc6bf90d06facbc7825a9eee6e0f6a31330ca593626e9,1,1.0,1.0,1.0,2183.04,2183.04,,,,,,,,,,,
77a353b1b992c8eeff45c4bddbf87e3d2654c8ac5cb2ec2dab4d0db0e570d2b9,1,0.0,0.0,0.0,549.58,549.58,77a353b1b992c8eeff45c4bddbf87e3d2654c8ac5cb2ec2dab4d0db0e570d2b9,4774100.0,PR,7840000000000000.0,7190000000000000.0,813.0,90500.0,560.0,77268.0,839.0,976.0
77d79c1199b53131a1f7004847be300790801ef9e9ef7710cd3851af6c367482,2,5.5,7.0,1.0,1051.0,525.5,,,,,,,,,,,
77f3e9b9fff2d31b030ed95f960a619ee7e9433257e23f7c52a7cf59432002ff,6,0.8333333333333334,3.0,0.3333333333333333,24843.56,4140.593333333333,77f3e9b9fff2d31b030ed95f960a619ee7e9433257e23f7c52a7cf59432002ff,2862300.0,SC,9370000000000000.0,941019000000000.0,952.0,2.47e+16,970.0,1052.0,981.0,989.0
77f569c5776907c65d9bc3489c293991f4dc87fe6fc0dbce6a3ce4242f0aee61,1,0.0,0.0,0.0,592.97,592.97,,,,,,,,,,,
77fb2f9ff0420216d5d62942b42a642ba0ad2316ebcc825a2f61e1e1dd61f7c5,1,3.0,3.0,1.0,211.16,211.16,,,,,,,,,,,
780589e0b9439aee3fb347168f709f6066f29c708263caf9bdec75e723db4f9f,5,0.2,1.0,0.2,1233.34,246.66799999999998,,,,,,,,,,,
7808a0047b266d7aaeeb9d559c98f31f23aa739941a02765c16122e31820127d,1,0.0,0.0,0.0,6293.0,6293.0,7808a0047b266d7aaeeb9d559c98f31f23aa739941a02765c16122e31820127d,4683400.0,RS,9880000000000000.0,605366000000000.0,887.0,2.02e+16,970.0,1377.0,956.0,988.0
78195b0711518eb7c545f67a1594056882fa587a7f69202d567ccb1a2dedb99f,1,1.0,1.0,1.0,172.55,172.55,78195b0711518eb7c545f67a1594056882fa587a7f69202d567ccb1a2dedb99f,4771701.0,PR,9190000000000000.0,50.0,929.0,2.13e+16,970.0,2669.0,978.0,987.0
7828af65623825865d5dd6e40bf9217a10b87f6e4bfbc4105e6784186925d2fc,1,0.0,0.0,0.0,129.32,129.32,,,,,,,,,,,
7830790bb8d0a570b8f1c0826060a50ea0742c718ee91981e7c50cdcd56843a1,1,0.0,0.0,0.0,453.65,453.65,,,,,,,,,,,
783adae4245129b9b0765d6f7d7a3c240c0a67d24ab6487fb0929ca99220abb0,1,0.0,0.0,0.0,189.55,189.55,,,,,,,,,,,
7852b73e5d7f5a56129ae262bc525e45dec3fd02cdab9d9f4192a3e3277414f7,3,0.6666666666666666,2.0,0.3333333333333333,86124.44,28708.146666666667,,,,,,,,,,,
786a1632502aaf614311ff2068b2d4c03f7a745c50b6753e8fc1f264fcff8247,1,0.0,0.0,0.0,566.32,566.32,,,,,,,,,,,
788eb8ffa5a26b261efcae56605bbc6e303313470b6747f8368c9c81e9f291a2,1,0.0,0.0,0.0,482.58,482.58,,,,,,,,,,,
78934a21e505e1434a1f9613845ef5f369df622b4327b437ccb20eda35d0429e,1,0.0,0.0,0.0,2368.68,2368.68,,,,,,,,,,,
78a5059cd4096467d3cf1dee62caf00e225a1a45f99de3e63cf121e97b062010,1,0.0,0.0,0.0,1200.0,1200.0,,,,,,,,,,,
78bcc809c145232b0d29244b5207a3f0e7cec12fb1ba2171a268c151267f698b,1,0.0,0.0,0.0,672.56,672.56,78bcc809c145232b0d29244b5207a3f0e7cec12fb1ba2171a268c151267f698b,4711302.0,PR,9450000000000000.0,8750000000000000.0,960.0,2040000000000000.0,960.0,4053.0,982.0,988.0
78db86c0d013b73435ca602f32f09c93ced640b71ee5fbd31d6b2faabde96a9d,2,3.5,7.0,0.5,856.8299999999999,428.41499999999996,,,,,,,,,,,
78ed9e57d06c84a1df1d91dca2e38900705a9e2d34c2d14930e90e5700b0beee,1,0.0,0.0,0.0,134.88,134.88,,,,,,,,,,,
792ce59fe377fd1aff9e5e6801641ad48ff0f5526bce503e4b59b82da807bdec,1,0.0,0.0,0.0,96.63,96.63,,,,,,,,,,,
7940310efb0d19608ebe647f47436bc64a82f588589c6e150a6b130885550d2b,1,1.0,1.0,1.0,1289.66,1289.66,7940310efb0d19608ebe647f47436bc64a82f588589c6e150a6b130885550d2b,4782201.0,PR,9230000000000000.0,50.0,935.0,192020.0,970.0,212.0,983.0,985.0
7946489f51f1f916e4acdea2e5b742f96286c88173afd2896a2a7e03616c05ca,1,8.0,8.0,1.0,629.3,629.3,,,,,,,,,,,
79598e6f98c409a0142fbadd372317cd98bb15839f1d1fcb307dcff09889cbb4,2,0.0,0.0,0.0,6937.98,3468.99,,,,,,,,,,,
796315eb58ed3369b83b12d6bd8a7ab202876914d7f80ce891d43966bf7c5a96,1,4.0,4.0,1.0,451.52,451.52,,,,,,,,,,,
7971f2e95479c711a8b9b9785bdfaabcc168d53bb775ab4c6a8d9da1dfc97ea1,1,0.0,0.0,0.0,714.1,714.1,7971f2e95479c711a8b9b9785bdfaabcc168d53bb775ab4c6a8d9da1dfc97ea1,8610102.0,BA,8390000000000000.0,6000000000000000.0,890.0,1690000000000000.0,930.0,14408.0,980.0,989.0
7995f2aaf7374bb4c7afde8d3d8b55feb5dcf7d9d855d2974a1ac7b0a4ca7813,1,0.0,0.0,0.0,582.0,582.0,,,,,,,,,,,
79a3731857d8a1b92979b17e11318ccb7593a242378e8dd561519e5232527fd9,2,0.0,0.0,0.0,13010.42,6505.21,,,,,,,,,,,
79ce2a7fcf69241860a81982ea5aadcc51e2c468e3d930eb9dba84ea75217e9b,1,5.0,5.0,1.0,1490.16,1490.16,79ce2a7fcf69241860a81982ea5aadcc51e2c468e3d930eb9dba84ea75217e9b,4645101.0,BA,2.17e+16,1.05e+16,165.0,1350000000000000.0,740.0,31612.0,183.0,964.0
79ce7d9ae5e88d9a08b06d2bd67321957a87753fe9c65ee6654a20cb89e8bb06,2,0.5,1.0,0.5,5060.07,2530.035,79ce7d9ae5e88d9a08b06d2bd67321957a87753fe9c65ee6654a20cb89e8bb06,4322302.0,MG,9630000000000000.0,7540000000000000.0,927.0,183200.0,930.0,13568.0,973.0,987.0
79d9bdbf47e0fe64700949c492d6000f012b12a3999e06cc57210a1deb9e1a7c,1,0.0,0.0,0.0,486.28,486.28,,,,,,,,,,,
79e6d341872b959924ae93ae9dcdffec1e0fef3eba604901521b4771715c71e8,1,0.0,0.0,0.0,2036.16,2036.16,,,,,,,,,,,
79f248dd99b69a2258669904febee582897e657b4a352bd84b77b59c700700ed,1,0.0,0.0,0.0,1413.31,1413.31,79f248dd99b69a2258669904febee582897e657b4a352bd84b77b59c700700ed,4744001.0,RJ,9730000000000000.0,1.53e+16,849.0,125500.0,940.0,58286.0,965.0,987.0
7a11f6a92fd6647cf4d022da7a56017a7e5d380517712b66ee4ddfccb0642ee2,1,1.0,1.0,1.0,222.95,222.95,,,,,,,,,,,
7a26ad2addd5a1b56313ca95fbc67e5e8e580c46405312f50507d3f4ddf0f8e3,1,0.0,0.0,0.0,400.0,400.0,,,,,,,,,,,
7a3075518e48d3327fbb5cb20ccbdcd3d5029d0885929c7219463a8c681bc2e2,1,0.0,0.0,0.0,213.42,213.42,,,,,,,,,,,
7a3a07ac0c3a62eecdcf0410d8df585a5350ce24e230c32f3f7dc7a472eb8f1c,1,0.0,0.0,0.0,1938.8,1938.8,,,,,,,,,,,
7a45a8ab01d0b8a4a11253dc072eaca87217853ceedf04354dbda3a21b5d0a83,1,0.0,0.0,0.0,322.26,322.26,,,,,,,,,,,
7a5fc3cf694714f445cbcc1ddb05e80d8a725fb47617ae88b25b07a151912810,1,0.0,0.0,0.0,3369.61,3369.61,,,,,,,,,,,
7a76ebd45b906716c5b65d98b369c91134e7f2d7ee6cc81adbdd104b2055a1c3,1,0.0,0.0,0.0,917.21,917.21,,,,,,,,,,,
7a7ce615d262d7623fe4d0f5836604f0c7c19a3f378a3d469349f6a144bbcd50,1,0.0,0.0,0.0,1700.0,1700.0,7a7ce615d262d7623fe4d0f5836604f0c7c19a3f378a3d469349f6a144bbcd50,4639701.0,PE,8760000000000000.0,9240000000000000.0,938.0,1.67e+16,960.0,9133.0,979.0,988.0
7a854bc28629387e6539f0098cf81ab6e7244dfcfa98904cfba014e61052d220,2,0.0,0.0,0.0,15286.02,7643.01,7a854bc28629387e6539f0098cf81ab6e7244dfcfa98904cfba014e61052d220,1065101.0,PR,9620000000000000.0,9130000000000000.0,941.0,2210000000000000.0,960.0,155.0,979.0,988.0
7a9338e54692b86ceff1a15cda47da22c07de5495e07b1f8fa96b9a836253739,1,0.0,0.0,0.0,109.76,109.76,,,,,,,,,,,
7aa05d3d9f35c628ad7972ea5ab5c231e95789782b607041c353bdb7bd2e6f39,1,0.0,0.0,0.0,443.17,443.17,,,,,,,,,,,
7aaea368470d0c15463ad87cbe701bdb364ff5b94b804f133562934c3f26f046,2,2.0,4.0,0.5,103200.45,51600.225,7aaea368470d0c15463ad87cbe701bdb364ff5b94b804f133562934c3f26f046,2731700.0,MG,9930000000000000.0,4190000000000000.0,947.0,2.05e+16,980.0,1537.0,981.0,988.0
7aba9bc8ca45f493992ac6b9971308c4327a7715e00bcfb860a792ba667e4fa4,2,19.0,20.0,1.0,23325.949999999997,11662.974999999999,7aba9bc8ca45f493992ac6b9971308c4327a7715e00bcfb860a792ba667e4fa4,3832700.0,SP,9630000000000000.0,1000.0,794.0,24000.0,960.0,0.0,969.0,986.0
7abd0b7927544f469470cd85f0854f6d141a47b4ff0aa42156f3d4a3a538cf57,1,0.0,0.0,0.0,3168.51,3168.51,,,,,,,,,,,
7add09090474d14c26777fb1bf21438d7058ffe85505c7f4a16f98cbaee69952,1,0.0,0.0,0.0,6455.1,6455.1,7add09090474d14c26777fb1bf21438d7058ffe85505c7f4a16f98cbaee69952,4647801.0,PR,9470000000000000.0,8840000000000000.0,947.0,1.18e+16,950.0,14749.0,979.0,988.0
7b0c6b3b1f1d4aa0e2c24d41ae6966fc4c9bce1859fdd40012aeda36bffece95,2,0.0,0.0,0.0,288.03000000000003,144.01500000000001,,,,,,,,,,,
7b12e3d776a94e57227213710db64e2635cc378353f042110f906ee7dbea663e,1,0.0,0.0,0.0,1107.68,1107.68,,,,,,,,,,,
7b33fe312a08e532a9ee82f79dda1aa3163dfc5519ce9d1aa47d44ae1213bb02,1,0.0,0.0,0.0,2952.8,2952.8,7b33fe312a08e532a9ee82f79dda1aa3163dfc5519ce9d1aa47d44ae1213bb02,4711302.0,SC,9410000000000000.0,9500000000000000.0,965.0,2310000000000000.0,970.0,141.0,983.0,989.0
7b37202c8655a6b435109955a2a11e49ab85f61356f88a9dc44174335d7497a8,1,1.0,1.0,1.0,1672.65,1672.65,7b37202c8655a6b435109955a2a11e49ab85f61356f88a9dc44174335d7497a8,4781400.0,RS,9710000000000000.0,7540000000000000.0,861.0,241125.0,930.0,9077.0,973.0,986.0
7b38e04c1c41e7ac4477d120b6b8348c95b2554bc4ebad59f7b0f923c5844091,1,0.0,0.0,0.0,131.4,131.4,7b38e04c1c41e7ac4477d120b6b8348c95b2554bc4ebad59f7b0f923c5844091,4711302.0,PR,7800000000000000.0,9530000000000000.0,915.0,2050000000000000.0,780.0,2135.0,977.0,988.0
7b3fb7919718625b168a81446ec31f3a9ddde834e8c1586c8135da0ff8ced742,2,67.5,122.0,1.0,1815.13,907.565,,,,,,,,,,,
7b43815f66016d89d373696a5fd6bc0d662cde0883724363d10f37ac4bb5654f,3,1.3333333333333333,4.0,0.3333333333333333,9645.939999999999,3215.313333333333,7b43815f66016d89d373696a5fd6bc0d662cde0883724363d10f37ac4bb5654f,1413401.0,RJ,9970000000000000.0,5050000000000000.0,929.0,209500.0,900.0,0.0,978.0,986.0
7b438fd81d0870abfbc2f247578b95372f5894018fd001201d6deed05a6695fe,1,0.0,0.0,0.0,52.05,52.05,7b438fd81d0870abfbc2f247578b95372f5894018fd001201d6deed05a6695fe,4744001.0,RS,8680000000000000.0,8930000000000000.0,927.0,251000.0,940.0,0.0,975.0,988.0
7b54097177b70122f162fa80dde1e959db393a30bec7bb43c8f1e153705361c6,1,0.0,0.0,0.0,54112.45,54112.45,7b54097177b70122f162fa80dde1e959db393a30bec7bb43c8f1e153705361c6,2733300.0,SP,9830000000000000.0,9150000000000000.0,576.0,158100.0,840.0,0.0,979.0,989.0
7b6950258e8d7ae91aabb8e9827613626a6a1760ebfd1430f64d6a2cb1a40f15,4,10.25,33.0,1.0,5020.46,1255.115,7b6950258e8d7ae91aabb8e9827613626a6a1760ebfd1430f64d6a2cb1a40f15,4644301.0,RN,1.66e+16,928926000000000.0,202.0,96730.0,750.0,15725.0,102.0,968.0
7b97253740bcb4cd4fec604e14dc5bcd1a8dfa003a1ebd4515a615f02da593ad,1,1.0,1.0,1.0,5148.0,5148.0,7b97253740bcb4cd4fec604e14dc5bcd1a8dfa003a1ebd4515a615f02da593ad,4645101.0,SP,8920000000000000.0,1000.0,950.0,2.05e+16,930.0,54.0,979.0,989.0
7b99d0dac58c3d08e7b603802c3faa6d9c7489e7478b3baf76a7e297d9c4318e,1,4.0,4.0,1.0,5000.0,5000.0,,,,,,,,,,,
7ba762452afd5b3dbca683c366092196c176e6e15860f742be04bf46cd1ac136,2,0.0,0.0,0.0,10500.0,5250.0,7ba762452afd5b3dbca683c366092196c176e6e15860f742be04bf46cd1ac136,5221400.0,SP,8800000000000000.0,6590000000000000.0,635.0,1.62e+16,790.0,12205.0,944.0,987.0
7baf12680ef97b1902d3b9950a4a768d1b6e8894a29896e62ea2b2dafdeb8cd2,63,4.904761904761905,62.0,0.4444444444444444,3228080.66,51239.375555555554,,,,,,,,,,,
7bb137be0269094f1b28aaae36b29be48dc78dc31fb81ad2d624824cb1dda8e3,1,1.0,1.0,1.0,267015.17,267015.17,,,,,,,,,,,
7bc60f912712a3b628c1feb1265616729b22117ddf7e6933e4354de1fc529038,2,0.0,0.0,0.0,1298.8,649.4,7bc60f912712a3b628c1feb1265616729b22117ddf7e6933e4354de1fc529038,4729699.0,RJ,8910000000000000.0,1000.0,910.0,219250.0,940.0,0.0,964.0,987.0
7bd255c4e141c1db246778b8086cf099e9d60028a2c68e2442e7735404c84340,1,0.0,0.0,0.0,1629.0,1629.0,,,,,,,,,,,
7bd41140405529c67d291ca3e79c33073dd7c4262b07c612773b49f0b7749bde,1,5.0,5.0,1.0,128.79,128.79,,,,,,,,,,,
7be798ef1e73a9ff6887fb0506f15c6c58d0191465325b2f00038bcf244c4aad,1,1.0,1.0,1.0,1632.12,1632.12,7be798ef1e73a9ff6887fb0506f15c6c58d0191465325b2f00038bcf244c4aad,4644301.0,RO,832936000000000.0,6430000000000000.0,949.0,2250000000000000.0,970.0,6191.0,980.0,989.0
7c308a507f94fa2a87e80f556955f2d87a44f39f5349b3aecba299637b1b5407,1,0.0,0.0,0.0,77.93,77.93,,,,,,,,,,,
7c3393a8736d5912224dcbf8133b981d73f9a73f204a4c8ef968e3735895d88c,1,0.0,0.0,0.0,532.06,532.06,,,,,,,,,,,
7c37380fc445b1b588d80b586b160d8371a9a8217d6b9b8b58c085a0d883906b,1,3.0,3.0,1.0,644.91,644.91,,,,,,,,,,,
7c3feca534df15611dedf9dd714d2837afb94f08cbe15d3f56d76253dd707ab1,1,1.0,1.0,1.0,469.92,469.92,7c3feca534df15611dedf9dd714d2837afb94f08cbe15d3f56d76253dd707ab1,4530701.0,SP,9700000000000000.0,8940000000000000.0,963.0,2.23e+16,960.0,0.0,981.0,989.0
7c438fe950675cffade114104cd947fea3485559d240c9dfdfe78c367640aa04,1,0.0,0.0,0.0,457.69,457.69,,,,,,,,,,,
7c490978d75d9f3cd1ef4c3837d918a2e6d08d831feefa5a5d06748c735f4e8d,1,0.0,0.0,0.0,369.03,369.03,,,,,,,,,,,
7c52fc6a08d7862ef9bf4165883e8e9c22650a98b0bac3ef9dd77892fa69a2d9,1,2.0,2.0,1.0,100.95,100.95,,,,,,,,,,,
7c92733de2775136425a90ff8341cb3110a9c49e9b927c36dc12e3fceee8964e,1,0.0,0.0,0.0,709.5,709.5,,,,,,,,,,,
7cb0c9266a8cbb34d1bb49706712b165e55d5af1a00d8022fc3257f8725ff417,8,20.125,35.0,0.75,1427279.62,178409.9525,,,,,,,,,,,
7cbcc3adf708caf4cd8a0dac8c0433729d150c99a51a07b9725ff7b53253a966,1,0.0,0.0,0.0,939.7,939.7,,,,,,,,,,,
7cc5108854dbe1cedf2946598a9842946e0d35b1697778ad9008d92b74f75e4e,1,0.0,0.0,0.0,290332.25,290332.25,7cc5108854dbe1cedf2946598a9842946e0d35b1697778ad9008d92b74f75e4e,2221800.0,SP,938476000000000.0,9300000000000000.0,952.0,1.99e+16,960.0,33.0,982.0,989.0
7cc610f7a15d1f5315e4853c603637fe0585d93f11f201a916153cf9749a9f88,1,0.0,0.0,0.0,371.5,371.5,7cc610f7a15d1f5315e4853c603637fe0585d93f11f201a916153cf9749a9f88,6190601.0,SP,7110000000000000.0,6690000000000000.0,727.0,7520000000000000.0,910.0,7332.0,785.0,986.0
7cd1fde74ac274d6a8aacb59d1dd1477acf74af02cde7e49db5d21bf5027ea49,1,0.0,0.0,0.0,114.92,114.92,,,,,,,,,,,
7cdb1f2893d674a7456c697834e2769553758f6298b438d239a03dda3e5e474a,1,0.0,0.0,0.0,1378.99,1378.99,,,,,,,,,,,
7cde76433d867f2ea06e86ae0278fa162f3cb50f702968cab1a369b9e7c6bcbd,1,0.0,0.0,0.0,238.4,238.4,,,,,,,,,,,
7cf112ba42a49e85213df21c89df2a8569a9d994a3476618ae8b3da87c839657,1,0.0,0.0,0.0,1311.5,1311.5,,,,,,,,,,,
7cfe36778cbaa261896cf2f4205ab81dc8177f256ce272ef0a56de6d0aaf994c,1,0.0,0.0,0.0,24084.53,24084.53,7cfe36778cbaa261896cf2f4205ab81dc8177f256ce272ef0a56de6d0aaf994c,2099199.0,SP,577165000000000.0,7990000000000000.0,919.0,1.94e+16,930.0,881.0,973.0,987.0
7d06f8d218fa9f739ee87182eed911cabdef553adac57c602e9f74600aef61d3,8,0.125,1.0,0.125,58300.16,7287.52,,,,,,,,,,,
7d0855f1dcba42015160a2b2e7169b245269833b47076b42ad7d59ba1a0dab50,1,2.0,2.0,1.0,3955.4,3955.4,7d0855f1dcba42015160a2b2e7169b245269833b47076b42ad7d59ba1a0dab50,4644301.0,PR,9970000000000000.0,9130000000000000.0,939.0,2.51e+16,960.0,0.0,979.0,988.0
7d11d459a8446f12c6e8b5a2d4d466470c5a1cc317a4aa60cecaaf2019f421e6,1,1.0,1.0,1.0,410.4,410.4,,,,,,,,,,,
7d3b85884245fa40f2774eebbfa9040daf84fee83fff17b1b678b60de4bc5cc6,1,0.0,0.0,0.0,1074.21,1074.21,7d3b85884245fa40f2774eebbfa9040daf84fee83fff17b1b678b60de4bc5cc6,4672900.0,SP,8680000000000000.0,9090000000000000.0,952.0,2.34e+16,980.0,1295.0,983.0,988.0
7d4e3138b1bc7539af153be7058b00095ffbcf3cd2ce01b3b169b41de7ed16e7,2,0.0,0.0,0.0,44044.93,22022.465,7d4e3138b1bc7539af153be7058b00095ffbcf3cd2ce01b3b169b41de7ed16e7,891600.0,SC,9810000000000000.0,9240000000000000.0,917.0,2.3e+16,970.0,85.0,981.0,988.0
7d7e3acb7eceddd72b1a88c747b95d8bdcbea7c31085349dbe367e04ad09c434,1,0.0,0.0,0.0,820.0,820.0,7d7e3acb7eceddd72b1a88c747b95d8bdcbea7c31085349dbe367e04ad09c434,4729699.0,SP,998395000000000.0,8940000000000000.0,964.0,2.23e+16,970.0,0.0,980.0,989.0
7d9b204c558507a58636914490d91f841191a85bfb1cc16d35f1e4b8b2a8f642,1,1.0,1.0,1.0,56906.99,56906.99,7d9b204c558507a58636914490d91f841191a85bfb1cc16d35f1e4b8b2a8f642,2941700.0,PR,4090000000000000.0,1000.0,125.0,7550000000000000.0,430.0,18817.0,82.0,978.0
7daa13a3fa440349817b8f08adf54223a5728522efe60e5ca82425b3812288b5,1,0.0,0.0,0.0,38328.74,38328.74,7daa13a3fa440349817b8f08adf54223a5728522efe60e5ca82425b3812288b5,2733300.0,SP,5540000000000000.0,2.71e+16,178.0,146450.0,610.0,0.0,801.0,972.0
7dc2b0b2106ba28f322a3ce944f80d944a55ff2edb67447f8550186bb68e0921,1,0.0,0.0,0.0,269.83,269.83,7dc2b0b2106ba28f322a3ce944f80d944a55ff2edb67447f8550186bb68e0921,4771701.0,PR,9930000000000000.0,1000.0,960.0,2570000000000000.0,990.0,0.0,981.0,989.0
7df1310db69fa246e2a794995a961bddf7a9ec9c8f15ac3d40f675bb77b6c4a9,1,2.0,2.0,1.0,48898.44,48898.44,,,,,,,,,,,
7df64de96781f660b98d1b95152c0d0f9ca9afb507bbda15b88dacfb2ff2535f,1,0.0,0.0,0.0,118.65,118.65,,,,,,,,,,,
7e71a9dd8aca25ea12608dfe72d9d7fca218b8090018ff60cbb58de05e26dbb2,1,4.0,4.0,1.0,2345.0,2345.0,,,,,,,,,,,
7e76f6c4348592ba693563b69b56c5a0a7f5041add677f7c221e1935b2c40846,1,62.0,62.0,1.0,1311.16,1311.16,,,,,,,,,,,
7e8139dcb3d89a6ca487a13f1c12dc144c05ffbd479e406fe35d363bc10414a0,4,2.5,6.0,1.0,4714.59,1178.6475,,,,,,,,,,,
7e98ee135fb89eff2b4d4c148461a8ce445707ee18cd2e5665f2c9204e8377b8,1,6.0,6.0,1.0,114.3,114.3,,,,,,,,,,,
7ea1a6a6fd1887663b2b47baaea9c0b6dbffeff5dc283c01dda1e213d1c27387,1,4.0,4.0,1.0,237.3,237.3,,,,,,,,,,,
7ea60d735c0f104ec15f4fa4ca74eeb1eeb566995d13aace8d83e91c19540110,1,0.0,0.0,0.0,576.6,576.6,,,,,,,,,,,
7eaaed3f16c4e6f08cf444234dd43811572ccea514a0d37c82004daf8f364c6c,1,0.0,0.0,0.0,8114.73,8114.73,7eaaed3f16c4e6f08cf444234dd43811572ccea514a0d37c82004daf8f364c6c,1412601.0,CE,9640000000000000.0,1000.0,933.0,178000.0,910.0,0.0,982.0,989.0
7ecafcf27dd7b07f740366b6717f095218f8a0cfbf8b13d9dbde55cfee7e3fb7,3,0.3333333333333333,1.0,0.3333333333333333,322.53,107.50999999999999,,,,,,,,,,,
7edc2a59fc29e17df55e2ad2eb33be5c67cc020343d8c297315af0164982309b,1,7.0,7.0,1.0,11746.42,11746.42,7edc2a59fc29e17df55e2ad2eb33be5c67cc020343d8c297315af0164982309b,4646001.0,RS,18124900000000.0,6610000000000000.0,372.0,1.07e+16,720.0,4923.0,133.0,582.0
7ee4ac8f95578d7b778efd7a64e16ffce5c514c510b6db2914b8f41a3035221e,4,0.25,1.0,0.25,70184.84,17546.21,7ee4ac8f95578d7b778efd7a64e16ffce5c514c510b6db2914b8f41a3035221e,4673700.0,SP,9870000000000000.0,8160000000000000.0,942.0,223900.0,970.0,68.0,984.0,989.0
7ef044c8c3db7e165f91e0a9c7aef156ae0e9bc46fa4a16cb8c21d85b8fdaa58,2,0.5,1.0,0.5,64507.01,32253.505,7ef044c8c3db7e165f91e0a9c7aef156ae0e9bc46fa4a16cb8c21d85b8fdaa58,2013402.0,MG,9440000000000000.0,7200000000000000.0,952.0,1.8e+16,920.0,122.0,981.0,988.0
7ef7e0c76ad59e2ba389531c8e3ffd43976195a10ce8a42500905e9b9d0ac3ee,1,0.0,0.0,0.0,1681.17,1681.17,,,,,,,,,,,
7f29a1d70097c85156af420b91a45c90890718d1802e12a15b77f21e98d84584,7,5.571428571428571,14.0,0.8571428571428571,5688.03,812.5757142857143,,,,,,,,,,,
7f2f4f4e1728cb979db6178c55adbf95732a2ed899f598827e7461f1fc19bde7,1,1.0,1.0,1.0,863.12,863.12,7f2f4f4e1728cb979db6178c55adbf95732a2ed899f598827e7461f1fc19bde7,4755503.0,SC,9960000000000000.0,1000.0,925.0,276000.0,980.0,0.0,965.0,988.0
7f3269a666673b74c97a518c76decf77468b0e657ed4e9c4fb9c3c319b6d1cc6,1,17.0,17.0,1.0,3596.92,3596.92,,,,,,,,,,,
7f42089d3d4c566f47a065f54337423d40915954a35c838e474d153a7e7f92ef,1,0.0,0.0,0.0,140.28,140.28,7f42089d3d4c566f47a065f54337423d40915954a35c838e474d153a7e7f92ef,8211300.0,RJ,8380000000000000.0,4.61e+16,509.0,6630000000000000.0,750.0,416.0,552.0,979.0
7f4423521661e86033b1f73861f04cad7e943bf11855f5b69d3605bb73a13433,1,0.0,0.0,0.0,439.46,439.46,,,,,,,,,,,
7f6a5c9edca699cc9fd61d4f02598db97aac3a47419c3396351986f0e7c1f086,1,1.0,1.0,1.0,1616.06,1616.06,7f6a5c9edca699cc9fd61d4f02598db97aac3a47419c3396351986f0e7c1f086,2821601.0,SP,9040000000000000.0,7500000000000000.0,942.0,1.34e+16,950.0,3657.0,982.0,988.0
7f8412d240c7f71b21cd2c5250df5a0051d0cf7e6945a78bb333c68dc2bcdc09,1,0.0,0.0,0.0,1837.56,1837.56,,,,,,,,,,,
7f8cbca2a1faf68a30a22015915b5ab489550052fad235df561208046d4cf9fa,1,0.0,0.0,0.0,1305.96,1305.96,,,,,,,,,,,
7faf4145b50ca343247d420839bbd3f51b71466ab98a38a98e8df30f18fc44d8,1,0.0,0.0,0.0,2421.19,2421.19,,,,,,,,,,,
7fc54cd4aa20ccf1bfd5613f40dc347fe3abd8477f315178349c382bf7ef82c8,1,0.0,0.0,0.0,146.08,146.08,,,,,,,,,,,
7fe0513765e26c94e72476001bdb5ecdabb812c654205959bcc2ee67da6f3191,1,0.0,0.0,0.0,64.13,64.13,7fe0513765e26c94e72476001bdb5ecdabb812c654205959bcc2ee67da6f3191,4771701.0,PR,9930000000000000.0,1000.0,963.0,2.48e+16,980.0,0.0,980.0,988.0
7ff79b216db2e3ddf61fa1028bb820f0bf8ca6f0a0cac6295f5b027aeaf92ed2,1,0.0,0.0,0.0,77.2,77.2,,,,,,,,,,,
80042c165987b80fc8daed773b694528c2783f5ca850d4ed1334f9b24297785c,1,2.0,2.0,1.0,475.95,475.95,,,,,,,,,,,
8021ab0bdf8b3e5ad8d5662ae4242acfec7b2504355cf93183110bbaf4830963,1,2.0,2.0,1.0,237.39,237.39,,,,,,,,,,,
8028548893b24d8f232b1d9fa5d5568ab4404bde095096dc1c92355a00e695b4,1,0.0,0.0,0.0,904.25,904.25,,,,,,,,,,,
80309966999d42052e4d674415948fb21ced216d867a54492af7525875d07e34,3,0.0,0.0,0.0,3123.75,1041.25,,,,,,,,,,,
8030e998294e5b125cd0246c6a382cfda96601cebfd9aece522a5008574ae757,1,1.0,1.0,1.0,986.84,986.84,,,,,,,,,,,
803cac2bb15237b1f3048cd31d7299a30a0b5a8dd7b3ced81c586b2e5a0ae31a,1,0.0,0.0,0.0,56.87,56.87,,,,,,,,,,,
80718fcf6f8948809e62864dfcda15fedefbe636922d3b0c7c8d42a24eea3d79,1,0.0,0.0,0.0,1328.18,1328.18,,,,,,,,,,,
808b069e3bf9748489f330c1231df6af0dfe539a62975938ce7348a5d9ff98e5,1,0.0,0.0,0.0,310.25,310.25,,,,,,,,,,,
80956bef755810e499041a80453b49cc691aadf68c253dac203c973031c43b5a,1,0.0,0.0,0.0,432.68,432.68,80956bef755810e499041a80453b49cc691aadf68c253dac203c973031c43b5a,4711302.0,BA,932247000000000.0,9920000000000000.0,958.0,1.96e+16,960.0,8846.0,982.0,989.0
80b92e9d8b54f67bc96d4f90555964238cd2f1cdfacccc2a10347ff379556202,1,0.0,0.0,0.0,1876.0,1876.0,,,,,,,,,,,
80e954a8b305179e4cf85eaa186bfb59e3a9c26fdb9fecbee66ee6c7770844ed,1,0.0,0.0,0.0,8917.34,8917.34,,,,,,,,,,,
80f4c123d98caf89a5a0f679cea38bfe08cf15741194247cae142b7eb1aa39b0,1,0.0,0.0,0.0,157.28,157.28,,,,,,,,,,,
814906ce85de60de101ea982bf7c1d583cb0f56ba4a13cdd43de53f97b6afb2e,1,20.0,20.0,1.0,871.1,871.1,814906ce85de60de101ea982bf7c1d583cb0f56ba4a13cdd43de53f97b6afb2e,4781400.0,SP,1.98e+16,1.17e+16,180.0,47150.0,600.0,41752.0,98.0,949.0
8153284a550e14fb5f68435f76546c38bbf422dc9ef5cfd5bc84021187e8d253,1,2.0,2.0,1.0,269.06,269.06,,,,,,,,,,,
81583aa6291a20cc8f62b2d109e1bed0e76f690a4e8e25dbd44ae00bdcbda108,8,0.875,2.0,0.5,10083.49,1260.43625,,,,,,,,,,,
815ad9f9b9fdceec7b51fe058d52be32ada6b80508a73dba0086e733ec863f11,1,0.0,0.0,0.0,313.09,313.09,,,,,,,,,,,
81bd8efe2b2d2c31936b6e6ffd483e9e9cee1d459944f0aae6ffa783572d5e97,2,0.0,0.0,0.0,793.71,396.855,81bd8efe2b2d2c31936b6e6ffd483e9e9cee1d459944f0aae6ffa783572d5e97,4744099.0,SC,9660000000000000.0,7570000000000000.0,924.0,2690000000000000.0,960.0,0.0,974.0,987.0
81dc3a0d666dd10d1b4e98521f03bece18b0dd24e3043bffb02790826717c28e,2,0.0,0.0,0.0,11747.4,5873.7,81dc3a0d666dd10d1b4e98521f03bece18b0dd24e3043bffb02790826717c28e,4711302.0,RS,8820000000000000.0,5640000000000000.0,960.0,2.43e+16,970.0,27.0,980.0,989.0
81dc880fa59b8c1711b536be74124c74b3228d94935d867e96bcedc9a3fe6695,1,10.0,10.0,1.0,511.8,511.8,81dc880fa59b8c1711b536be74124c74b3228d94935d867e96bcedc9a3fe6695,4771701.0,PR,3.6e+16,1000.0,166.0,8190000000000000.0,640.0,1593.0,65.0,946.0
81e7327a1a32c556b1a22d633a19dfd18fde516a0d454e246720e915316b0bf4,1,0.0,0.0,0.0,5468.2,5468.2,81e7327a1a32c556b1a22d633a19dfd18fde516a0d454e246720e915316b0bf4,1012101.0,GO,9410000000000000.0,9520000000000000.0,874.0,1.62e+16,930.0,2099.0,965.0,988.0
81f523db5c14571cae48b64d45355a99e0e3125ba9c90beb67eef2da40eb2473,1,28.0,28.0,1.0,277.74,277.74,,,,,,,,,,,
81f9c6383800efa267e317ad5be8f0aac39047edccf0817b4886a5e3efd186bf,1,1.0,1.0,1.0,12840.0,12840.0,81f9c6383800efa267e317ad5be8f0aac39047edccf0817b4886a5e3efd186bf,2813500.0,SP,995751000000000.0,9700000000000000.0,961.0,2.49e+16,970.0,0.0,978.0,986.0
81fbeabcef7f6fc6458db3c51a76da4fcc21e537c8b744c7c742776ce8aad273,1,5.0,5.0,1.0,339.24,339.24,,,,,,,,,,,
81fe9f7a68a59ecf9b04d7bee050e7df628e6ffa1c487f013b47f74ad3a481a3,1,0.0,0.0,0.0,1213.95,1213.95,81fe9f7a68a59ecf9b04d7bee050e7df628e6ffa1c487f013b47f74ad3a481a3,4781400.0,PA,9670000000000000.0,3.8e+16,909.0,195600.0,980.0,0.0,952.0,986.0
82156a69d9689af7360c5ea7402355f2fcd6f1262e35188dc979af8502a8f50d,1,0.0,0.0,0.0,2214.0,2214.0,82156a69d9689af7360c5ea7402355f2fcd6f1262e35188dc979af8502a8f50d,4772500.0,SP,9260000000000000.0,7510000000000000.0,910.0,137125.0,840.0,20186.0,956.0,987.0
821b4869226c1e284e25b6a859e81a41117d9282aee90f55b6f94b3d85902000,1,1.0,1.0,1.0,141.3,141.3,,,,,,,,,,,
821b745ff11587d1f8479dfa91f0919738c3faadc841b09d2dbac193449e7d5d,1,1.0,1.0,1.0,156.68,156.68,821b745ff11587d1f8479dfa91f0919738c3faadc841b09d2dbac193449e7d5d,2866600.0,SP,9830000000000000.0,7550000000000000.0,958.0,2.49e+16,970.0,119.0,979.0,988.0
821eaeccb86c2a3140a2bace17a73a5082b35e8effe3d28ac705991b12bafe8d,1,0.0,0.0,0.0,575.89,575.89,,,,,,,,,,,
821f1d7a40216f34171d007c54543f43bb5103d0eb09796f284c68aa0d6a31de,1,0.0,0.0,0.0,196.73,196.73,821f1d7a40216f34171d007c54543f43bb5103d0eb09796f284c68aa0d6a31de,1314600.0,SC,8630000000000000.0,9720000000000000.0,894.0,1650000000000000.0,820.0,13674.0,979.0,988.0
8235d261a28f2b8a46d56ee999c7e63355d96cdac7065ee535f4b006d9816c45,1,0.0,0.0,0.0,1314.76,1314.76,,,,,,,,,,,
82436c0b8c8856cd3477a22ad69f7bb1257db29394a26424a0ebbacfb12ccd3b,1,0.0,0.0,0.0,2030.33,2030.33,,,,,,,,,,,
8254278873dc997220f91d2f11d2d65d5bea456eee9bfc3397fb256c14824793,2,0.0,0.0,0.0,859.35,429.675,8254278873dc997220f91d2f11d2d65d5bea456eee9bfc3397fb256c14824793,4530703.0,SP,9830000000000000.0,9800000000000000.0,965.0,2.5e+16,980.0,0.0,981.0,988.0
8258ab931b5bd85026a9169dd9193ded1bfe3744599cbdf13ca5ecc3052df3ec,1,0.0,0.0,0.0,6846.84,6846.84,8258ab931b5bd85026a9169dd9193ded1bfe3744599cbdf13ca5ecc3052df3ec,4530701.0,DF,9860000000000000.0,8870000000000000.0,960.0,226296875.0,980.0,0.0,982.0,989.0
8259e880b27e506decd0ef015d3d5888a6a29af2be6a602f3c0ed7527afc18af,1,0.0,0.0,0.0,1152.66,1152.66,8259e880b27e506decd0ef015d3d5888a6a29af2be6a602f3c0ed7527afc18af,4642701.0,SP,6060000000000000.0,5190000000000000.0,897.0,216000.0,880.0,0.0,971.0,988.0
82867b4f5e1b0cfabed19a5d0e0f122db16e95e8632869d4c5c0682618657307,1,1.0,1.0,1.0,451.51,451.51,,,,,,,,,,,
8292a30ce381e313d9c2d88eef9740f8fa41f2d7e8e0f89869453b42620dc8ff,2,0.0,0.0,0.0,551.6999999999999,275.84999999999997,8292a30ce381e313d9c2d88eef9740f8fa41f2d7e8e0f89869453b42620dc8ff,4771701.0,PR,951436000000000.0,947818000000000.0,964.0,2.27e+16,980.0,2925.0,982.0,989.0
829351b9d0e6caa315e9224eea2d840a31cade1837afcf51ddcd623aabfb9abc,1,1.0,1.0,1.0,527.3,527.3,,,,,,,,,,,
829a65ef318b5a719a3fd1c8f5312180c47a7e7cdb175136797017273914e0e6,2,0.0,0.0,0.0,30475.0,15237.5,,,,,,,,,,,
82bb3b6c36e722ddaa70c72b13b5af42f476132eb9d335773af92f55f5200d96,1,0.0,0.0,0.0,545.26,545.26,,,,,,,,,,,
82bd7ba93e044715dfaa6a0d583e2f2bab96933cc1cb2260e23952e0515de691,2,0.5,1.0,0.5,32925.3,16462.65,,,,,,,,,,,
82ec5dffcde53449a7df0cea29038089316f0d7f2fa8e9ce8a10ebe6ef23ee9b,1,0.0,0.0,0.0,1029.31,1029.31,,,,,,,,,,,
831238ff097070a2e8a63c8cf7f6f49004d6fdfe8a4298d29e5ba771ef4ae6c8,1,0.0,0.0,0.0,1035.83,1035.83,,,,,,,,,,,
831b373ad398a21dd40ed56086f71e5058b44d83df7079978d75daa173912852,1,0.0,0.0,0.0,32895.0,32895.0,831b373ad398a21dd40ed56086f71e5058b44d83df7079978d75daa173912852,2862300.0,SP,9450000000000000.0,50.0,958.0,2.5e+16,970.0,0.0,979.0,989.0
831c5a661b2d7ad035636a800feace77cdc5c8808822c5bf509d5f70c082175a,1,0.0,0.0,0.0,2083.56,2083.56,831c5a661b2d7ad035636a800feace77cdc5c8808822c5bf509d5f70c082175a,4693100.0,SP,9980000000000000.0,935261000000000.0,958.0,256800.0,950.0,0.0,973.0,987.0
83341434277693bb41a325e1e08acd3cb3d6798fa0afb43e5b5e04da6bc1e697,1,0.0,0.0,0.0,1320.0,1320.0,,,,,,,,,,,
833462ff30746f9aa2ac64bd410a9498dc12a2dcbc1d67d3dc8a5b82fd14fdbe,2,4.0,7.0,1.0,2582.72,1291.36,,,,,,,,,,,
8342b7ea074fc9f569f7c41217f7b49ee21e3e194fac78a3b54dcdafd8e82153,2,0.5,1.0,0.5,1417.69,708.845,,,,,,,,,,,
8342ea3bcc158d8a5ecd7c5c7f2a10500a9282d0b6fe3a885f2fd7173faf664a,1,0.0,0.0,0.0,537.04,537.04,,,,,,,,,,,
8346f3f7f30eb86ce3f0165dc42f64e2e56a1fc67b05c7e06a478772054c8c1a,1,0.0,0.0,0.0,153.28,153.28,,,,,,,,,,,
837bec5d316bb3d2aac1a476f1bd8edeacacd9188b2304d1ec9487ba11efe5b1,6,1.8333333333333333,6.0,0.3333333333333333,269812.56,44968.76,837bec5d316bb3d2aac1a476f1bd8edeacacd9188b2304d1ec9487ba11efe5b1,1052000.0,MG,7230000000000000.0,9000000000000000.0,769.0,1.22e+16,840.0,21831.0,235.0,972.0
8394f025d42d99438fe306b5d2ca70d065f4b48aa464cbbd0902bc827a2e4427,1,0.0,0.0,0.0,687.38,687.38,,,,,,,,,,,
83a858aaa45e5dcee41aad87385d6a5b7f5de996796d2b971bcb35a417c2ca75,1,0.0,0.0,0.0,2397.46,2397.46,83a858aaa45e5dcee41aad87385d6a5b7f5de996796d2b971bcb35a417c2ca75,1099699.0,MS,8690000000000000.0,612478000000000.0,857.0,1.65e+16,900.0,13513.0,971.0,988.0
83d9b2f4fc4a72f299519a7abfab458788663e7a22e5832459356567764eb1bf,1,1.0,1.0,1.0,15128.34,15128.34,83d9b2f4fc4a72f299519a7abfab458788663e7a22e5832459356567764eb1bf,4644301.0,PE,3160000000000000.0,2.23e+16,480.0,1.85e+16,780.0,30724.0,527.0,964.0
83e4f24cdaeced4272e978aa9cc61dae08b636bd49b2148ec8b94bfd28468452,1,0.0,0.0,0.0,403.51,403.51,,,,,,,,,,,
83ee4d4c6c6af102b53d6934493842efa1a3c48f2379cce7e16b0c03ab122589,1,2.0,2.0,1.0,953.03,953.03,,,,,,,,,,,
83f9e4c65f17613f96ce3a9eb5e4dd585cbe9616413828de2a54d80d4ef1eba4,1,1.0,1.0,1.0,818.64,818.64,83f9e4c65f17613f96ce3a9eb5e4dd585cbe9616413828de2a54d80d4ef1eba4,5510801.0,SC,9490000000000000.0,6680000000000000.0,944.0,21828125.0,960.0,0.0,978.0,988.0
8417f78de291ec355dbf1c55fdef78023d6c1dc0481f6c93c1512a81f497c07a,1,0.0,0.0,0.0,1650.64,1650.64,,,,,,,,,,,
8428cc20e6073202a21e50e147b30140784a10303b17026341c72536ab8c5fd9,1,0.0,0.0,0.0,353.96,353.96,,,,,,,,,,,
84483ecbc651741392986aae44a8fbf22165cd0dbfe1d0b5571fa0da13c096c1,1,0.0,0.0,0.0,9746.62,9746.62,84483ecbc651741392986aae44a8fbf22165cd0dbfe1d0b5571fa0da13c096c1,2013402.0,RS,8530000000000000.0,7180000000000000.0,873.0,1360000000000000.0,880.0,625.0,973.0,989.0
847d5f133bc6d99c2e4d9a36f8fc093aa5a4186c5fe8f763ff006c6de21d205e,1,0.0,0.0,0.0,157.4,157.4,,,,,,,,,,,
8489482d950fd11ca5b245790dc429ca00192ddffe3258ba892a4c6920144f74,1,1.0,1.0,1.0,11479.52,11479.52,8489482d950fd11ca5b245790dc429ca00192ddffe3258ba892a4c6920144f74,2862300.0,RS,9720000000000000.0,1000.0,958.0,100400.0,970.0,5814.0,978.0,988.0
84aee5e8c53da012541b374d0497c9d32687e9cdd95ac2b8f620d1e947a3b620,34,0.17647058823529413,2.0,0.14705882352941177,517866.82,15231.37705882353,84aee5e8c53da012541b374d0497c9d32687e9cdd95ac2b8f620d1e947a3b620,2833000.0,RS,9650000000000000.0,5970000000000000.0,958.0,2.4e+16,970.0,507.0,981.0,989.0
84dab057ef9856b9dfe940dcc73e60d3014321bc295c7493775482c7050e3f03,1,0.0,0.0,0.0,564.39,564.39,,,,,,,,,,,
84e53d1100899f715840e1631108fb5b6c4fd7e777b5fe20ebf10f82030ac30e,1,0.0,0.0,0.0,384.63,384.63,,,,,,,,,,,
84f194b10c04d172ad7a3cead1c81bc1312f1be3f1dd497938f5c7f3ac1f9286,1,2.0,2.0,1.0,348.32,348.32,,,,,,,,,,,
8511c88b3e7579daa287f92b68868587124fde2efd410909fe06706b07fb751e,1,2.0,2.0,1.0,231.3,231.3,,,,,,,,,,,
8511d2c885e01a8612a069d27106e2e4d5e6d87acf7925a70915007d6a9b9c55,1,0.0,0.0,0.0,822.03,822.03,,,,,,,,,,,
852e1fd66f5ddd7a8dc80b8a4381add66a5bfd9fb8cd458fa7ff26994b9b0bbd,2,1.0,2.0,0.5,1483.15,741.575,852e1fd66f5ddd7a8dc80b8a4381add66a5bfd9fb8cd458fa7ff26994b9b0bbd,4782201.0,GO,9400000000000000.0,3360000000000000.0,892.0,1.32e+16,960.0,65331.0,918.0,985.0
85309b07c75e3dc1641ce812bf6aa767dcd0ee083d4bd017fe21524b7675b472,2,0.0,0.0,0.0,2919.44,1459.72,85309b07c75e3dc1641ce812bf6aa767dcd0ee083d4bd017fe21524b7675b472,4530703.0,SP,9940000000000000.0,1000.0,962.0,2.23e+16,990.0,0.0,981.0,989.0
853d5f44015bd526eb06c07516305889a1d540dc72c46c690203c71567e77568,1,5.0,5.0,1.0,461.6,461.6,,,,,,,,,,,
853e27d593300aa6f530dfbe52f3ad509ac19f6fadcb57bec67ff636cb00d0bb,2,6.0,6.0,1.0,870.92,435.46,853e27d593300aa6f530dfbe52f3ad509ac19f6fadcb57bec67ff636cb00d0bb,1731100.0,SP,50.0,1000.0,65.0,6150000000000000.0,130.0,9289.0,37.0,295.0
854786bd1555974b659d18d70cc0aa110aad39a9abc17583b11a53d7ebcdeb25,1,0.0,0.0,0.0,1146.22,1146.22,854786bd1555974b659d18d70cc0aa110aad39a9abc17583b11a53d7ebcdeb25,4649499.0,SP,9900000000000000.0,8790000000000000.0,962.0,2.29e+16,970.0,0.0,981.0,988.0
85519cb5631cf3be127645237bcafb17fff2dfec470faba22b68bf27358e107a,1,0.0,0.0,0.0,847.8,847.8,,,,,,,,,,,
8557f9d76ff0d54880806719f1f86f360d954cc4568b2e06fec5ea298196e47a,1,4.0,4.0,1.0,15680.0,15680.0,8557f9d76ff0d54880806719f1f86f360d954cc4568b2e06fec5ea298196e47a,4633801.0,SP,9160000000000000.0,8800000000000000.0,902.0,2e+16,910.0,17117.0,979.0,988.0
856164ea964f335f960534523d4974e16793acfed5bb3aff381cfb2ed464b8b3,1,1.0,1.0,1.0,286.7,286.7,,,,,,,,,,,
85624a5e7486c6fbdefb15fd335ec9f8a2013e66c065fae13355828c5011f308,1,0.0,0.0,0.0,56787.5,56787.5,85624a5e7486c6fbdefb15fd335ec9f8a2013e66c065fae13355828c5011f308,2229399.0,SP,9920000000000000.0,9170000000000000.0,954.0,227625.0,950.0,0.0,979.0,983.0
856a85c5a30737b8ec98e3a184e1a294e9b39187b6e49f9a07e77caf0ae13319,1,0.0,0.0,0.0,6846.45,6846.45,856a85c5a30737b8ec98e3a184e1a294e9b39187b6e49f9a07e77caf0ae13319,4744099.0,MG,8680000000000000.0,1000.0,841.0,1.07e+16,700.0,0.0,943.0,988.0
8579c17df7012f440d44dd3fc1e94ab09984292429ad3f57f1e58d08ca1fcc15,2,4.5,9.0,0.5,9194.14,4597.07,8579c17df7012f440d44dd3fc1e94ab09984292429ad3f57f1e58d08ca1fcc15,4761003.0,PE,5130000000000000.0,1000.0,675.0,1.07e+16,900.0,32012.0,933.0,933.0
858179102e4092c2f3175df97c6ee9ce54fedab876bd233f6d1779764d7c339f,1,0.0,0.0,0.0,708.9,708.9,858179102e4092c2f3175df97c6ee9ce54fedab876bd233f6d1779764d7c339f,8219901.0,RJ,8480000000000000.0,7940000000000000.0,888.0,1.98e+16,920.0,5494.0,982.0,988.0
858491a511c3fe48bdbb3f23b808a77c3acf2be531c8983ff309f7b3ecb0636e,2,0.0,0.0,0.0,397.71,198.855,,,,,,,,,,,
858e59ef8754e14dfb8c491cb6182496180afcf73f47d88b5b5f02e544fd3bc3,2,1.5,2.0,1.0,544.87,272.435,,,,,,,,,,,
8599bb4ad8530925eed8969cac7d1f752328003bfbac03bb56336572a4ae6dfb,1,0.0,0.0,0.0,38926.54,38926.54,8599bb4ad8530925eed8969cac7d1f752328003bfbac03bb56336572a4ae6dfb,2222600.0,SC,7530000000000000.0,9810000000000000.0,961.0,2.44e+16,970.0,0.0,982.0,988.0
85a5ac141b27d413a98238247729c479355fbb600f81dce04b9bbbb5d944a666,1,0.0,0.0,0.0,490.76,490.76,,,,,,,,,,,
85a7b99194a2c54637568e3b6ecafc161a5bda6f4dc6b2ccac08c1255040482e,1,0.0,0.0,0.0,1059.38,1059.38,,,,,,,,,,,
85b2a93a89c692ea1e3dbd113736710ae54ffc7d0a7920a4e1c3d57df49d2f39,1,0.0,0.0,0.0,1943.11,1943.11,85b2a93a89c692ea1e3dbd113736710ae54ffc7d0a7920a4e1c3d57df49d2f39,1013901.0,DF,8970000000000000.0,9380000000000000.0,937.0,2.11e+16,930.0,321.0,977.0,988.0
85c676dd677f2cedf3ee5f245278c13b8d1f3f0acb63811c5513bb80873e0019,3,0.0,0.0,0.0,1152.06,384.02,85c676dd677f2cedf3ee5f245278c13b8d1f3f0acb63811c5513bb80873e0019,4744005.0,SC,9810000000000000.0,9000000000000000.0,951.0,2400000000000000.0,990.0,8885.0,977.0,988.0
85d41ebb6057a054adb44b22593befc74120e38c98d1c37d6b50b2719015ec10,1,0.0,0.0,0.0,4645.21,4645.21,85d41ebb6057a054adb44b22593befc74120e38c98d1c37d6b50b2719015ec10,4731800.0,SP,9990000000000000.0,8580000000000000.0,863.0,2.37e+16,960.0,19.0,953.0,988.0
85ddaf39426268a59499b2e1b32bf4ab2cdb850fa90b0e9d2f7d1a5453a76fb4,1,0.0,0.0,0.0,450.0,450.0,85ddaf39426268a59499b2e1b32bf4ab2cdb850fa90b0e9d2f7d1a5453a76fb4,4729699.0,PR,9930000000000000.0,1000.0,918.0,287100.0,870.0,0.0,955.0,988.0
8612b5b28f3b97296872168513f241767b8c7e73c7fe995b2c595a2965cf7a86,1,0.0,0.0,0.0,237.4,237.4,,,,,,,,,,,
8619319b91727cbbb3011a0eb1071483834e56a73bc87cfe13d3893f53e7f0c7,1,0.0,0.0,0.0,2351.32,2351.32,,,,,,,,,,,
8623753105b0101c90e33925372268367a91d8704e1770128d002b30d12680cb,7,0.14285714285714285,1.0,0.14285714285714285,6324.5199999999995,903.5028571428571,8623753105b0101c90e33925372268367a91d8704e1770128d002b30d12680cb,4691500.0,GO,9390000000000000.0,6690000000000000.0,931.0,1.92e+16,970.0,6146.0,983.0,989.0
8625003b734a313ddf87a3b6123de3c9a0b58120c12cdaf5b2bd358235341523,2,8.5,17.0,0.5,770.82,385.41,8625003b734a313ddf87a3b6123de3c9a0b58120c12cdaf5b2bd358235341523,4671100.0,RS,5400000000000000.0,4.58e+16,620.0,157000.0,650.0,527.0,736.0,983.0
862c7ca2b458fd3e3ce4880ca9602df926406475a73db70bb024ae0c151006f2,1,0.0,0.0,0.0,1519.86,1519.86,,,,,,,,,,,
866a8bd6b63e4905e8cb222918b66dec5d0fa24910f7397dc4bd585c41eba12a,1,24.0,24.0,1.0,806.58,806.58,866a8bd6b63e4905e8cb222918b66dec5d0fa24910f7397dc4bd585c41eba12a,4781400.0,GO,1.52e+16,50.0,149.0,8530000000000000.0,660.0,35853.0,30.0,779.0
869e34357e737e93069cddb4e09ef3065be14bb6f415f9d922d21b8ea7c7e593,1,0.0,0.0,0.0,254.07,254.07,,,,,,,,,,,
86adb33d70e2647d9a8c84a94c8fc7eea2d6afea6a924dc7dc7346c337429a13,1,1.0,1.0,1.0,1435.62,1435.62,86adb33d70e2647d9a8c84a94c8fc7eea2d6afea6a924dc7dc7346c337429a13,4744001.0,RO,8090000000000000.0,7930000000000000.0,915.0,2.47e+16,980.0,3162.0,982.0,989.0
86b0b692c141ccc6e794e115936cae87c7d8325d4f657f320bb345b2448dd3f7,3,0.0,0.0,0.0,1290509.23,430169.74333333335,86b0b692c141ccc6e794e115936cae87c7d8325d4f657f320bb345b2448dd3f7,2592602.0,SP,989851000000000.0,9440000000000000.0,943.0,2350000000000000.0,970.0,136.0,981.0,989.0
86c0fc31070c0c86726c6f62ba42ab1aae60466be7ab25771973ccdf4075bd43,1,0.0,0.0,0.0,200.0,200.0,86c0fc31070c0c86726c6f62ba42ab1aae60466be7ab25771973ccdf4075bd43,4930202.0,MG,667652000000000.0,2970000000000000.0,344.0,9470000000000000.0,590.0,61438.0,456.0,980.0
86cc3b1ddd9b22fa71ae7994fff3e65cd9c7c143ce2d18c1d3e064b20e5e1255,2,0.5,1.0,0.5,1123.33,561.665,,,,,,,,,,,
86ceef2c37175fad1e15f1d8659c71ce3b0144043b25311f608185664a01caf0,1,0.0,0.0,0.0,3855.6,3855.6,86ceef2c37175fad1e15f1d8659c71ce3b0144043b25311f608185664a01caf0,4711302.0,MG,9690000000000000.0,8260000000000000.0,960.0,1.62e+16,950.0,2724.0,979.0,989.0
86fab43fcbfd52509dab234c08bd06bc7ab898098eda31d5a704f5de16435842,1,6.0,6.0,1.0,10016.65,10016.65,86fab43fcbfd52509dab234c08bd06bc7ab898098eda31d5a704f5de16435842,3313999.0,SP,9340000000000000.0,348657000000000.0,882.0,1.96e+16,970.0,9424.0,975.0,988.0
8726e4149dfb0b8fa38379fd5295cb203030843e60d55774321d8e6c5d3e58a8,1,0.0,0.0,0.0,5801.84,5801.84,8726e4149dfb0b8fa38379fd5295cb203030843e60d55774321d8e6c5d3e58a8,4313400.0,SP,5810000000000000.0,1000.0,877.0,1.46e+16,950.0,35574.0,964.0,988.0
872a9621d5ad607608b5e1f7ee49795063909779d12001470c7bd5f09518f72b,1,0.0,0.0,0.0,330.82,330.82,,,,,,,,,,,
87443fbdfb811ab40e3a977d8e91aedc97d08aa76efc2c4c0b1c1f39a270e2eb,1,0.0,0.0,0.0,1809.61,1809.61,,,,,,,,,,,
8748cdc07409ead0fc0fa1d290e4a8d6ff2bccc3b9adea8c09ac1dfeeacc8911,1,0.0,0.0,0.0,1868.1,1868.1,,,,,,,,,,,
8756ad3615a5c3fd487ffc3f18642133f66cb71413b4ccebc0008149b96ab06a,2,0.0,0.0,0.0,1329.3,664.65,8756ad3615a5c3fd487ffc3f18642133f66cb71413b4ccebc0008149b96ab06a,4321500.0,SC,9430000000000000.0,8400000000000000.0,958.0,2.31e+16,980.0,945.0,980.0,988.0
8759fa5c504f9a1c49fcc916596ab1ee2428c5c0339556b687e8c3774a09378f,1,2.0,2.0,1.0,106.98,106.98,,,,,,,,,,,
876e08ba87a8e09b1ffef1e75ffb482510398e52d46cd0230372d888d6221e57,1,0.0,0.0,0.0,70695.2,70695.2,,,,,,,,,,,
8775e2e46c14c7a3a17fa983fd69087a92ec0ee81109e7d32dad2b055f31ae18,1,0.0,0.0,0.0,280.52,280.52,,,,,,,,,,,
877a6bb081cfdf791fa3eb058c40fb033c9b898019d23cf3f8d40e5780569b1c,4,0.0,0.0,0.0,9039.58,2259.895,877a6bb081cfdf791fa3eb058c40fb033c9b898019d23cf3f8d40e5780569b1c,4742300.0,SC,9930000000000000.0,9460000000000000.0,957.0,2.45e+16,980.0,435.0,982.0,989.0
87a93b0a82ef8ec4c757e84a7bd9f33993fff4709fa44f3f5ebba59822b9be04,2,0.0,0.0,0.0,170.10000000000002,85.05000000000001,,,,,,,,,,,
87b896787893b5654620db14be1e364c0523dbfca27045daf5f29dabd6148ce8,1,0.0,0.0,0.0,345.5,345.5,,,,,,,,,,,
87bc655b9769e24019c8fc44467283949922090f22239deb9e5fcadc4f6a6960,1,1.0,1.0,1.0,897.95,897.95,,,,,,,,,,,
87c44e696a48ca4ded4d01f84c0f90bc6e826662a0bef39f1caeb2aff6f317da,1,0.0,0.0,0.0,179.01,179.01,87c44e696a48ca4ded4d01f84c0f90bc6e826662a0bef39f1caeb2aff6f317da,4781400.0,PR,8970000000000000.0,6770000000000000.0,817.0,149500.0,910.0,0.0,904.0,981.0
87d73bfb0143a0e685112ffc6f4f2a7b5c0d4a6f7d1b3cfac6f3c19b089838ba,3,0.0,0.0,0.0,2351.3900000000003,783.7966666666667,,,,,,,,,,,
87fb468e35c71aa565d8b038d6b18f28d826a53dbec6181917f9c6399870695b,1,0.0,0.0,0.0,123.51,123.51,,,,,,,,,,,
881e1440a65580d6e85e9c6174e1b3e82d3521cd766c71046e175df9f5c8633a,1,2.0,2.0,1.0,281.36,281.36,,,,,,,,,,,
881e86c9a7b24089799d0ab62df6851852c255c5e10b7fd0dc69c5e1e90f93a6,1,0.0,0.0,0.0,446.0,446.0,,,,,,,,,,,
881ff91057e6fe2223e3a28e5d00cc26891f54d8410f77b332c77462989b59e1,1,0.0,0.0,0.0,433.39,433.39,,,,,,,,,,,
8822fe07e6f187c4779f7e2d1967a9a36f9720df8a3761097c311a4e14aae011,1,0.0,0.0,0.0,3294630.0,3294630.0,8822fe07e6f187c4779f7e2d1967a9a36f9720df8a3761097c311a4e14aae011,141501.0,TO,50.0,50.0,186.0,1.91e+16,540.0,283.0,43.0,498.0
8832e5e3176bf9978dbbbce48ec9bd4a2a061c6f114acce151cf3692d04366c8,1,0.0,0.0,0.0,1471.0,1471.0,8832e5e3176bf9978dbbbce48ec9bd4a2a061c6f114acce151cf3692d04366c8,4711302.0,MS,9870000000000000.0,9900000000000000.0,958.0,2.15e+16,960.0,974.0,980.0,988.0
883c7fdf54b6dbdcaddffbb3b7ca708b9e5f4792ac8e961c90a3ca47b25bebb2,4,1.0,2.0,0.5,54800.0,13700.0,883c7fdf54b6dbdcaddffbb3b7ca708b9e5f4792ac8e961c90a3ca47b25bebb2,1323500.0,SP,7000000000000000.0,548924000000000.0,957.0,1926640625.0,970.0,6103.0,977.0,988.0
885084a1fade287de646154f37db2a72176b8c8f11565771567fd62bc45caf95,2,0.5,1.0,0.5,593.86,296.93,885084a1fade287de646154f37db2a72176b8c8f11565771567fd62bc45caf95,4789004.0,SC,7990000000000000.0,3.96e+16,873.0,138375.0,960.0,12915.0,963.0,986.0
8879dba7a77e3b86d384051995194f4acbfdd889198f62295359953dab5d3aec,2,0.5,1.0,0.5,234.48,117.24,,,,,,,,,,,
888b0c40082945763a1db757657bde6e942bcdb666868e89bb8c2281fa0485e2,8,0.0,0.0,0.0,98383.92,12297.99,888b0c40082945763a1db757657bde6e942bcdb666868e89bb8c2281fa0485e2,6203100.0,SP,8730000000000000.0,6670000000000000.0,390.0,1.76e+16,780.0,295.0,903.0,445.0
88970870999096cd87222e3bfe0c269a055b7cb123b6be84d731796d5e30f59a,1,0.0,0.0,0.0,1675.68,1675.68,88970870999096cd87222e3bfe0c269a055b7cb123b6be84d731796d5e30f59a,4691500.0,DF,9480000000000000.0,9130000000000000.0,925.0,1.96e+16,960.0,0.0,981.0,988.0
88c3a55f710882ea027d31c2becaaf3e3f606d4c03dd8c71cfaddb2f7014aff6,1,0.0,0.0,0.0,699.44,699.44,,,,,,,,,,,
88c992a363aa36c29835c8bb45c82d0ac9942432d485f494e1814b61d6094ff8,1,0.0,0.0,0.0,145.76,145.76,,,,,,,,,,,
88d7a6c1fd6f423947cde1ca1d0b1a403cbcd1c6cdbbf9e9084014fc3980f913,1,1.0,1.0,1.0,915.82,915.82,88d7a6c1fd6f423947cde1ca1d0b1a403cbcd1c6cdbbf9e9084014fc3980f913,4711302.0,PR,9650000000000000.0,1000.0,933.0,2.26e+16,950.0,15482.0,976.0,989.0
88dcef655d4f40539e5dc33793ce309fc27aeb2f2cac93b3c450287f4856444f,2,0.0,0.0,0.0,52060.759999999995,26030.379999999997,88dcef655d4f40539e5dc33793ce309fc27aeb2f2cac93b3c450287f4856444f,1052000.0,MG,7180000000000000.0,6940000000000000.0,758.0,105400.0,800.0,6718.0,775.0,988.0
88f7045699a5aad48f9958c2c0dabc4c192fb3340115d82099cdc3aeffb7b2fe,1,0.0,0.0,0.0,3581.0,3581.0,88f7045699a5aad48f9958c2c0dabc4c192fb3340115d82099cdc3aeffb7b2fe,4729699.0,RS,7440000000000000.0,8640000000000000.0,507.0,1.37e+16,750.0,16889.0,908.0,986.0
8926cb7d29759d7d5d136412b3d127333881111040eb91c4d13a06f58d55f760,1,62.0,62.0,1.0,249090.0,249090.0,8926cb7d29759d7d5d136412b3d127333881111040eb91c4d13a06f58d55f760,1052000.0,SC,5360000000000000.0,8720000000000000.0,123.0,1.13e+16,570.0,3304.0,119.0,985.0
89345df448c07025ca9e2ba5adbba1b54b0e95474de86c2de545312343131a39,1,2.0,2.0,1.0,525.92,525.92,,,,,,,,,,,
8942a0fe00c5d7aba07f9e659bef5f04f5a801bbc160f8f768c684872d7d6939,1,0.0,0.0,0.0,265.33,265.33,,,,,,,,,,,
894546f4eaab9642857788bb16f53016cc95729737f82f9808dc9628a60380e6,1,0.0,0.0,0.0,118.68,118.68,,,,,,,,,,,
895cf2ec2aa9bef730e8e760a2dfb555f87b48a9dd43dfe7ea1232b9c5225244,2,0.0,0.0,0.0,2610.16,1305.08,,,,,,,,,,,
8963b72a33fdcea87c1a2008ee545e3d2d1ac2bb92e55399fbc8f9e7f23d8f0a,1,1.0,1.0,1.0,932.51,932.51,8963b72a33fdcea87c1a2008ee545e3d2d1ac2bb92e55399fbc8f9e7f23d8f0a,4729699.0,SP,9170000000000000.0,2.12e+16,931.0,2.3e+16,940.0,947.0,977.0,989.0
897c23bdc242b1728fb51aab26abfd6bc66393e8bee0bfde91f0847c97000bda,1,0.0,0.0,0.0,1159.76,1159.76,,,,,,,,,,,
89927e1d883087a141fd6bd798f8addc90d74a2c7ba75022da8b5ba52048afcf,1,0.0,0.0,0.0,109.57,109.57,,,,,,,,,,,
89a7b1aea47e0a18630e3bc9b7299803fb7a7d2947bc733cf5e932c8e84e2505,7,39.714285714285715,68.0,0.8571428571428571,40852.07,5836.01,89a7b1aea47e0a18630e3bc9b7299803fb7a7d2947bc733cf5e932c8e84e2505,4649401.0,RS,464894000000000.0,4.2e+16,166.0,1.28e+16,650.0,13183.0,116.0,975.0
89c3af578a2d5fe4b26ef55bb6a257793533b436b8d75c28dec2751c4a8f64ce,1,0.0,0.0,0.0,4235.0,4235.0,89c3af578a2d5fe4b26ef55bb6a257793533b436b8d75c28dec2751c4a8f64ce,1071600.0,SP,9340000000000000.0,7010000000000000.0,950.0,2.12e+16,950.0,2879.0,979.0,988.0
89e5479589e7cef63fc7155990fa55ee7dbcee5d7cbe2e02e74549b1595a68db,1,0.0,0.0,0.0,829.24,829.24,89e5479589e7cef63fc7155990fa55ee7dbcee5d7cbe2e02e74549b1595a68db,4754701.0,PE,9500000000000000.0,5590000000000000.0,804.0,1.32e+16,960.0,4869.0,960.0,987.0
89e92dff2171b35baa5a66141830b12456ffc53491243b7ca440dced85957600,1,9.0,9.0,1.0,876.73,876.73,,,,,,,,,,,
89ebd67ee2795e57436dfcd46d261893a372457050facacf79397b1b22740a81,1,0.0,0.0,0.0,16867.4,16867.4,,,,,,,,,,,
89fbc69cbaef0c56c6384354c6f26d84270c825583a064950d514393e9a1042f,1,0.0,0.0,0.0,912.53,912.53,,,,,,,,,,,
89fe690260c3337a382926dcfdf5737965642cf22d1580f61fa624782de242a0,2,0.0,0.0,0.0,77.82,38.91,89fe690260c3337a382926dcfdf5737965642cf22d1580f61fa624782de242a0,4744003.0,SP,678141000000000.0,833214000000000.0,674.0,162000.0,810.0,0.0,966.0,989.0
8a07bd45bc8a5e718ec80176914608d57b16c0529d8df302c6477b530393d5d7,1,2.0,2.0,1.0,759.0,759.0,8a07bd45bc8a5e718ec80176914608d57b16c0529d8df302c6477b530393d5d7,1412601.0,CE,8100000000000000.0,2730000000000000.0,833.0,1.71e+16,890.0,16908.0,928.0,989.0
8a0efb1bbab6d63873e29612b0eb0f60191fec9d25f93b5cca7aef505f34c010,2,1.0,2.0,0.5,2831.7799999999997,1415.8899999999999,8a0efb1bbab6d63873e29612b0eb0f60191fec9d25f93b5cca7aef505f34c010,2930102.0,RS,8720000000000000.0,9030000000000000.0,958.0,2.31e+16,950.0,45985.0,980.0,989.0
8a27bde79b535a1b7b9e8fe3005aad5709dc850ebda9533d84f9931a89ca3410,1,0.0,0.0,0.0,1488.35,1488.35,8a27bde79b535a1b7b9e8fe3005aad5709dc850ebda9533d84f9931a89ca3410,4731800.0,SP,9980000000000000.0,9440000000000000.0,948.0,2.44e+16,970.0,351.0,969.0,988.0
8a3aecd8cabd52ce5416657d449d4c54201d18d9212b55e2ca8f6578787ca9a4,1,0.0,0.0,0.0,540.28,540.28,,,,,,,,,,,
8a4617302098e01c84256d0a0209d40099bd10c7be1e7a18ac4c854f77b33dee,1,16.0,16.0,1.0,378.83,378.83,8a4617302098e01c84256d0a0209d40099bd10c7be1e7a18ac4c854f77b33dee,6920601.0,RJ,6130000000000000.0,9570000000000000.0,590.0,43200.0,630.0,0.0,698.0,973.0
8a59ac31229c828c93c46832ec9767f79a2cb60fdb01b3c8262e8b09b45f051e,231,0.07792207792207792,1.0,0.07792207792207792,40085248.96,173529.2162770563,8a59ac31229c828c93c46832ec9767f79a2cb60fdb01b3c8262e8b09b45f051e,2733300.0,SP,9750000000000000.0,9770000000000000.0,952.0,2280000000000000.0,960.0,56.0,981.0,989.0
8a64611475dc12837aa1b92e61a0c8e236339636d031cf714a59866029a1e982,1,0.0,0.0,0.0,986.44,986.44,8a64611475dc12837aa1b92e61a0c8e236339636d031cf714a59866029a1e982,4789099.0,SP,9690000000000000.0,1000.0,923.0,1.93e+16,960.0,0.0,964.0,989.0
8a72b162091f7f385a2a27d764c6bc6214617ddf1ea35b2a0170306c9554a6bd,1,0.0,0.0,0.0,3399.68,3399.68,8a72b162091f7f385a2a27d764c6bc6214617ddf1ea35b2a0170306c9554a6bd,1052000.0,SC,9980000000000000.0,8840000000000000.0,960.0,2.05e+16,960.0,1843.0,981.0,988.0
8a736e0c37baf6cf14837158a55c1535c0ecf9624e3d2f228557f636bfaa3dfa,2,13.0,13.0,1.0,2390.3,1195.15,,,,,,,,,,,
8a809ccb9b1f5ec1c753c54d73862e8436f95658833ecbce136df5b47b4846aa,5,16.0,27.0,0.8,11433.94,2286.788,8a809ccb9b1f5ec1c753c54d73862e8436f95658833ecbce136df5b47b4846aa,6110803.0,SP,4.55e+16,651130000000000.0,333.0,9930000000000000.0,770.0,1218.0,785.0,986.0
8a980f26cfa459827cbb0c51e6fc2fea9e480e6df15c167d4f1234efd72d9927,1,0.0,0.0,0.0,3714.01,3714.01,,,,,,,,,,,
8aaaf534b99ebff72c874d3a7fc2ecfff1d34c19e0fd6b498ccb037675cbe6b7,1,0.0,0.0,0.0,355.55,355.55,,,,,,,,,,,
8acf029708d7e5ca2b643e9c7d18e9a85c59398ec29657b48fd22b789f6c14f9,2,0.0,0.0,0.0,101541.40000000001,50770.700000000004,8acf029708d7e5ca2b643e9c7d18e9a85c59398ec29657b48fd22b789f6c14f9,2441502.0,PR,9160000000000000.0,8760000000000000.0,940.0,1.09e+16,930.0,49484.0,984.0,988.0
8ada6a3910e451929ccf64ef60345e39ae97b374d6787aaf5abe768bc08bef79,1,9.0,9.0,1.0,536.82,536.82,,,,,,,,,,,
8af86f4e72ba26488a9919995da65f005a52eab3a8f40b49f465822b7b2683ee,1,0.0,0.0,0.0,1104.26,1104.26,8af86f4e72ba26488a9919995da65f005a52eab3a8f40b49f465822b7b2683ee,4649408.0,MG,9620000000000000.0,861666000000000.0,958.0,2.08e+16,970.0,402.0,983.0,989.0
8b02b2d977be8fd2135e00698e0ca2da76cfe36067d62595cfb64cf568cbb73e,1,1.0,1.0,1.0,91.28,91.28,8b02b2d977be8fd2135e00698e0ca2da76cfe36067d62595cfb64cf568cbb73e,4771701.0,PR,9900000000000000.0,50.0,950.0,2.37e+16,980.0,3291.0,978.0,987.0
8b24fea8e5da1ec8b953c4f9342fe42d90eb0bdf838105e141e5abd5d4f69a83,1,0.0,0.0,0.0,291.1,291.1,8b24fea8e5da1ec8b953c4f9342fe42d90eb0bdf838105e141e5abd5d4f69a83,4771701.0,PR,9360000000000000.0,1000.0,648.0,1.84e+16,940.0,12341.0,924.0,963.0
8b3032f9a89841fafd76bc08d60bfa604faedd2de4ff89f0d613a411386b321b,1,9.0,9.0,1.0,6093.3,6093.3,8b3032f9a89841fafd76bc08d60bfa604faedd2de4ff89f0d613a411386b321b,2222600.0,SP,8020000000000000.0,7190000000000000.0,561.0,1650000000000000.0,900.0,25292.0,933.0,985.0
8b418df8e41d510f3cc5f949fcddf56a4133b9f455709ae237ef079a0ed239c4,2,0.5,1.0,0.5,39272.87,19636.435,8b418df8e41d510f3cc5f949fcddf56a4133b9f455709ae237ef079a0ed239c4,2452100.0,PR,6790000000000000.0,9670000000000000.0,928.0,1.71e+16,960.0,1738.0,979.0,988.0
8b77dec5b993c39cabeeeac9e47f58b5a33814e58e46b6161f2741fad9c352e0,1,0.0,0.0,0.0,2146.95,2146.95,8b77dec5b993c39cabeeeac9e47f58b5a33814e58e46b6161f2741fad9c352e0,1412601.0,SP,1000.0,6000000000000000.0,918.0,192375.0,970.0,0.0,973.0,988.0
8b7dc596734ca9828b2c24486f1d484f6f85b0e33a6dcae2108299478ddb7748,1,0.0,0.0,0.0,446.12,446.12,8b7dc596734ca9828b2c24486f1d484f6f85b0e33a6dcae2108299478ddb7748,4530705.0,MA,1000.0,7520000000000000.0,942.0,3470000000000000.0,880.0,0.0,967.0,988.0
8b82b654bd62085c9118bbc0e3f9c3027ffa57c8f467b2618a96177ff6434942,1,0.0,0.0,0.0,1209.18,1209.18,,,,,,,,,,,
8b9bc270bde85004a64b4da0a0b86b8e0d88354a132d8239560fa0932de796ee,1,6.0,6.0,1.0,1062.66,1062.66,8b9bc270bde85004a64b4da0a0b86b8e0d88354a132d8239560fa0932de796ee,3250705.0,RJ,6660000000000000.0,7820000000000000.0,566.0,887376000000000.0,850.0,2446.0,973.0,989.0
8bc57b211466f683269e2b3573421496f106b8264c003a77b214a05ea24b805c,1,1.0,1.0,1.0,1602.71,1602.71,,,,,,,,,,,
8bcaf10186ee193bb11e2e8901247d1ab5344d35faf2871c34531847fb602fc9,1,0.0,0.0,0.0,568.52,568.52,,,,,,,,,,,
8bd7d63f4a297555c0fe5774e0a9c0a9898f2bf1329e5cdcf07bcf030a35dfc5,1,0.0,0.0,0.0,433.55,433.55,8bd7d63f4a297555c0fe5774e0a9c0a9898f2bf1329e5cdcf07bcf030a35dfc5,4712100.0,PR,8570000000000000.0,947544000000000.0,701.0,1.34e+16,960.0,23945.0,963.0,988.0
8bda994a771fac7bbe0360e461612b164bcc6cbc26206a44810f01b96a122fda,3,3.0,8.0,0.6666666666666666,3020.38,1006.7933333333334,,,,,,,,,,,
8be050362ba771f319708ce94d0b9f396d25093e66a7b42d1f8532442b025f3b,1,2.0,2.0,1.0,654.53,654.53,,,,,,,,,,,
8bed2500b07306931545f1494d7986f706ad0f7942fc679dec7729c30507744a,1,1.0,1.0,1.0,99.98,99.98,,,,,,,,,,,
8bf3f9e2ee425abe94ce08875a72c4d6751ed0b9737df615151afa85fd976d5f,1,0.0,0.0,0.0,2684.54,2684.54,8bf3f9e2ee425abe94ce08875a72c4d6751ed0b9737df615151afa85fd976d5f,1412601.0,SP,9640000000000000.0,8240000000000000.0,956.0,2.28e+16,940.0,0.0,983.0,988.0
8bf47f0dd60eac18dd33808dbaf6bfcce1c8c1d8251bff2c5918e991af73b4bc,1,0.0,0.0,0.0,330.91,330.91,,,,,,,,,,,
8c0296aa0cdad11e738ab02f33b943f11074cd0840197d3a4832a9eea973928d,1,0.0,0.0,0.0,1500.0,1500.0,8c0296aa0cdad11e738ab02f33b943f11074cd0840197d3a4832a9eea973928d,4632001.0,PE,9780000000000000.0,92707800000000.0,925.0,235700.0,900.0,0.0,974.0,988.0
8c08720aec1acb13141b3cf014e7662ec47d336ef887a4a8457d475087624fbd,1,0.0,0.0,0.0,434.62,434.62,,,,,,,,,,,
8c0f60583dd703873be273f4aa20e88f75e713f5fdda9bf46ab913c063baeb78,1,0.0,0.0,0.0,219.69,219.69,8c0f60583dd703873be273f4aa20e88f75e713f5fdda9bf46ab913c063baeb78,4771701.0,PR,9930000000000000.0,50.0,950.0,2.45e+16,990.0,2489.0,981.0,988.0
8c103d2a7d445878d182d3f427ff5131f8a9cab74749580361e9d0c24f6f9c08,1,0.0,0.0,0.0,373.17,373.17,,,,,,,,,,,
8c10e82b5602e4804702f876a340f7ace20012bc526a820fd7f27091e21fb9a9,1,0.0,0.0,0.0,98.72,98.72,,,,,,,,,,,
8c19a8c55be617cc5b064508f51b89c52c36da8825598c151ea66c8d0c4b052e,1,1.0,1.0,1.0,949.25,949.25,8c19a8c55be617cc5b064508f51b89c52c36da8825598c151ea66c8d0c4b052e,4757100.0,BA,830006000000000.0,9460000000000000.0,817.0,246400.0,820.0,0.0,894.0,987.0
8c206ff323028351c343c6b686c71e78c89d7b66b5e42d5249e7b48a335d76dc,1,0.0,0.0,0.0,426.67,426.67,,,,,,,,,,,
8c23d337089758669ac5bcae24f3ca8d22259226503def494b3e537c51742642,1,1.0,1.0,1.0,205.48,205.48,,,,,,,,,,,
8c33020c5f1070f66955069be1e22fb929c723525fc53d1490bae3f9c0116394,1,0.0,0.0,0.0,242.87,242.87,,,,,,,,,,,
8c3f63518bbab50ca0deb8221520e55f8362fbcc6eea553bb093c7b61d4b0f13,1,0.0,0.0,0.0,424.58,424.58,,,,,,,,,,,
8c44f95fac1dda27deabd878be8bcce64033e83dbf28509e430a289ea9dc1231,1,1.0,1.0,1.0,26000.0,26000.0,8c44f95fac1dda27deabd878be8bcce64033e83dbf28509e430a289ea9dc1231,4120400.0,SP,9270000000000000.0,1000.0,957.0,2.25e+16,910.0,0.0,975.0,989.0
8c46edd592deaefae5157bc983ee711f7343798e1ac2aa57a1999ea430904b47,1,0.0,0.0,0.0,354.24,354.24,,,,,,,,,,,
8c7515074ed81a1092210be7060b01be2a53f940dd2ff363a0abb681d7c338a5,1,6.0,6.0,1.0,63884.5,63884.5,,,,,,,,,,,
8c880d0226189b5995ced02e8a2e12235fdc9f5078bbbdc67f258a50d976f36d,1,6.0,6.0,1.0,62.26,62.26,,,,,,,,,,,
8c8a529128f2f816860b4753e02c5bc7d28070863ff8d259398aafb8ef54fa0c,1,0.0,0.0,0.0,313.32,313.32,8c8a529128f2f816860b4753e02c5bc7d28070863ff8d259398aafb8ef54fa0c,4742300.0,SC,95602200000000.0,7960000000000000.0,886.0,24750.0,950.0,48683.0,975.0,988.0
8c976f83da8f760923f88b816b7edf7c5a427cdfdff50bed818a0c49e39458b2,1,0.0,0.0,0.0,360.0,360.0,8c976f83da8f760923f88b816b7edf7c5a427cdfdff50bed818a0c49e39458b2,4689399.0,MG,9590000000000000.0,6830000000000000.0,963.0,2.37e+16,980.0,0.0,980.0,989.0
8ca32e6552ed1c43fe31c8e8319acc93b5dd77bc5ce7c0d2747474c53a1c2a3b,1,0.0,0.0,0.0,386.82,386.82,,,,,,,,,,,
8ca8572c285947e81a1b88d22ce1d3e89e3e23a7317543c6e5e30998be8fe0ad,1,0.0,0.0,0.0,94.47,94.47,,,,,,,,,,,
8cac60da5d011f5608705203cd05d7faf3b4565293d5605e2ea543009a24f2fd,1,1.0,1.0,1.0,353.35,353.35,,,,,,,,,,,
8cc29812ccb644e23b1609e95eb3a6a610659405aa2918746686d5034772f308,1,0.0,0.0,0.0,10015.95,10015.95,,,,,,,,,,,
8cc5f8b6cb1bd864e5e03ccf8fcd8c0980519e0c0642c629be6fa4f65ef49f9b,1,0.0,0.0,0.0,896.86,896.86,,,,,,,,,,,
8cc75a559d02f95a609424f1326c9dd1b9122494204a39f654391739c8540f96,2,0.0,0.0,0.0,5077.92,2538.96,8cc75a559d02f95a609424f1326c9dd1b9122494204a39f654391739c8540f96,4663000.0,SC,8590000000000000.0,6630000000000000.0,726.0,1540000000000000.0,910.0,4121.0,855.0,986.0
8cf632c6d665ddebe9c7c4cf227315fe030b36bc16fa46ae25b50073dfbbc23d,1,5.0,5.0,1.0,4479.27,4479.27,,,,,,,,,,,
8cf76be43a5d3f3d9f26f4a8683a9e858c8761c5b0d053a10c61654054d09dad,1,0.0,0.0,0.0,1030.0,1030.0,,,,,,,,,,,
8d06f2a8b6edbc28209172671716e81633c0e2dc24c5feb8a9181a53d9936944,1,1.0,1.0,1.0,85.6,85.6,,,,,,,,,,,
8d0e4484e2903bb3287354e74ff0d14b1b5b15a353133b8e8f594451f9ad5026,1,0.0,0.0,0.0,434.07,434.07,8d0e4484e2903bb3287354e74ff0d14b1b5b15a353133b8e8f594451f9ad5026,4789099.0,RS,9780000000000000.0,2.32e+16,958.0,1.87e+16,870.0,0.0,958.0,986.0
8d18e4c11220a1edc6651c038373d1c77d34e582c0da2571b7e686cb80623b76,1,0.0,0.0,0.0,213.84,213.84,,,,,,,,,,,
8d2a5ceded4d531ad56c4309ac769b2e3e4d08985fcd4bb6885049d12142f886,1,1.0,1.0,1.0,2280.75,2280.75,8d2a5ceded4d531ad56c4309ac769b2e3e4d08985fcd4bb6885049d12142f886,1742799.0,PR,8930000000000000.0,4440000000000000.0,957.0,2460000000000000.0,940.0,0.0,981.0,987.0
8d3520f68ee387f7acee3efd33f94c4f9db9ea8e0178bf046492a66f2052e80b,2,9.5,11.0,1.0,218.88,109.44,,,,,,,,,,,
8d54e42fc7397385fe5c08ae255d1ef1be400657a3a0355bf6b4d6bac9637f92,1,0.0,0.0,0.0,9229.28,9229.28,8d54e42fc7397385fe5c08ae255d1ef1be400657a3a0355bf6b4d6bac9637f92,2592601.0,SP,9150000000000000.0,891761000000000.0,741.0,1.21e+16,910.0,0.0,952.0,988.0
8d6f6e1b14f05baf99d88370e3dd9154159dd36e3568e86f4d3f77902421f6d1,1,0.0,0.0,0.0,94028.5,94028.5,8d6f6e1b14f05baf99d88370e3dd9154159dd36e3568e86f4d3f77902421f6d1,1311100.0,MS,8010000000000000.0,9440000000000000.0,895.0,2.23e+16,920.0,8366.0,981.0,986.0
8d783c988f22c74b9e1c7ea5cbce240e3ae779fcc46bf9a6da74decae4fcb6c1,1,0.0,0.0,0.0,312.11,312.11,8d783c988f22c74b9e1c7ea5cbce240e3ae779fcc46bf9a6da74decae4fcb6c1,2229399.0,SP,4.28e+16,9260000000000000.0,385.0,9000000000000000.0,800.0,29107.0,91.0,965.0
8d792057afc956fbac44b070f5febd7d9289c895119f9eb9ca6d9fce7acfff7a,1,0.0,0.0,0.0,4121.31,4121.31,8d792057afc956fbac44b070f5febd7d9289c895119f9eb9ca6d9fce7acfff7a,5231101.0,SP,2780000000000000.0,6960000000000000.0,234.0,1.09e+16,410.0,10958.0,846.0,987.0
8da3ff93854b8e86ceda6f846d5f3e4b4b6bca22ff0aa767699ec979de1f0b96,1,1.0,1.0,1.0,13551.01,13551.01,8da3ff93854b8e86ceda6f846d5f3e4b4b6bca22ff0aa767699ec979de1f0b96,8630503.0,RJ,7440000000000000.0,6870000000000000.0,465.0,1.94e+16,860.0,1332.0,956.0,988.0
8da737fc056c16267f1ccb00545a030702e5c1f49ffa04f410fa27e83bdd2cfb,4,1.25,2.0,0.75,7239.7,1809.925,,,,,,,,,,,
8dabbd9a3e6a4d499fe8718e78db2063c4cb02ec88270817df8921375b7ed79a,1,0.0,0.0,0.0,4079.76,4079.76,8dabbd9a3e6a4d499fe8718e78db2063c4cb02ec88270817df8921375b7ed79a,2599399.0,RS,9410000000000000.0,1000.0,903.0,135500.0,700.0,0.0,825.0,986.0
8dba41e61f7e272845c26c6205b158325f8f9ef1225663545a7cf4f7934fcbb4,2,0.0,0.0,0.0,666.44,333.22,8dba41e61f7e272845c26c6205b158325f8f9ef1225663545a7cf4f7934fcbb4,2342702.0,SC,9680000000000000.0,7900000000000000.0,947.0,1.13e+16,990.0,0.0,983.0,988.0
8dcb9c65eec66ecd78f29224de44b10a3e9b93fc7b5ca6bf67abf1fc82dbde57,2,0.5,1.0,0.5,5223.63,2611.815,8dcb9c65eec66ecd78f29224de44b10a3e9b93fc7b5ca6bf67abf1fc82dbde57,4930202.0,RS,9990000000000000.0,1000.0,910.0,167500.0,950.0,0.0,968.0,988.0
8ddde66beec9e6c34e6df688b8f26418d8dc9e3658afbee92348071b628ec1a0,1,1.0,1.0,1.0,1272.88,1272.88,8ddde66beec9e6c34e6df688b8f26418d8dc9e3658afbee92348071b628ec1a0,2812700.0,SP,6680000000000000.0,7660000000000000.0,209.0,1.17e+16,510.0,757.0,903.0,988.0
8dea1f36dc932e31f565221b9ab7e2d865725d09bc48761aafc659d950a55dad,3,1.6666666666666667,5.0,0.3333333333333333,38000.0,12666.666666666666,8dea1f36dc932e31f565221b9ab7e2d865725d09bc48761aafc659d950a55dad,4639701.0,BA,5920000000000000.0,6120000000000000.0,520.0,1530000000000000.0,880.0,10494.0,800.0,984.0
8e012ecaf6af63693df0f5ec577307b0b7925f7d5f0f151da3fcb9ee8edef915,1,0.0,0.0,0.0,8452.67,8452.67,,,,,,,,,,,
8e03008e93df3f2a5985687046e4acd6abf7fe22ae211b3bbf0bf262b3a43b4b,1,0.0,0.0,0.0,1235.28,1235.28,,,,,,,,,,,
8e155e4692f3afa98ea00d96f4d307b6c93c872e66ee1d7f534db3d09821ce6f,1,0.0,0.0,0.0,543.33,543.33,,,,,,,,,,,
8e244b74215c64eb81a1a625a6f9c6cd38a2b5f599809f2e3cfdb2860acadeb2,1,0.0,0.0,0.0,373.36,373.36,8e244b74215c64eb81a1a625a6f9c6cd38a2b5f599809f2e3cfdb2860acadeb2,4781400.0,PR,7050000000000000.0,2260000000000000.0,615.0,1.71e+16,880.0,19.0,700.0,985.0
8e2e25ec1d7b56bbe05d8b7e5ba1062495ece259783c7603e2d586f8636ab271,1,0.0,0.0,0.0,483.55,483.55,,,,,,,,,,,
8e6e7f32c551162a12bb9ef9edeb166d89f2880beed9708f281633de7964e9b1,2,2.5,5.0,0.5,3681.65,1840.825,,,,,,,,,,,
8ea848e07473eebf5e99d30f3a7b58ac3d4823d2bc0a6f6fb50e8640d7d1b0af,1,8.0,8.0,1.0,933.27,933.27,,,,,,,,,,,
8ef6737d298b40e2c1406ecb6bf4c8c7d5d357beba8e91960d57e0c4b5f82cd3,1,0.0,0.0,0.0,55943.81,55943.81,8ef6737d298b40e2c1406ecb6bf4c8c7d5d357beba8e91960d57e0c4b5f82cd3,4530701.0,PR,9180000000000000.0,940987000000000.0,935.0,169500.0,940.0,6744.0,965.0,988.0
8f23d8561a0242bac840c122935ffb75473baa944c145b6c2abead69b47a79a1,3,0.0,0.0,0.0,6515.48,2171.8266666666664,8f23d8561a0242bac840c122935ffb75473baa944c145b6c2abead69b47a79a1,2930101.0,RS,986001000000000.0,9610000000000000.0,934.0,2.52e+16,980.0,2152.0,969.0,988.0
8f599fe578b699373d222c7200624d282910745fb1aaccdaed0364954afd9ff4,1,10.0,10.0,1.0,201.9,201.9,,,,,,,,,,,
8f616bd0d401c1ae8554c2060a83f7095cacb45700dd5a751b62de1c36ae3d14,2,0.0,0.0,0.0,32611.660000000003,16305.830000000002,8f616bd0d401c1ae8554c2060a83f7095cacb45700dd5a751b62de1c36ae3d14,4754701.0,SP,7540000000000000.0,8640000000000000.0,169.0,46400.0,380.0,32093.0,458.0,920.0
8f788639c17375fed41cc5d33a712569b6a4ebf2c3d6b3bdc7cf0243f97fb617,1,0.0,0.0,0.0,547.83,547.83,,,,,,,,,,,
8f85094cf1b1258e0dc9ade4b226af6e7e15589681485a248a08430c5c22a844,1,0.0,0.0,0.0,2022.79,2022.79,8f85094cf1b1258e0dc9ade4b226af6e7e15589681485a248a08430c5c22a844,1359600.0,SP,9580000000000000.0,9610000000000000.0,923.0,247125.0,960.0,1046.0,973.0,989.0
8f896b689b19868a3304746326f8be354a676ff235a8d1a5f7dd2256e5b2967a,2,61.0,122.0,0.5,78332.95,39166.475,8f896b689b19868a3304746326f8be354a676ff235a8d1a5f7dd2256e5b2967a,4637199.0,SP,958777000000000.0,6690000000000000.0,683.0,1610000000000000.0,860.0,5.0,977.0,988.0
8f93d455c7ae447cc564973068ebdcdafd9d338c7eeae3d2727120294f8de7b0,1,0.0,0.0,0.0,628.38,628.38,,,,,,,,,,,
8f95bec561fb40ce85a67bc3e1cb143011fc22f223ca70b4ce23025eebe73549,3,0.0,0.0,0.0,2436.55,812.1833333333334,8f95bec561fb40ce85a67bc3e1cb143011fc22f223ca70b4ce23025eebe73549,1031700.0,PE,9000000000000000.0,8860000000000000.0,961.0,225600.0,930.0,1043.0,979.0,989.0
8f9a02a2459bea03dd8ba63dab43e691997e6b79f3cd4e1c785ef44ac104b09a,1,0.0,0.0,0.0,90.06,90.06,,,,,,,,,,,
8f9a8357bb4f34d7070633c7417b22fa731bf6af0ebbcc7038496cd3bbe970e7,28,0.03571428571428571,1.0,0.03571428571428571,54596.799999999996,1949.8857142857141,8f9a8357bb4f34d7070633c7417b22fa731bf6af0ebbcc7038496cd3bbe970e7,2930102.0,RS,954638000000000.0,2.77e+16,939.0,1.7e+16,970.0,634.0,978.0,988.0
8facba2df2d73eef84960c065f6fcad3aac5e4a862abda1572d11d40409cbe48,1,0.0,0.0,0.0,1357.88,1357.88,,,,,,,,,,,
8fb42028cca06cb0c049a2c2c8059d1737022d8ba649ccfa78519f79a0e21029,1,0.0,0.0,0.0,116.15,116.15,8fb42028cca06cb0c049a2c2c8059d1737022d8ba649ccfa78519f79a0e21029,4771701.0,PR,9780000000000000.0,5620000000000000.0,923.0,2.02e+16,950.0,3927.0,968.0,984.0
8fb5abc307477353752c8edd9d9a73b734608550568def2ddd46e9ff6f8a5afc,1,2.0,2.0,1.0,144.31,144.31,,,,,,,,,,,
8fb61a912936be35af6f6fa98655ad0df6ee5163a96bee4f010532508821337e,1,8.0,8.0,1.0,75.6,75.6,,,,,,,,,,,
8fbae1b9ab94af08f78dc48e1bc0e80df819c43abb8372cab604929d91832160,3,2.0,5.0,0.6666666666666666,2503.0,834.3333333333334,,,,,,,,,,,
8fc438f7e3a38b04771c996c300d0f66f19a89c910bf6160948de3ed2f6c9e18,1,0.0,0.0,0.0,479.5,479.5,,,,,,,,,,,
8fe83bebaf9034b456ae9b5dd43724201891745447b172e41190dfc923887504,1,0.0,0.0,0.0,459.15,459.15,,,,,,,,,,,
8ff0141befcaafbf8b04c20fc2d833dabcc06cb3dbdac59ada9d8599bd350f08,1,0.0,0.0,0.0,953.04,953.04,,,,,,,,,,,
90105194a2d46b08c187024f35749dfa4c757c6f48081addd8ad9e824c93e291,1,0.0,0.0,0.0,1123.33,1123.33,90105194a2d46b08c187024f35749dfa4c757c6f48081addd8ad9e824c93e291,4530705.0,SP,790900000000000.0,8430000000000000.0,938.0,2.99e+16,920.0,0.0,964.0,986.0
90172ad51f65dc72ed69ec642f73c24a22ea116e644a60cd92fe0199e929e0e6,5,2.0,5.0,0.8,12729.4,2545.88,90172ad51f65dc72ed69ec642f73c24a22ea116e644a60cd92fe0199e929e0e6,4639701.0,SP,558368000000000.0,509518000000000.0,212.0,1.06e+16,710.0,503.0,842.0,979.0
9019bf358d5eecf8dd1e04362806b7935544a755e05a607cb929524492561430,1,0.0,0.0,0.0,786.83,786.83,,,,,,,,,,,
90289a472b71e452c1d1760db814c9e30f08559295adcca97cedc20eb3f6b272,2,0.0,0.0,0.0,218493.61000000002,109246.80500000001,90289a472b71e452c1d1760db814c9e30f08559295adcca97cedc20eb3f6b272,4639701.0,PR,9690000000000000.0,9440000000000000.0,945.0,2.17e+16,970.0,1678.0,980.0,989.0
902d70704df9782a74fec180f2db0ff54473480acaffc2e1d183b971409e5561,1,0.0,0.0,0.0,526.14,526.14,,,,,,,,,,,
9053a0ca335481de72de6cb636f2c626af59b1e81968249ef6b9fa40aff44099,1,0.0,0.0,0.0,288.95,288.95,9053a0ca335481de72de6cb636f2c626af59b1e81968249ef6b9fa40aff44099,4742300.0,SC,9750000000000000.0,632888000000000.0,951.0,215800.0,950.0,0.0,983.0,989.0
90559623c61e2f1a4c33fc4be7ccc27f26b0c63ee807566b9e377651bb804bef,2,0.5,1.0,0.5,236.70999999999998,118.35499999999999,,,,,,,,,,,
906b4e59ef3f84a4807c63f4a3cd5482155fc0ef585aff82b0887aabbe41ef2b,1,0.0,0.0,0.0,214.35,214.35,906b4e59ef3f84a4807c63f4a3cd5482155fc0ef585aff82b0887aabbe41ef2b,4673700.0,SC,960265000000000.0,8370000000000000.0,959.0,2.48e+16,980.0,0.0,977.0,988.0
90702b9ba4b450875024b0ce24cf20b22c47e7df6358d85c6549b3a6977acb69,1,0.0,0.0,0.0,1548.43,1548.43,90702b9ba4b450875024b0ce24cf20b22c47e7df6358d85c6549b3a6977acb69,4754702.0,PR,7620000000000000.0,6680000000000000.0,836.0,229625.0,830.0,0.0,966.0,988.0
90858a184b42260aba66b08504f9d2c9f10622a35c6ae1b93797fc9cd668e896,2,0.5,1.0,0.5,792.52,396.26,,,,,,,,,,,
9096df14ee1e2d83fe0c92526b94e0150bfcc05a38b5291fa4c7c95b18aaa7f1,1,0.0,0.0,0.0,713.63,713.63,9096df14ee1e2d83fe0c92526b94e0150bfcc05a38b5291fa4c7c95b18aaa7f1,4754701.0,SC,8570000000000000.0,9580000000000000.0,943.0,45000.0,970.0,0.0,974.0,988.0
909728117c7b90f17474f160a1cd97329ff137d9da3386a4d629e29ac6e32078,1,1.0,1.0,1.0,49.38,49.38,,,,,,,,,,,
90a57ffe94f9f04a5a3e13052c32afaa816973315e9e332982a7174e961bb400,3,0.3333333333333333,1.0,0.3333333333333333,5232.84,1744.28,,,,,,,,,,,
90abef4a33bf38ce2a0fcd4e6829434997d536c1927a10331b150083efdafa5a,1,0.0,0.0,0.0,972.0,972.0,,,,,,,,,,,
90cbb42348822966a3120511a5b144bfd475b8318a5b7cfd4a4961e8b250b88b,2,0.0,0.0,0.0,14722.57,7361.285,90cbb42348822966a3120511a5b144bfd475b8318a5b7cfd4a4961e8b250b88b,4755502.0,PE,9630000000000000.0,2500000000000000.0,856.0,0.0,800.0,0.0,973.0,989.0
90cee099ec81a9fbcda38494f3106302888a53ce82c5b435ad6a1c14c7a73b45,1,0.0,0.0,0.0,77.32,77.32,,,,,,,,,,,
90d35ed1e16caf49da734b0dfbe8e0b12c877d5b0ad2c49b8e5faff5195730e3,1,0.0,0.0,0.0,742.29,742.29,,,,,,,,,,,
90da5faff948e0bd0386bb30c36232131e510e0364cf55a7ad8380c919421343,3,0.0,0.0,0.0,4700.4,1566.8,,,,,,,,,,,
90daac0a5c279db0b9d674cb3a79bee481f285f0df0da6d4b7018f641f545da3,1,0.0,0.0,0.0,167.48,167.48,,,,,,,,,,,
90dac4b1349cca6474b6c51bce14ee79ddbeb73f082b25a5ee76f35a2190c14b,2,0.0,0.0,0.0,8109.26,4054.63,,,,,,,,,,,
910c76f4b1aa3e71e34ae367c97c4289a02b2bf939557512f4edff6fc05c76b5,1,0.0,0.0,0.0,1306.13,1306.13,,,,,,,,,,,
91309a27e4959923f72a0081ffa8c4cbebfd23e6e33bd88cf5aa8670f082a15c,6,0.0,0.0,0.0,214150.97999999998,35691.829999999994,91309a27e4959923f72a0081ffa8c4cbebfd23e6e33bd88cf5aa8670f082a15c,1012103.0,RS,9320000000000000.0,9440000000000000.0,926.0,1.8e+16,970.0,2.0,981.0,989.0
9135140a05d32056b8e0a3fdfb106f0e4d13a15c9cfee788d8d794b05816c5fb,1,0.0,0.0,0.0,1001.57,1001.57,,,,,,,,,,,
914dbac875a24c4dd8a71e980a49030a0ed47149073b7c68b5a380dd59e106f2,1,0.0,0.0,0.0,474.31,474.31,,,,,,,,,,,
9169e7beaed13c0b6d28295dd2b270bad5f20c4d2c7fd226728948b18ed17d48,2,0.0,0.0,0.0,82379.04000000001,41189.520000000004,9169e7beaed13c0b6d28295dd2b270bad5f20c4d2c7fd226728948b18ed17d48,2330303.0,MG,8520000000000000.0,9130000000000000.0,808.0,1.6e+16,930.0,3649.0,972.0,989.0
9171d94bcd623e0aa2ac976c150ecfb1d5df9d6cf3c9547c7e7cccf29835d857,1,0.0,0.0,0.0,12368.67,12368.67,9171d94bcd623e0aa2ac976c150ecfb1d5df9d6cf3c9547c7e7cccf29835d857,1093701.0,SP,3.15e+16,1000.0,663.0,1.5e+16,830.0,32356.0,933.0,979.0
9189d5f1d4dd7af7d4c143d0b67feff97896d860c7c9644bcfb75191609b776d,5,0.4,1.0,0.4,1741.6,348.32,9189d5f1d4dd7af7d4c143d0b67feff97896d860c7c9644bcfb75191609b776d,4771701.0,SP,9850000000000000.0,1000.0,964.0,2.18e+16,980.0,351.0,983.0,989.0
91af2445dcd87c7b10b649e5c25c993730156856b743ff05ea117a3d143ae8c4,1,6.0,6.0,1.0,1612.8,1612.8,,,,,,,,,,,
91bd0cdbcd93d22625e8b5ed704d06a77cd222d7feb404f6106f2e05e4fbd63e,1,0.0,0.0,0.0,275.0,275.0,91bd0cdbcd93d22625e8b5ed704d06a77cd222d7feb404f6106f2e05e4fbd63e,4731800.0,SP,8540000000000000.0,8470000000000000.0,687.0,129000.0,900.0,1842.0,956.0,987.0
91dc3c6b3749e670d7500404c8dfa5d71b8c342649ddd621d43cdca5f15515df,1,0.0,0.0,0.0,302.33,302.33,,,,,,,,,,,
9225e2b1f7bd3d86b11330aa27b8b8cc15be5b99dbe799b629ac818c02f2a851,1,1.0,1.0,1.0,89.63,89.63,,,,,,,,,,,
922d54f6fd816a8fa0a15f1986458bee4cef4812c114f610f24899f531c13c04,1,0.0,0.0,0.0,9968.53,9968.53,,,,,,,,,,,
9234dbd1bcac82e29c40d08b4597200f16b20239693882171bf6f0f9335a796b,1,0.0,0.0,0.0,3085.03,3085.03,,,,,,,,,,,
92404ef60253d554456a5b48c1329da2e162bd968144d7c53942306e926d7169,1,0.0,0.0,0.0,2650.0,2650.0,92404ef60253d554456a5b48c1329da2e162bd968144d7c53942306e926d7169,1099699.0,SC,9930000000000000.0,934377000000000.0,920.0,9210000000000000.0,940.0,21922.0,977.0,988.0
9248bda3d22eb0b64181f4742f01a30fd4d8c6780997b676d69134bc0202e618,2,2.0,2.0,1.0,1596.54,798.27,,,,,,,,,,,
925cdfaafc62ec5453c553313fd33363f1f54f281d93d08fc78e8d747215c73e,1,0.0,0.0,0.0,64.88,64.88,,,,,,,,,,,
92924e80921a61bea8c70a9dd1472830d28d236aa48ccf57f9ecf86817f2fb60,1,0.0,0.0,0.0,1254.67,1254.67,,,,,,,,,,,
92a65b571012cd8bfe26e04a083706ec9213b20e84b3823d97cc4cc25452a098,1,0.0,0.0,0.0,555.0,555.0,,,,,,,,,,,
92c485ef1493be00438a6d267fa9a9a568ce751d4a4c2783f2652fe3b2cd7077,1,0.0,0.0,0.0,1860.0,1860.0,92c485ef1493be00438a6d267fa9a9a568ce751d4a4c2783f2652fe3b2cd7077,1621800.0,PR,6460000000000000.0,1000.0,809.0,2.34e+16,790.0,0.0,978.0,989.0
92e5a99771a474fbe1dae61746a6e8ae0196a9925f66b1f395c456bcaebefb84,1,0.0,0.0,0.0,4251.9,4251.9,92e5a99771a474fbe1dae61746a6e8ae0196a9925f66b1f395c456bcaebefb84,4711302.0,RS,9760000000000000.0,7910000000000000.0,960.0,2237578125.0,980.0,497.0,982.0,988.0
92e768f0b52020118d1d698e7b0937c38008d65e0a9069b65ad4f9f2d4ae8a17,2,0.5,1.0,0.5,20800.0,10400.0,92e768f0b52020118d1d698e7b0937c38008d65e0a9069b65ad4f9f2d4ae8a17,4639701.0,SP,8420000000000000.0,9750000000000000.0,922.0,2.19e+16,960.0,25035.0,980.0,988.0
93088a09c57fa4bd31d2e67acd39d0499769c7d8dea9c120c8e9fac50c0a3958,1,0.0,0.0,0.0,4725.04,4725.04,,,,,,,,,,,
9315694802c76805a9932bde6cbaa257aaca63fa82e36da49a5eee5f5376c934,1,2.0,2.0,1.0,150.25,150.25,9315694802c76805a9932bde6cbaa257aaca63fa82e36da49a5eee5f5376c934,4712100.0,PR,9500000000000000.0,50.0,887.0,1.36e+16,920.0,0.0,922.0,983.0
932d9ad72b361d80977e6bb667355a5090776366a0ae984bf52252f3f6f0de12,1,0.0,0.0,0.0,227.8,227.8,,,,,,,,,,,
933df01ab3b06bc6d54ecf06c0d9a4f61d3809ac42a1597a1f295ed18bc4c086,1,2.0,2.0,1.0,1016.13,1016.13,,,,,,,,,,,
9350ed7b0a220e5dd875c111cf1bcf36769ac3c2be4034b6f3e7255128cc5777,3,0.0,0.0,0.0,2795.87,931.9566666666666,,,,,,,,,,,
93665f6a58ada4922098c7423450270d0817682396a8044d22019e8a8a2985a9,1,0.0,0.0,0.0,27883.42,27883.42,,,,,,,,,,,
936805ecb10b0959f74fb46422632a3d60f358deb5f215b209eb7a021d8918ed,1,1.0,1.0,1.0,607.91,607.91,936805ecb10b0959f74fb46422632a3d60f358deb5f215b209eb7a021d8918ed,4755501.0,PE,9820000000000000.0,3420000000000000.0,963.0,221650.0,990.0,362.0,981.0,989.0
939d8e33ccd0555e649ec0201dfdfa4c47267fece7f852e498c47de8ae35a57f,1,0.0,0.0,0.0,1612.92,1612.92,939d8e33ccd0555e649ec0201dfdfa4c47267fece7f852e498c47de8ae35a57f,4649402.0,RS,9900000000000000.0,9610000000000000.0,931.0,1.67e+16,980.0,8808.0,974.0,988.0
93a8dd16299401bed346572d2722ae198ebcc9e0d18187294a1d6bdc55ed6144,1,2.0,2.0,1.0,419.78,419.78,,,,,,,,,,,
93b07c22344630ffe71bee596e48d08b17c5153c5e9e8a9c9dbca2cfc63f58f3,2,0.0,0.0,0.0,801.8,400.9,,,,,,,,,,,
93b14c96fbf21a421408a4d623cf33e3acc9d0157a5e249b28becb2327206bbc,1,0.0,0.0,0.0,431.75,431.75,,,,,,,,,,,
93bba616aec5c3b15191607c231c2893341bb7b9b6252f33b56ee694ba8909c1,1,12.0,12.0,1.0,459.63,459.63,93bba616aec5c3b15191607c231c2893341bb7b9b6252f33b56ee694ba8909c1,4761003.0,RS,9980000000000000.0,1000.0,959.0,1.28e+16,940.0,12413.0,965.0,989.0
93c8c1442fed49ff535f24ea2ea81752a2414c0263c449f241c269741f47b63b,1,0.0,0.0,0.0,517.0,517.0,,,,,,,,,,,
93cd42fa88267c6d94f25b8cb380d63955007e95624277bd62e87f6caa63cf5e,1,0.0,0.0,0.0,548.84,548.84,,,,,,,,,,,
93d267d3beebeba0f9faaafde9db58998868d10b6be82127707c3494c25100c2,1,3.0,3.0,1.0,1401.96,1401.96,,,,,,,,,,,
93d3b385316bccac12ca6c580375a4ad6fc50ea325c5365b605e3112f5696cd8,1,7.0,7.0,1.0,993.33,993.33,93d3b385316bccac12ca6c580375a4ad6fc50ea325c5365b605e3112f5696cd8,1033301.0,AL,1.87e+16,50.0,198.0,7830000000000000.0,590.0,10473.0,40.0,771.0
93d7674c18bedf45e3afb4d4ce6cb67094a2b3b9e316606e178e4eb0c98f0b08,2,2.5,5.0,0.5,1079.31,539.655,,,,,,,,,,,
93e0c3768a3a60ecf4c98ffde63a1afd8c7ad02f6336f9089cabc3a03d2b7319,1,0.0,0.0,0.0,846.93,846.93,,,,,,,,,,,
93e388a3294b587a37fc545e98ded87760bb42a78aba0e58dfb9fb4a1d84071b,1,7.0,7.0,1.0,1310.84,1310.84,93e388a3294b587a37fc545e98ded87760bb42a78aba0e58dfb9fb4a1d84071b,1412601.0,PR,5270000000000000.0,5690000000000000.0,396.0,1.79e+16,680.0,651.0,166.0,984.0
93fca5a77687c444197d193547529b7d4c58d7c06dfa0a5f66130ffadd83d5ab,1,0.0,0.0,0.0,692.08,692.08,,,,,,,,,,,
9407190c571c1d86176aab29b492ef3414029940fe7eaeb6c24dbb42d6110a1e,1,0.0,0.0,0.0,1539.0,1539.0,9407190c571c1d86176aab29b492ef3414029940fe7eaeb6c24dbb42d6110a1e,4110700.0,ES,9500000000000000.0,6470000000000000.0,877.0,9760000000000000.0,930.0,7137.0,958.0,988.0
9410aa45b78b9debf871f6f02f3a1b3648f5d171a80dcd1303464dc465b9aa0a,1,68.0,68.0,1.0,1176.39,1176.39,,,,,,,,,,,
9468fb2377dd370bbbf85a5d2d0024610fa6e2b277c04ab15626ab052a9e76cb,2,0.0,0.0,0.0,642552.86,321276.43,,,,,,,,,,,
94754311815722c543f32efb38fdb562874ca31f0e4385f2c05a513e7875675f,1,0.0,0.0,0.0,142.11,142.11,,,,,,,,,,,
948846301186753648a4ec069bf2e6081fa3822200b0bd1356cb3c3b9bbe8d20,6,0.8333333333333334,5.0,0.16666666666666666,41093.0,6848.833333333333,,,,,,,,,,,
94a68514cc0070c5441f5576e00e6a4344adbbb18283279bac6e13c339d33a6b,1,0.0,0.0,0.0,587.26,587.26,,,,,,,,,,,
94bc6a4ae186f2bba72de5f17f009c3fcda9f3a2524d4225b597a4db63ae47de,1,9.0,9.0,1.0,1304.22,1304.22,,,,,,,,,,,
9542fbddb617cb1c24799b6bb03d3ad7ddacf8341541dc4a9b78c19e956f874f,1,28.0,28.0,1.0,439.2,439.2,,,,,,,,,,,
955462ed3d50c1fa4fe4e50fa36fd9dd5368e0e5482204551bdd4691c47156db,1,0.0,0.0,0.0,3878.59,3878.59,,,,,,,,,,,
955ab28614ce02232396d3fd555e9a28d578b0035f5ab915cae9ef77941afbf9,1,0.0,0.0,0.0,1754.27,1754.27,,,,,,,,,,,
95627b26669115784aeba720a8e6e023cfcd78d4b60bf92657a01bb1f009c6b1,1,0.0,0.0,0.0,517.15,517.15,,,,,,,,,,,
9584f6e065829851e5bdedf1c83c9c44fd7a4cbb5b802c82f35b83d36f490e79,1,0.0,0.0,0.0,346.08,346.08,9584f6e065829851e5bdedf1c83c9c44fd7a4cbb5b802c82f35b83d36f490e79,4744099.0,SC,9700000000000000.0,9060000000000000.0,944.0,2.38e+16,980.0,7558.0,982.0,988.0
9592d77603cce3bf01c05d03bc720a28809e9b88b51200648ef23075ac3626db,1,0.0,0.0,0.0,18.65,18.65,,,,,,,,,,,
959c65dc954193a322007c76d5afc71d9e202bb02d9fc3621d6ef9b200266e0f,1,0.0,0.0,0.0,387.78,387.78,,,,,,,,,,,
959d3f98c0fd8b7feaf80fb7987f1f586dcdbb7450444369a9eb7c3c08171984,1,0.0,0.0,0.0,3157.98,3157.98,959d3f98c0fd8b7feaf80fb7987f1f586dcdbb7450444369a9eb7c3c08171984,4754702.0,SC,9730000000000000.0,500.0,883.0,132500.0,920.0,0.0,955.0,988.0
95ccc5cbb1df620294efc31c65bde42307f38ce103b029f6c46eb4f1024d4df1,1,0.0,0.0,0.0,45.6,45.6,,,,,,,,,,,
95da7fc9d7f6605d19afa2c780781812c8c5f8183ab74216a3c8fe73dd77c39a,1,0.0,0.0,0.0,1077.73,1077.73,,,,,,,,,,,
95dff8574d1702b1c4a39b07835ca9e4e61f135a960ad3812f8eecfef45c1aaa,1,0.0,0.0,0.0,1500.0,1500.0,95dff8574d1702b1c4a39b07835ca9e4e61f135a960ad3812f8eecfef45c1aaa,4686902.0,SP,4350000000000000.0,5670000000000000.0,844.0,6820000000000000.0,900.0,11094.0,890.0,988.0
95e9a8731d08eac50c4560a85e8a98cfab794b6a4a8c8ecc5ca8339fe3119d0f,2,1.0,2.0,0.5,808.2,404.1,95e9a8731d08eac50c4560a85e8a98cfab794b6a4a8c8ecc5ca8339fe3119d0f,4771701.0,PR,8560000000000000.0,1000.0,855.0,1.05e+16,980.0,15371.0,259.0,967.0
95eaaed880f9649ec084cde88db939ab45970ae25a6615c9a7b81417b0c8262e,1,0.0,0.0,0.0,1765.4,1765.4,,,,,,,,,,,
95efa4cb10ce242f6f3ba91dae7e5b0d9fc5b17e5be739c055e90f26869d9792,1,6.0,6.0,1.0,81.32,81.32,,,,,,,,,,,
95f49a50710bcf9c0a7358be50a599ad93e3a6beb0bf2a77c73f166c25f59d3b,2,0.0,0.0,0.0,1875.97,937.985,95f49a50710bcf9c0a7358be50a599ad93e3a6beb0bf2a77c73f166c25f59d3b,4711302.0,GO,9560000000000000.0,8230000000000000.0,934.0,2.08e+16,960.0,5309.0,978.0,989.0
9607536401d23a513703ad3014c068559a7df6462c77b8ab78ed4beee2316513,1,0.0,0.0,0.0,10407.6,10407.6,,,,,,,,,,,
96140951a7aa467bf3da3081b5601867ca357c66aa456214e6b73d33142e8808,1,0.0,0.0,0.0,1055.0,1055.0,96140951a7aa467bf3da3081b5601867ca357c66aa456214e6b73d33142e8808,4761003.0,SC,9900000000000000.0,9970000000000000.0,780.0,2.11e+16,900.0,0.0,935.0,988.0
961960e79fc1494c8d6181f545c723d9bafeef0ef0f808e9d3fcf9062c5068ed,1,0.0,0.0,0.0,252.48,252.48,961960e79fc1494c8d6181f545c723d9bafeef0ef0f808e9d3fcf9062c5068ed,7500100.0,MS,7430000000000000.0,1000.0,717.0,2.09e+16,910.0,3167.0,940.0,988.0
961a065186aedee5dc8b07bc96672971b08e1850f3ac6dfa985141132d5b4809,1,2.0,2.0,1.0,860.35,860.35,,,,,,,,,,,
9621d89ca64cb4e333e568d16048297343d4242cd1a918a3b91b31766f133db4,1,0.0,0.0,0.0,477.8,477.8,,,,,,,,,,,
96238378cdb79cd57452acd6f44f7cb1d104f4ade96a63c4ab97c1a30500656d,2,1.0,2.0,0.5,1348.8,674.4,,,,,,,,,,,
962562fa4ecf56a33dd9b88a0e94069ef6a16fb408907eacda95bbdb2537ab90,1,0.0,0.0,0.0,5427.82,5427.82,,,,,,,,,,,
96294c03c2ed8a3988fdd26c81e126354b10e4518777c5eeb53f1e587db452b8,1,4.0,4.0,1.0,93.26,93.26,,,,,,,,,,,
964c7453bc903328d34837eef1f6d722ffeea4d59607bf06d380984f54623e71,1,1.0,1.0,1.0,437.0,437.0,,,,,,,,,,,
965630aee5567c962dfd531e04eb8dc4598ec3e8a0f618ed97c6cd13eb5919e3,1,0.0,0.0,0.0,1913.71,1913.71,,,,,,,,,,,
966d083c44f7d5f84e55f5b765819650effe58e68301f6f56b9024bae381cdc9,1,23.0,23.0,1.0,193.5,193.5,,,,,,,,,,,
96796e3f6ccb0d021e2fbff5010fe77c2359e553d07ef660e9ab8a3f29a39e3b,1,0.0,0.0,0.0,143.28,143.28,,,,,,,,,,,
967a88d59d14ccfdf772cee9f38e147b0849f546898b5098346654c6a4937e67,1,0.0,0.0,0.0,128.8,128.8,967a88d59d14ccfdf772cee9f38e147b0849f546898b5098346654c6a4937e67,4771701.0,PR,9820000000000000.0,7860000000000000.0,963.0,200725.0,990.0,4239.0,979.0,988.0
968968f93687c816f3a7fd0498027762555ffa7a1805a8181a2f1c377892448b,1,1.0,1.0,1.0,419.62,419.62,968968f93687c816f3a7fd0498027762555ffa7a1805a8181a2f1c377892448b,4789099.0,MG,8280000000000000.0,9370000000000000.0,909.0,82800.0,870.0,5801.0,931.0,988.0
96b5fedb2556aa1b24ecd93a5df50980d72b7e890fbda813682d7f159a7227e8,1,0.0,0.0,0.0,975.52,975.52,,,,,,,,,,,
96c24651ef0263a0206a4342fd1144b95743989ae2649d3a37bee776fe71af09,10,0.1,1.0,0.1,246985.43,24698.542999999998,96c24651ef0263a0206a4342fd1144b95743989ae2649d3a37bee776fe71af09,4637199.0,SP,8950000000000000.0,9110000000000000.0,908.0,1.99e+16,940.0,391.0,980.0,988.0
96eb5ca38b3e5c47c01ef61c4cdf7158e98d577252447c40590492dbf88503f8,4,2.75,6.0,0.5,77864.94,19466.235,96eb5ca38b3e5c47c01ef61c4cdf7158e98d577252447c40590492dbf88503f8,2451200.0,SP,9560000000000000.0,9610000000000000.0,957.0,2.34e+16,980.0,203.0,980.0,989.0
9707c99af6ca1d9f6084136e52ff9355c71b4b0c2575cd4c141280df74a91052,1,0.0,0.0,0.0,2800.82,2800.82,,,,,,,,,,,
972a5542b55eeddc8767d84c812ce60cf8f272bff7378a593cc196aebec52230,1,0.0,0.0,0.0,208529.56,208529.56,,,,,,,,,,,
97426934a33b5aa835ed54db7444f70552fb24b4956c06b533cd36f264559360,1,0.0,0.0,0.0,31052.28,31052.28,,,,,,,,,,,
9764867c2bb8d46edbc72efda2f8136e7137564b8c596e29d137418b942cb012,1,0.0,0.0,0.0,3444.54,3444.54,9764867c2bb8d46edbc72efda2f8136e7137564b8c596e29d137418b942cb012,6110803.0,TO,9970000000000000.0,7600000000000000.0,950.0,186000.0,970.0,0.0,984.0,988.0
976fc4a69fd7e84337c5c915df0cec01a24b17959beb0ce8e7380041cea7cad2,1,1.0,1.0,1.0,531.43,531.43,,,,,,,,,,,
9775632c44a4a2f1b8c805c5b99d2c573f4c0a3ef1342822fb5f47669af01fe7,1,0.0,0.0,0.0,148.34,148.34,,,,,,,,,,,
978f227d22277be44e853ab995c9dc1d5dd8bc98cd3444a8b4851a8b0b2b2df2,1,0.0,0.0,0.0,196688.0,196688.0,,,,,,,,,,,
97b5a3a5fc02775940ad3586dce950349221b89dbbdd7a81d54e7ed41bb274e9,1,13.0,13.0,1.0,368000.0,368000.0,,,,,,,,,,,
980667f9103797510dc7fb2373771252d5a4cefa8bfe9a6193ddb554d55f6068,1,5.0,5.0,1.0,90.44,90.44,980667f9103797510dc7fb2373771252d5a4cefa8bfe9a6193ddb554d55f6068,4771701.0,PR,7300000000000000.0,1000.0,841.0,1.55e+16,910.0,1998.0,216.0,976.0
98401649ca93b865d62376d74a90a113b0c6a1aacead588dc931a540b7ff91b5,1,14.0,14.0,1.0,609.8,609.8,98401649ca93b865d62376d74a90a113b0c6a1aacead588dc931a540b7ff91b5,4781400.0,SC,5.87e+16,6860000000000000.0,149.0,1.44e+16,880.0,4031.0,48.0,452.0
9860f300cf0ec2e97a6db8857a1d1394df42ce941a9547ee41d717b5a265c353,3,0.0,0.0,0.0,3364.77,1121.59,,,,,,,,,,,
9863a58aada5422d339b20da7e6c81a7c51a427f62c74ad26c96e6c6067bbdd0,1,3.0,3.0,1.0,317.1,317.1,,,,,,,,,,,
98a69d4e050af13cb55d90ada3bf8051743c925353745c79df6d1bbcfc901ade,1,0.0,0.0,0.0,306.09,306.09,,,,,,,,,,,
98d05b7807a9017ba833ccc3690857852d54c95e8184f4589f87b8823a5749a6,1,0.0,0.0,0.0,688.3,688.3,,,,,,,,,,,
98d99b09a833e668afb2b0ccc53ddf75ab9aa54bfec89070fc20050b81cf9ab5,1,0.0,0.0,0.0,5616.71,5616.71,98d99b09a833e668afb2b0ccc53ddf75ab9aa54bfec89070fc20050b81cf9ab5,4772500.0,TO,8810000000000000.0,6120000000000000.0,213.0,1.59e+16,680.0,72252.0,562.0,983.0
98d9fdfee64faa4bdbc7fa7ae43b8c59722a2c815bb8efef78de2561afe1dfb4,1,0.0,0.0,0.0,332.93,332.93,,,,,,,,,,,
98dc34430f09b95e660cc6ef8a2b72a2536463169d90c211c00e4d4f3f2a011b,1,2.0,2.0,1.0,3282.54,3282.54,,,,,,,,,,,
9901705403e59d16c713bc4b71fc7d9dd0638160697b6a26df6e8519ff4b1569,1,0.0,0.0,0.0,1325.23,1325.23,,,,,,,,,,,
9935e0d2f2b19350f2cc32a6552d00f8fca8bd35bbd6f851805e7e15a6c14e88,1,0.0,0.0,0.0,3354.03,3354.03,,,,,,,,,,,
9974da00b0e6d5a6d988a68e4db4a6bd309fc7d3aef880abc9c4cdfa1acf7a0a,1,0.0,0.0,0.0,7627.5,7627.5,9974da00b0e6d5a6d988a68e4db4a6bd309fc7d3aef880abc9c4cdfa1acf7a0a,4789099.0,DF,8380000000000000.0,9100000000000000.0,683.0,7530000000000000.0,650.0,0.0,867.0,986.0
9981278bbc02d41bf7fa75d1a4bc7bfd8f7b6eca4027b96d00c943668172f4a8,1,0.0,0.0,0.0,734.25,734.25,,,,,,,,,,,
9982b91d6f6b89d2ef9d299822bf9430de2ebbcd1de72470375c360437dfe203,1,0.0,0.0,0.0,606.41,606.41,,,,,,,,,,,
998d9d40c035e2068d6ef95f1837f679eb28748d66dc182b1112cf4cb2c190fc,1,0.0,0.0,0.0,505.26,505.26,,,,,,,,,,,
9993ae63d1b58c48a2c0092cfda28e5f1abcc666739bcff648595410274861af,2,0.0,0.0,0.0,29027.67,14513.835,9993ae63d1b58c48a2c0092cfda28e5f1abcc666739bcff648595410274861af,3299005.0,RN,8040000000000000.0,8710000000000000.0,926.0,2.49e+16,930.0,269.0,977.0,989.0
99a6e613491e6a21ae6f6b8d3c088ffa0d1c4b4cef7f1ce5768cf7be5d08902f,1,0.0,0.0,0.0,196.35,196.35,,,,,,,,,,,
99be408a9826f207d822cc284907e90207c6b86bc65b6260de1b036c83bccf8e,1,0.0,0.0,0.0,3612.8,3612.8,99be408a9826f207d822cc284907e90207c6b86bc65b6260de1b036c83bccf8e,4731800.0,PR,9340000000000000.0,5470000000000000.0,844.0,198000.0,910.0,0.0,956.0,987.0
99ca53d350443a0ae516ab727651517088bebff7d1ce8d78048f41bd13a6cf91,1,0.0,0.0,0.0,132.24,132.24,,,,,,,,,,,
99d30087fd016c04d979f1b7b75f6b986450eddeb1787c1325b37c51c3c26b54,2,1.0,2.0,0.5,344.79999999999995,172.39999999999998,,,,,,,,,,,
99ec60e5187fda232064e72da338f8dc728dc8d89670e8f17d172ad397132b5a,5,0.4,2.0,0.2,50385.5,10077.1,99ec60e5187fda232064e72da338f8dc728dc8d89670e8f17d172ad397132b5a,2071100.0,SP,944300000000000.0,81519700000000.0,950.0,2.27e+16,970.0,642.0,982.0,989.0
9a020d5937a2e7bca4cd46935c761485514c72d3aa7f8986e60a88589f3bb893,1,0.0,0.0,0.0,382.05,382.05,,,,,,,,,,,
9a0bb8eb16430b04ada644974318f5de5a17e6306b9d87bdfcd1fa8fcd493d5c,1,1.0,1.0,1.0,1923.18,1923.18,,,,,,,,,,,
9a31e04178c2961df0b5f1b6b6fdf3139c66b013753e900f6a51ebce41bb3c36,1,0.0,0.0,0.0,1580.0,1580.0,9a31e04178c2961df0b5f1b6b6fdf3139c66b013753e900f6a51ebce41bb3c36,8112500.0,PE,9290000000000000.0,9690000000000000.0,870.0,1.47e+16,930.0,0.0,964.0,988.0
9a3c43623862b54a10da091d2f0fcc93eff62df6b7fbd322af53af25bd4de568,4,0.75,2.0,0.5,83751.62,20937.905,9a3c43623862b54a10da091d2f0fcc93eff62df6b7fbd322af53af25bd4de568,2814301.0,SC,9620000000000000.0,9480000000000000.0,953.0,1.98e+16,950.0,5167.0,979.0,989.0
9a612f3d7368dad85f205c5f94930666ab43f43d6faea487db60e4a578bbbe15,1,5.0,5.0,1.0,16496.0,16496.0,9a612f3d7368dad85f205c5f94930666ab43f43d6faea487db60e4a578bbbe15,4930202.0,MG,7000000000000000.0,5530000000000000.0,836.0,147200.0,920.0,3181.0,974.0,989.0
9a67441a994cb91bcb3be3f0c31953fca9f297ee823f634eaacbed3ae61e5e0d,4,0.0,0.0,0.0,48393.990000000005,12098.497500000001,,,,,,,,,,,
9a81553d299fe54cf3e0151cea555472d12d37414c1600987656c6ce2eef52f7,156,0.0,0.0,0.0,1950437.91,12502.807115384614,9a81553d299fe54cf3e0151cea555472d12d37414c1600987656c6ce2eef52f7,2722801.0,RS,3620000000000000.0,2.89e+16,185.0,1.37e+16,700.0,6753.0,155.0,984.0
9aca2a46dc61685e219acb7cdf8a325ccf2a2212f83ee76f102621b17d63eb60,1,0.0,0.0,0.0,512.19,512.19,9aca2a46dc61685e219acb7cdf8a325ccf2a2212f83ee76f102621b17d63eb60,4771701.0,PR,9570000000000000.0,9040000000000000.0,937.0,2343125.0,980.0,14298.0,963.0,989.0
9acad1e8e9a45c44e9b869ad73bcb00c4f710f27bbd5252d016c864512f7e551,1,2.0,2.0,1.0,102506.66,102506.66,9acad1e8e9a45c44e9b869ad73bcb00c4f710f27bbd5252d016c864512f7e551,1621800.0,PR,7860000000000000.0,957174000000000.0,605.0,1.08e+16,800.0,9537.0,956.0,988.0
9ad3e19d456729389e4021b1af0e80739a81331403430b4d3cc8e8e453c3db77,1,0.0,0.0,0.0,678.6,678.6,9ad3e19d456729389e4021b1af0e80739a81331403430b4d3cc8e8e453c3db77,4639701.0,RS,9120000000000000.0,9350000000000000.0,911.0,2.27e+16,960.0,0.0,956.0,986.0
9ad900ed0f6f36143d9e3e553490ed9d37b19db515d89babf657a696f880679a,1,3.0,3.0,1.0,1800.31,1800.31,9ad900ed0f6f36143d9e3e553490ed9d37b19db515d89babf657a696f880679a,1412601.0,PI,3.15e+16,5750000000000000.0,453.0,80200.0,650.0,42709.0,434.0,947.0
9af5cde183b7e64c37eff5305b8ade23477de1456ab5f6de25a8eb7b7f2d5297,1,0.0,0.0,0.0,335.41,335.41,9af5cde183b7e64c37eff5305b8ade23477de1456ab5f6de25a8eb7b7f2d5297,4742300.0,SC,9830000000000000.0,1000.0,958.0,2.18e+16,950.0,4375.0,981.0,988.0
9afef0d5296637a374846803dda590f48a44f0e0d28335ee4a9d242d1b00c25b,1,0.0,0.0,0.0,376.43,376.43,,,,,,,,,,,
9b058b3e70e24c75538979ff3747ff9093d72c661c83d35f2b5b46e15052b90c,1,0.0,0.0,0.0,291.47,291.47,9b058b3e70e24c75538979ff3747ff9093d72c661c83d35f2b5b46e15052b90c,4744005.0,SC,929384000000000.0,8930000000000000.0,963.0,2.32e+16,980.0,0.0,978.0,989.0
9b281f2335006e910114b0b3c1632a7963cb72754d383efcebf93cd3fb351f07,1,0.0,0.0,0.0,77.18,77.18,,,,,,,,,,,
9b2c37a64adbdf9ffa95635011224f47204a58642be8e6c328b721304a14dad2,1,0.0,0.0,0.0,5635.0,5635.0,,,,,,,,,,,
9b52db14dc5baf2f1270bf414eb12829703fc8820e131868f8829b7c67f22f4d,152,0.39473684210526316,28.0,0.02631578947368421,350939.22000000003,2308.8106578947372,,,,,,,,,,,
9b5776a071e383bc3da1d83a9b148f56f16550645f8e0614d6261c7668e1640e,3,0.0,0.0,0.0,1013.82,337.94,9b5776a071e383bc3da1d83a9b148f56f16550645f8e0614d6261c7668e1640e,4771701.0,MG,8680000000000000.0,2.8e+16,957.0,2.44e+16,980.0,0.0,979.0,988.0
9b61e3df4150eaffecf90c1b27344cd1eaf249ab0132aa518f1e76f97d166958,6,1.5,4.0,0.5,3111.1099999999997,518.5183333333333,,,,,,,,,,,
9b6e114ef66056971d6686bd4c456fbcb5303a347eb717eeb1c0523f3657ccf7,1,0.0,0.0,0.0,468.26,468.26,,,,,,,,,,,
9b895fac27070b0c934d3a5a8cc3fcf56828c1bb10c0248b0b15aa325436df4f,1,0.0,0.0,0.0,988.43,988.43,,,,,,,,,,,
9b901fbc7522e52c8c3c50d91b484815f1aeba0d6f84ae4ba649ae7b0a4476e4,6,0.16666666666666666,1.0,0.16666666666666666,2532.29,422.04833333333335,,,,,,,,,,,
9b9589c5aca009cc77d731298e02fee04a0a6ad4826cc753c4cedaf4e8a81f09,1,188.0,188.0,1.0,1820.0,1820.0,,,,,,,,,,,
9bac83ef296c3e7a31955569ce06c1dcc18963cd338224eb977354badae1afa2,1,1.0,1.0,1.0,1833.33,1833.33,9bac83ef296c3e7a31955569ce06c1dcc18963cd338224eb977354badae1afa2,7733100.0,RJ,1000.0,7920000000000000.0,756.0,101000.0,760.0,0.0,881.0,985.0
9bada23a4f5f8aea06881b2cd11ab5d3faf649e45cc77bd8a7d31df99d4e9a4d,2,0.0,0.0,0.0,5230.17,2615.085,9bada23a4f5f8aea06881b2cd11ab5d3faf649e45cc77bd8a7d31df99d4e9a4d,6810201.0,SP,7870000000000000.0,50.0,943.0,1.78e+16,930.0,3342.0,972.0,988.0
9baeb2f103f92303ac0abc5b5c44453ddd5395614a7c2ca8aa23e24333692d34,1,1.0,1.0,1.0,50.77,50.77,,,,,,,,,,,
9bd447cc50f3943a12e185304f1eef57935711f8fdd1eb0b91066f94e5a6c90f,1,7.0,7.0,1.0,204.55,204.55,,,,,,,,,,,
9bea1134d225ec591932c7893eef0fff566ab7f8a41d1534c6fa0d7f5ae1adc7,1,0.0,0.0,0.0,546.33,546.33,,,,,,,,,,,
9bf0d232ba61f7e9874ab5fcfbcebbc8b10b26a87c4ffb25bee4d641045e77a5,1,0.0,0.0,0.0,183.54,183.54,,,,,,,,,,,
9c06a585d9f9cfbd3d0f02ef8f310105b9b100230734c35c1eb21e56910c4290,1,8.0,8.0,1.0,228.9,228.9,,,,,,,,,,,
9c2503e1612d444af8d123b54fb6b06b1f03c5fe4ab2eeee86f76deab5ee079b,2,1.0,2.0,0.5,1911.05,955.525,,,,,,,,,,,
9c33021459e8ab15475a717644ce1b1f6334c75b4487ba08ea78d0f2158a9a01,3,1.0,2.0,0.6666666666666666,55405.29,18468.43,9c33021459e8ab15475a717644ce1b1f6334c75b4487ba08ea78d0f2158a9a01,1095300.0,SP,9740000000000000.0,663069000000000.0,955.0,2.52e+16,930.0,0.0,972.0,989.0
9c450a75a6d61a540663848a7ef9a6ff3b4b9536e6a82a9b4b7a9cf513de6eca,1,0.0,0.0,0.0,8164.04,8164.04,,,,,,,,,,,
9c4511420529be4eca711367c028f10ec3576e0d5c3c9e68294222b1a809b775,1,0.0,0.0,0.0,1791.4,1791.4,,,,,,,,,,,
9c59b92571a789c018dae3ee8c4d08fdeaf0fb44cc808088c28555a8b4a7226c,1,0.0,0.0,0.0,7054.6,7054.6,,,,,,,,,,,
9c702fcb134736e0d716216b0384b6a4bc41761cb124eec10f607eb6f093cdab,1,0.0,0.0,0.0,1666.6,1666.6,,,,,,,,,,,
9c8fedf52d2c9b265cdedbbaee63e3aa85ff006994b8d0d1ceb21617051c5b43,1,0.0,0.0,0.0,301.56,301.56,,,,,,,,,,,
9c9d24cd3bb1a491d6aa09c1513cf65577b80672981b3d15aed3f3ea1c0f6969,7,0.0,0.0,0.0,1194032.1,170576.0142857143,,,,,,,,,,,
9c9f0e75b7de78cb71f31f62fc861cf3763c4bbea45230017dbb45841399db2d,1,62.0,62.0,1.0,898.96,898.96,,,,,,,,,,,
9cac7e41a3c268e2ecfe3fa0e3199bfbf2bce35d79852bc2dd2424c0e84a1a26,1,1.0,1.0,1.0,237.4,237.4,,,,,,,,,,,
9ccd0a22a781f3d06771c37d4231a0d63f54ff25e743bc63cf9a5fb8e143430a,1,0.0,0.0,0.0,8525.88,8525.88,,,,,,,,,,,
9cd0785730b4ae1369843c1882e8908045b8b91be44711c94cabb5009e6e34ae,1,0.0,0.0,0.0,2122.49,2122.49,,,,,,,,,,,
9cd54c1cd26d329ce09c6568ac16dbafe5e370f02b65307098ec48568bf85728,1,0.0,0.0,0.0,80.31,80.31,,,,,,,,,,,
9ce46791a81cf9a7ef774a2fa9eca82505c0da0cc0cb1ce2f7214c200f8fc9d5,1,0.0,0.0,0.0,389.16,389.16,,,,,,,,,,,
9cf2dc082f4662d42c08719d28ac7d27bcd740c97d5945381b84d3c957290061,1,0.0,0.0,0.0,20278.63,20278.63,9cf2dc082f4662d42c08719d28ac7d27bcd740c97d5945381b84d3c957290061,7020400.0,MG,9620000000000000.0,8720000000000000.0,909.0,191000.0,880.0,0.0,970.0,989.0
9cfb90739cc07da8c5f7f0ac7ae7128cdea15c92bd6d26c62e346a46fcaf6b4c,1,4.0,4.0,1.0,151.86,151.86,,,,,,,,,,,
9d093e1766143f39051ea312baa4275083ddfd7751e4f07bc13d0f67916bdffb,1,2.0,2.0,1.0,970.18,970.18,,,,,,,,,,,
9d117d9d73e8ab3596989612ab35b3c3318ba8eb42493ee04383f34289b138f5,1,0.0,0.0,0.0,1029.51,1029.51,9d117d9d73e8ab3596989612ab35b3c3318ba8eb42493ee04383f34289b138f5,4530705.0,GO,50.0,7770000000000000.0,137.0,6850000000000000.0,730.0,39858.0,76.0,878.0
9d3b975c69eef7d6338d700ae0f433fa2480d6c5fad828407c4932740606d4b9,1,0.0,0.0,0.0,722.4,722.4,9d3b975c69eef7d6338d700ae0f433fa2480d6c5fad828407c4932740606d4b9,4729699.0,SP,7730000000000000.0,1000.0,750.0,152800.0,890.0,3797.0,927.0,989.0
9d3daa5bd5799c986c3bbe4bc981fb8acfa97fb435c4fe58c9a964fff4bd9d17,1,0.0,0.0,0.0,146.24,146.24,9d3daa5bd5799c986c3bbe4bc981fb8acfa97fb435c4fe58c9a964fff4bd9d17,4771701.0,SC,9950000000000000.0,1000.0,904.0,2.42e+16,980.0,1191.0,958.0,988.0
9d421bce5f8705503bc8f2f2c79fa366ab4a69929e12f461fcfe3166671f9b98,1,0.0,0.0,0.0,934.77,934.77,,,,,,,,,,,
9d4318016d961700ff25918339bcadf07e16e731972647282595d8acdc95d8e8,1,0.0,0.0,0.0,3807.3,3807.3,9d4318016d961700ff25918339bcadf07e16e731972647282595d8acdc95d8e8,4691500.0,RO,9650000000000000.0,8780000000000000.0,950.0,211425.0,950.0,25838.0,980.0,988.0
9d4b868784f8b601337b41a0880c0d31995c0538e1bd88b9ca76ae250f2f0af5,1,4.0,4.0,1.0,4622.0,4622.0,,,,,,,,,,,
9d70f54ba26524d26131e3d82ee725f078cfe8a2271c418bfa4de8a52a5c61b0,1,0.0,0.0,0.0,2825.37,2825.37,,,,,,,,,,,
9d896f7e67ed189e64bd8caaf3bc1d5e927b892f52fb292783169994e33561e8,1,0.0,0.0,0.0,845.72,845.72,,,,,,,,,,,
9d8cec16847e4022175abc0930bece5a875ca6cfd13a1e319b09b80addb8c01a,1,0.0,0.0,0.0,763.58,763.58,,,,,,,,,,,
9dc1f0b7bd98b4456f98c15a54125b12f02420e28572fc89820a56d7d7a93d8a,2,0.0,0.0,0.0,1413.33,706.665,9dc1f0b7bd98b4456f98c15a54125b12f02420e28572fc89820a56d7d7a93d8a,4649499.0,MG,9390000000000000.0,9090000000000000.0,958.0,2.04e+16,980.0,6044.0,982.0,989.0
9ddc6155197cb39590e8abe5e112f8300464ae3bd8c3d521567c169837fccaf5,2,0.0,0.0,0.0,370.21000000000004,185.10500000000002,,,,,,,,,,,
9ddf7d1ac3835325bb623d15560f8c79fe65c9615922b48e0a5c182e3cce5eaf,1,0.0,0.0,0.0,24975.0,24975.0,9ddf7d1ac3835325bb623d15560f8c79fe65c9615922b48e0a5c182e3cce5eaf,2733300.0,SP,8780000000000000.0,9050000000000000.0,957.0,2.08e+16,970.0,0.0,979.0,988.0
9de1038143138273d15530b01e2095ed8a0a22b7b47e4a4ffc172b695be4a0a2,1,0.0,0.0,0.0,2723.55,2723.55,,,,,,,,,,,
9de3cfb70b641a97c49e089f1f6777d34e2d6b2e8e341da02f3c4c9effc45c7e,1,2.0,2.0,1.0,583.4,583.4,,,,,,,,,,,
9dfbb074e9976b2505e31603052c5171675f373b805a63496699335b457c41d4,2,0.5,1.0,0.5,1014.26,507.13,,,,,,,,,,,
9e051640c274223d6efc31a5cab79bb3a9d1c6a34e585f8b8608a17f7dbd7ebc,2,0.0,0.0,0.0,569500.0,284750.0,,,,,,,,,,,
9e2a6f01d5a0537f2c7d247dceef2ffad5b43cbb1a362ccbd1300c4d8c763ee2,1,9.0,9.0,1.0,442.65,442.65,,,,,,,,,,,
9e3b8c336ea0cb73a7d100a2bfa8b827b5213ef745cbed837d265b89d4f7730b,1,0.0,0.0,0.0,88.97,88.97,,,,,,,,,,,
9e5c0b5e9626ef685e32774671f4b56530ca7aec32ce52909e05bb2a7064dfac,1,0.0,0.0,0.0,47188.19,47188.19,9e5c0b5e9626ef685e32774671f4b56530ca7aec32ce52909e05bb2a7064dfac,1052000.0,RS,9420000000000000.0,8800000000000000.0,961.0,2.54e+16,940.0,11623.0,980.0,989.0
9eb881c7ec6ee9c01c1256ed0bf22a1b793527dff3a3c29d3235f9ef29cb5e9f,1,0.0,0.0,0.0,3541.78,3541.78,9eb881c7ec6ee9c01c1256ed0bf22a1b793527dff3a3c29d3235f9ef29cb5e9f,2511000.0,MT,5050000000000000.0,6140000000000000.0,605.0,7880000000000000.0,720.0,6095.0,942.0,986.0
9ed2b3e1f6d09dd921f5bc1c20b2abc63dbcb29bd6596a0bbf502a4ba0aacf0f,1,0.0,0.0,0.0,105.36,105.36,,,,,,,,,,,
9f000ab3e9d5d6903b617fca71f7448bf466097b73d48f8a218ab47a5bae0d4d,1,0.0,0.0,0.0,2838.77,2838.77,,,,,,,,,,,
9f2bc65203e1b9fea634969a7aa3bd9dd41045a5d6fc53929c98fe29bed1e679,1,0.0,0.0,0.0,52616.85,52616.85,,,,,,,,,,,
9f30fae6c9f75b287c0eee784d9d820f98507ee0f0010b484a3c55c6aa7541b8,1,0.0,0.0,0.0,210.03,210.03,,,,,,,,,,,
9f34829e01be8267ed727ce4119d94460b8bf0b090ec8e4e751ca00e7374d25a,52,0.0,0.0,0.0,193719.51,3725.3751923076925,9f34829e01be8267ed727ce4119d94460b8bf0b090ec8e4e751ca00e7374d25a,4530701.0,SP,9670000000000000.0,9870000000000000.0,965.0,2.06e+16,970.0,6959.0,984.0,989.0
9f3f1d03663345015cc041723561363816ed28f9edc32b4f4c2959caf6a8fafe,1,0.0,0.0,0.0,1838.92,1838.92,9f3f1d03663345015cc041723561363816ed28f9edc32b4f4c2959caf6a8fafe,4665600.0,RJ,9560000000000000.0,5280000000000000.0,702.0,5.73e+16,890.0,1252.0,971.0,985.0
9f494305596854ac6d9bc623ad24924f45b3a920b76a17ae59b874659a1413bb,4,0.0,0.0,0.0,1306.65,326.6625,9f494305596854ac6d9bc623ad24924f45b3a920b76a17ae59b874659a1413bb,4744005.0,SP,9500000000000000.0,1000.0,933.0,1.76e+16,970.0,10335.0,983.0,987.0
9f6e8600ef24c07f71c8e47a0541969f7705b4629bf2af6e3552793e16118c04,1,1.0,1.0,1.0,301.54,301.54,9f6e8600ef24c07f71c8e47a0541969f7705b4629bf2af6e3552793e16118c04,4761003.0,MG,9890000000000000.0,1000.0,958.0,197540.0,980.0,2492.0,983.0,989.0
9f8479fd0ae66de70d1759eea73813e5232ad31b30b70daadd02668ffbb3829a,2,0.0,0.0,0.0,415.42,207.71,,,,,,,,,,,
9fad2593783c82ba32f83a5521e4698169e034c737015f5941da3e211679ec84,1,0.0,0.0,0.0,6422.48,6422.48,,,,,,,,,,,
9ff611588205957772035e2103ef6d38d68169b8f00bdb55a33dd17ceec81a1b,1,0.0,0.0,0.0,179.57,179.57,,,,,,,,,,,
9ff62ccf8036e42514052a3e688064d5d7546d44952492725acc03596a57eab0,1,0.0,0.0,0.0,3009.8,3009.8,9ff62ccf8036e42514052a3e688064d5d7546d44952492725acc03596a57eab0,4711302.0,DF,9250000000000000.0,1000.0,941.0,1.62e+16,950.0,4398.0,980.0,989.0
a02097442841529ba199a2d72506075526d2bb57254bad99d3f9897b88553c03,2,0.0,0.0,0.0,254.43,127.215,,,,,,,,,,,
a0291cf73cfc668fc32ab3b5a0bf99c3634ce6e77b092874d4f0ab7ba9f48bee,1,0.0,0.0,0.0,1795.85,1795.85,a0291cf73cfc668fc32ab3b5a0bf99c3634ce6e77b092874d4f0ab7ba9f48bee,4639702.0,SP,8990000000000000.0,7970000000000000.0,922.0,174625.0,940.0,7052.0,982.0,989.0
a0496c05e46b2a5ced9f50fbf907a8dcad812cdba6b1ef89d779aa152a5a28c7,1,0.0,0.0,0.0,3877.6,3877.6,,,,,,,,,,,
a07b23cf5bc3fffcf22244358662724bc2cb5237c201ccad7601b8331bad8636,1,1.0,1.0,1.0,585.37,585.37,a07b23cf5bc3fffcf22244358662724bc2cb5237c201ccad7601b8331bad8636,1412601.0,MG,9750000000000000.0,8830000000000000.0,954.0,230500.0,930.0,2063.0,982.0,989.0
a0a8242b315a97d0db09b7a30478ce10816e0ee1d9c940baf59330793840375a,2,0.0,0.0,0.0,475.07000000000005,237.53500000000003,a0a8242b315a97d0db09b7a30478ce10816e0ee1d9c940baf59330793840375a,4771701.0,PR,9140000000000000.0,1000.0,951.0,2.09e+16,980.0,451.0,979.0,988.0
a0b31f39dfd0e252638e489da35392783c90e511fd43d26ca0975d57f33c6520,2,0.5,1.0,0.5,1851.0100000000002,925.5050000000001,,,,,,,,,,,
a0c855ae57d398921e950d8b5a240b2996cc281c9053302183e597a5422d0993,1,0.0,0.0,0.0,358.66,358.66,,,,,,,,,,,
a0d4e72d8fcd60531c78e52e3dea329b89f618f46898444591ff149af33663e9,1,11.0,11.0,1.0,100.29,100.29,,,,,,,,,,,
a11ca6f94c52814cc1804e6807fa0774b4f1454a6d7cf8277aa1aff4bf8840f0,3,0.0,0.0,0.0,2224.8900000000003,741.6300000000001,,,,,,,,,,,
a142d595925c76fbb4fdd3745eda527ccad53c9df94a896a0fd7cd63421a8ee0,1,0.0,0.0,0.0,644.35,644.35,,,,,,,,,,,
a145b8d37ce7bea92003714a0b5aa08402538cf065a6ef994d97f19f2086aaf9,1,1.0,1.0,1.0,2370.81,2370.81,a145b8d37ce7bea92003714a0b5aa08402538cf065a6ef994d97f19f2086aaf9,4511101.0,DF,9550000000000000.0,7420000000000000.0,853.0,1720000000000000.0,880.0,99.0,981.0,989.0
a14edabe219bf3988ce7e2d7d8c9d9327af63418b1ea8bfa0a2ac93d7c557529,1,0.0,0.0,0.0,5660.57,5660.57,a14edabe219bf3988ce7e2d7d8c9d9327af63418b1ea8bfa0a2ac93d7c557529,3811400.0,MG,9810000000000000.0,765261000000000.0,939.0,2.25e+16,960.0,1669.0,979.0,987.0
a1547b9c11fa1c1ef3a8620cf128067df50420ce23bee3d118afb49c0402aea3,1,6.0,6.0,1.0,1587.76,1587.76,,,,,,,,,,,
a158fae961f17fddef023aa026e4701e78aa139fdec10396d34a421098abecee,3,0.3333333333333333,1.0,0.3333333333333333,8352.91,2784.3033333333333,,,,,,,,,,,
a15e38a302b386a20e19e6c59cf4abe3fa4bb192b53982701dd32ce9cf17b6d5,2,2.0,2.0,1.0,1291782.75,645891.375,a15e38a302b386a20e19e6c59cf4abe3fa4bb192b53982701dd32ce9cf17b6d5,2121101.0,GO,6260000000000000.0,8660000000000000.0,698.0,1.48e+16,830.0,1835.0,958.0,985.0
a16c7cf2e6b224fd3722174f239f0206cc68ba1ccc872dc4d8e138ce4c51b328,1,2.0,2.0,1.0,833.46,833.46,,,,,,,,,,,
a1725d86a1f9371b38b1a02591d54355fa29bfe8ea9d26df565c28a313325b12,1,0.0,0.0,0.0,1498.0,1498.0,a1725d86a1f9371b38b1a02591d54355fa29bfe8ea9d26df565c28a313325b12,4672900.0,SP,9640000000000000.0,905845000000000.0,816.0,6.02e+16,780.0,39.0,956.0,988.0
a1827b4062f17792eb87efe1e1d3ef5f04a13e7b022f15c12b076fde1d320a78,2,21.0,37.0,1.0,6824.28,3412.14,,,,,,,,,,,
a197d6b7b26bf9c04063b9e09476dc497d7ac6cfa2ff6b92af2e39e12e581198,1,0.0,0.0,0.0,1673.0,1673.0,,,,,,,,,,,
a1b1c82cf5a06530092689e552946eeb89deb3c2cb492849533c10d3038c91f2,1,73.0,73.0,1.0,399.68,399.68,,,,,,,,,,,
a1b6188decab86cb23655e5a8c99029ed76ff097249bf6bbc99abc05ae6d70a2,1,0.0,0.0,0.0,20631.94,20631.94,a1b6188decab86cb23655e5a8c99029ed76ff097249bf6bbc99abc05ae6d70a2,1051100.0,SP,62002500000000.0,9910000000000000.0,149.0,1040000000000000.0,540.0,527.0,500.0,986.0
a1b93c534d2d807d47bcd8b4b1511de559edf9480851f918272644eda49362f0,10,0.3,3.0,0.1,1381409.53,138140.953,a1b93c534d2d807d47bcd8b4b1511de559edf9480851f918272644eda49362f0,2091600.0,SP,9490000000000000.0,8800000000000000.0,854.0,1.85e+16,950.0,664.0,954.0,988.0
a1c92072fe22918dbc664942389bb74406e5c25da26e3c287d649c55f21d77e2,2,0.0,0.0,0.0,7656.6,3828.3,a1c92072fe22918dbc664942389bb74406e5c25da26e3c287d649c55f21d77e2,2831300.0,RS,9270000000000000.0,9200000000000000.0,932.0,1.91e+16,940.0,973.0,983.0,989.0
a1d2a8d2c83013cf8494226783b681bcea8ebfb177ddd908549216d140dbe2cb,1,29.0,29.0,1.0,64897.29,64897.29,,,,,,,,,,,
a1e117313106f9d538e1cdfcb4131b082d420d5da0db7f5037bfd7b41cb53b12,2,0.0,0.0,0.0,2339.45,1169.725,,,,,,,,,,,
a1e89e063ed4fdda19397c27e8b4e93ae557e0d18277f8cdad676843796934c6,1,6.0,6.0,1.0,69.0,69.0,a1e89e063ed4fdda19397c27e8b4e93ae557e0d18277f8cdad676843796934c6,4751201.0,SP,854633000000000.0,9780000000000000.0,696.0,1.1e+16,920.0,38984.0,961.0,988.0
a1f827386c4c1d1e93d13c702894c3d5e96f113675e4704bee7d16aecb0c2a83,1,0.0,0.0,0.0,1995.68,1995.68,,,,,,,,,,,
a20c6b907668b42a0afd7d7c04100fd9cc42f488fd1453230ce00424ab459dd3,1,0.0,0.0,0.0,1498.68,1498.68,,,,,,,,,,,
a20d28dc9df8bcb4f41226f3b83afc9170fae53ea171bb1e8f38bd85e90a7e1c,2,2.0,4.0,0.5,836.72,418.36,,,,,,,,,,,
a22cded995a280f4b5f9d74d68650c995229fc9de292d39f621a34af8056b0ab,1,0.0,0.0,0.0,659.67,659.67,,,,,,,,,,,
a241833f8b4048a5505df7a4e4ca6af355df802a2f5132c2dc818ccdfdb7e914,3,0.0,0.0,0.0,119541.14,39847.04666666667,a241833f8b4048a5505df7a4e4ca6af355df802a2f5132c2dc818ccdfdb7e914,4110700.0,SP,78639200000000.0,7850000000000000.0,767.0,1.23e+16,890.0,8022.0,975.0,988.0
a255a10cd809ebf9eea1067de9299272b721dbfdf471383d6c01ce8ccd7246ec,1,0.0,0.0,0.0,15567.5,15567.5,,,,,,,,,,,
a271bdc5a512c72670b8b726dfb634417631d9a3e667a698322a460496a7e379,2,0.0,0.0,0.0,1619.5700000000002,809.7850000000001,a271bdc5a512c72670b8b726dfb634417631d9a3e667a698322a460496a7e379,4711301.0,RJ,9250000000000000.0,7810000000000000.0,909.0,2.06e+16,970.0,1962.0,976.0,988.0
a283cc5e114715927ef358be9106e28becb9a3933b00634116cae3a8f08757fb,1,0.0,0.0,0.0,4900.0,4900.0,a283cc5e114715927ef358be9106e28becb9a3933b00634116cae3a8f08757fb,1011201.0,GO,4.39e+16,1000.0,733.0,1950000000000000.0,880.0,1467.0,962.0,988.0
a29076ca30ef9797b702c6b935e656b0a199012f8c04e2a9b24432af9361de01,13,0.0,0.0,0.0,228728.05,17594.465384615385,a29076ca30ef9797b702c6b935e656b0a199012f8c04e2a9b24432af9361de01,4649404.0,MT,951923000000000.0,3.49e+16,931.0,1.59e+16,970.0,5485.0,960.0,988.0
a2ac43079a9a82d8944583cea536a97f38c294fd045cf9a166f81400a6dbffae,1,0.0,0.0,0.0,339.99,339.99,,,,,,,,,,,
a2b1617b5ce52be169224ac1065407ab58cc2b6e105f1adb8d170a1f3b42cc32,1,0.0,0.0,0.0,616.89,616.89,,,,,,,,,,,
a2b8497646c015dff64b4ed5463bb0ec1a83efbfabc30819380ba5758885680d,1,0.0,0.0,0.0,1171.0,1171.0,,,,,,,,,,,
a2e4401dfccbda9d4696254980b40b86506a50bb98b95f50a555132d5b085067,1,1.0,1.0,1.0,327.32,327.32,,,,,,,,,,,
a2e82ea1c2eb8dcad549fb4559a5062c5ae53de084dc26b98d14f7473dd2b0dd,1,0.0,0.0,0.0,510.32,510.32,,,,,,,,,,,
a314b35ee8e7b3ff63ac02475a08c7447cd965218c04359262b3c42561653ed4,1,0.0,0.0,0.0,6653.5,6653.5,a314b35ee8e7b3ff63ac02475a08c7447cd965218c04359262b3c42561653ed4,4639702.0,PR,9960000000000000.0,9710000000000000.0,961.0,2490000000000000.0,970.0,0.0,983.0,989.0
a3158a309262b30f535a90b4c53a762aac9d217b2d276fe12a07653c25039522,2,1.0,2.0,0.5,10044.17,5022.085,a3158a309262b30f535a90b4c53a762aac9d217b2d276fe12a07653c25039522,4647801.0,SP,9610000000000000.0,9600000000000000.0,958.0,2.29e+16,970.0,109.0,981.0,988.0
a31baf4286e53077d3e60a1b25ea63f01299402dba4eb20d58479fe745b92312,1,0.0,0.0,0.0,774.35,774.35,,,,,,,,,,,
a324558e55a221f6834b47219af786ecf0485569440657f3bd7785249c644e8c,1,1.0,1.0,1.0,314.8,314.8,,,,,,,,,,,
a327dbe0d7fba77bfe582cb62bcca2ae61566fa0c888a947037d5852e0ea7c15,2,0.0,0.0,0.0,228.35000000000002,114.17500000000001,,,,,,,,,,,
a36a327ca6c40ec608ab18162bd8daf7950824ef924217bd146b3a76dd7dfeec,1,0.0,0.0,0.0,2100.0,2100.0,,,,,,,,,,,
a36d80f21818549f5efd9e697180509659898ef05725ce6b11fc91e34212c859,1,0.0,0.0,0.0,144.39,144.39,,,,,,,,,,,
a3789c0c4210d11254bc88d9a1bf8c13a44dc02283f27b36d6135f1775005ea4,1,2.0,2.0,1.0,81.2,81.2,,,,,,,,,,,
a3bee15f32ed002ff07a92e592c0f508a06de8bafc8da60a70b5f55692481d91,2,0.0,0.0,0.0,254258.4,127129.2,,,,,,,,,,,
a3c2ddf0bf065fdc52c6edb16ac23d756e9e96e1623fc9f5ecbacd66b6e151a9,1,5.0,5.0,1.0,667.0,667.0,,,,,,,,,,,
a3d06fb452729e2ddb3aece693d70f884a37e2cb1fa7379483b9dc6ced18a845,1,1.0,1.0,1.0,247.58,247.58,a3d06fb452729e2ddb3aece693d70f884a37e2cb1fa7379483b9dc6ced18a845,3101200.0,MG,972695000000000.0,8780000000000000.0,957.0,2.44e+16,950.0,4127.0,981.0,988.0
a3dc83b056622d069e8f91228a45478f60da5ee5f2ab5224855e1075b25e1449,2,0.0,0.0,0.0,34971.37,17485.685,,,,,,,,,,,
a3edb9308f0d9061066850dcfed292ce0c890df34a78e958c8af96a1c6800b34,4,0.0,0.0,0.0,7063.610000000001,1765.9025000000001,a3edb9308f0d9061066850dcfed292ce0c890df34a78e958c8af96a1c6800b34,4711302.0,SP,9640000000000000.0,9880000000000000.0,950.0,2.43e+16,980.0,16.0,980.0,988.0
a4242d23979c283a613be687e7c56a63ca8fc01b47e23c44dcfcb30e29a3dd54,1,0.0,0.0,0.0,734.75,734.75,,,,,,,,,,,
a42fc7243ba88c29a1fe488f230b48e95650335d51d60b3c4039d3a97a77348b,1,1.0,1.0,1.0,1871.8,1871.8,,,,,,,,,,,
a453fd5143d560cfb8338e735e1153e53ef16ae1db88b1a6c738cac82e305743,1,0.0,0.0,0.0,900.73,900.73,,,,,,,,,,,
a45c0495222040980c591379cd591d8ced5f5e8f1a03175b598bb85442484242,1,1.0,1.0,1.0,919.68,919.68,,,,,,,,,,,
a45e61f891fb39656b69bcd0fdb9fdd2f30f058f02d8d26bb58ded0406b121a4,1,1.0,1.0,1.0,100.3,100.3,,,,,,,,,,,
a463fb47055d9f0f6dcca17087db42b4ab34d5e015aa9a34e88a16a24da24a7f,2,0.5,1.0,0.5,490.26,245.13,a463fb47055d9f0f6dcca17087db42b4ab34d5e015aa9a34e88a16a24da24a7f,4753900.0,SP,9810000000000000.0,813319000000000.0,962.0,217750.0,980.0,3908.0,985.0,989.0
a47ce52c75d91ca779a16777f80f78380a481b47e292071a1d130ebd715fab06,1,0.0,0.0,0.0,576.9,576.9,,,,,,,,,,,
a4b4baa758cf5d5c8d51f118a39a982f6401d2b716d67e00dc603ffa2cf1ebd2,1,0.0,0.0,0.0,448.67,448.67,,,,,,,,,,,
a4cf03ad8c0c46f85461a031d75b16b79624509333f73b07ae08edaacbee8054,1,0.0,0.0,0.0,593.61,593.61,,,,,,,,,,,
a4dd485b7c4c04f2813684d91247983b25da9d7321852fe539c6ebe88b49d969,2,0.0,0.0,0.0,2294.07,1147.035,a4dd485b7c4c04f2813684d91247983b25da9d7321852fe539c6ebe88b49d969,2862300.0,SP,973767000000000.0,7770000000000000.0,854.0,2.25e+16,930.0,7793.0,960.0,987.0
a4ff1f37d5732775a3e209ba2608b49a4df67b71f484434653d3c81dd4ac7cb6,1,0.0,0.0,0.0,444.5,444.5,,,,,,,,,,,
a5034ebfc4262f9d24edb33f16dd24272a11334d51d2cea142cfba900627211c,1,1.0,1.0,1.0,636.17,636.17,,,,,,,,,,,
a5142649ed9aa645898f92be6adda10fba7bf90f314364e5fa0ae88620c81951,1,0.0,0.0,0.0,1679.35,1679.35,,,,,,,,,,,
a51568ef33190c31006780bac4edca3c35d7a2dd36c87e0c818bdf4fff1c23d9,1,1.0,1.0,1.0,4714.69,4714.69,,,,,,,,,,,
a520288bf33871765cb96f5a7109bba2824c0fe09ead8ff6eb9e2f9a01604210,1,0.0,0.0,0.0,618.0,618.0,a520288bf33871765cb96f5a7109bba2824c0fe09ead8ff6eb9e2f9a01604210,4742300.0,SC,9950000000000000.0,8610000000000000.0,891.0,261000.0,980.0,0.0,970.0,988.0
a549608ad164552f939f64655a40291131a92e82b65b9f58210202bd57982238,1,0.0,0.0,0.0,1961.25,1961.25,a549608ad164552f939f64655a40291131a92e82b65b9f58210202bd57982238,5510801.0,MG,9230000000000000.0,6760000000000000.0,944.0,209796875.0,930.0,1091.0,972.0,987.0
a5675d23718f07ee2ea9beae6964a6e6e5fda082a99dc4c29c7c14919b92cdab,1,0.0,0.0,0.0,363.96,363.96,,,,,,,,,,,
a5676b1b857a8e0532ff2b37f539846e4f44d3cd5480a3914940a22c0231b24a,1,0.0,0.0,0.0,247.08,247.08,,,,,,,,,,,
a569751622a19e59bdbec2805b223431320dcf2d608890d00a262365c9611c90,1,0.0,0.0,0.0,245.16,245.16,,,,,,,,,,,
a588fe4743d19ecb45ad8f067714d668735ffaa5f2edbe0ef8207821b49f8781,1,1.0,1.0,1.0,84.29,84.29,,,,,,,,,,,
a5951aa36728292d13c533a1034d2eb93e0421f9936fa2ca8aac33df0cb30446,1,0.0,0.0,0.0,1231.86,1231.86,a5951aa36728292d13c533a1034d2eb93e0421f9936fa2ca8aac33df0cb30446,4649405.0,MG,9240000000000000.0,5260000000000000.0,924.0,114500.0,960.0,25977.0,975.0,988.0
a598aeb55bb615b47fbc95ae0c420fa735e8417d76f5458bafcbaf7354522c3f,1,0.0,0.0,0.0,74.61,74.61,,,,,,,,,,,
a59c8ca03814bffcf6f07214aba569529afca6a6e6ad545a20be765d44eac585,1,68.0,68.0,1.0,1812.0,1812.0,a59c8ca03814bffcf6f07214aba569529afca6a6e6ad545a20be765d44eac585,4930202.0,SP,2240000000000000.0,1000.0,327.0,1.33e+16,580.0,22208.0,433.0,977.0
a59cd5a1f9a38c9efb6582f5767a3267ed35acf40df764468ee9ed8acd201800,1,0.0,0.0,0.0,2772.0,2772.0,,,,,,,,,,,
a5c0dc041d1ad84e9f888be06dd75124409ecfe522412f1c376e6659d91099bf,1,1.0,1.0,1.0,292.58,292.58,a5c0dc041d1ad84e9f888be06dd75124409ecfe522412f1c376e6659d91099bf,1813001.0,SP,9570000000000000.0,1000.0,389.0,153500.0,750.0,6267.0,125.0,927.0
a5d49dd1522e14102166ca7557905708eae960753e79a2985746c06bb2de8ef6,1,1.0,1.0,1.0,3013.25,3013.25,a5d49dd1522e14102166ca7557905708eae960753e79a2985746c06bb2de8ef6,4744099.0,PI,8870000000000000.0,4.34e+16,763.0,1.87e+16,920.0,6629.0,945.0,986.0
a5d5cc713155542c130c7f10a4505758b5d31f6cbc3fd1b20c6a9133c9f02f00,1,0.0,0.0,0.0,660.88,660.88,,,,,,,,,,,
a5f3956c2686bed3fd6b274613bd1c02b59e59c1f4cfd8ce8bdf6eac650ef8ab,1,0.0,0.0,0.0,134.9,134.9,,,,,,,,,,,
a5f798b5567ac1e870e96a74f146c5cbc37faf81eaa1fc7fe22233149dfc1581,1,0.0,0.0,0.0,1540.93,1540.93,a5f798b5567ac1e870e96a74f146c5cbc37faf81eaa1fc7fe22233149dfc1581,5620101.0,GO,9290000000000000.0,1000.0,689.0,0.0,750.0,0.0,866.0,943.0
a608598d9da45342f482618e66312597be627fe8d8d4fa4565fb0b9838219996,1,0.0,0.0,0.0,188669.15,188669.15,a608598d9da45342f482618e66312597be627fe8d8d4fa4565fb0b9838219996,2733300.0,SP,8780000000000000.0,5710000000000000.0,958.0,2200000000000000.0,970.0,38.0,983.0,988.0
a6096fe7ded96ef9d979d39ffd3752936c2f76bfc1b509faa8c1782ba44e712a,1,0.0,0.0,0.0,542.29,542.29,,,,,,,,,,,
a61e2bf25b46e4fa759e9389620dde7a945e3529318d3e6541bc4210c193a0c0,1,0.0,0.0,0.0,602.57,602.57,,,,,,,,,,,
a636af7fd17fc0aa472eb93397cbbfd3b82f18bc020cb10d8195e94709051333,2,0.5,1.0,0.5,20542.9,10271.45,a636af7fd17fc0aa472eb93397cbbfd3b82f18bc020cb10d8195e94709051333,2229399.0,SP,9960000000000000.0,9600000000000000.0,943.0,2.37e+16,950.0,0.0,978.0,988.0
a64d97b2b3cf8d3ce84896aec5612f00acc023788d1a0720fa74274bea761bc3,1,0.0,0.0,0.0,983.25,983.25,,,,,,,,,,,
a65b83042f38ca96cb4c086ab6f8dd77e330b42e0fdbb9747101104f8da27c90,1,0.0,0.0,0.0,724.35,724.35,,,,,,,,,,,
a662c039fb7a982e005d8984e7d4feacf03f60aa43ea2f4048587c0c7bccb224,2,0.5,1.0,0.5,12404.720000000001,6202.360000000001,,,,,,,,,,,
a669eb9c0f063a704c5eba96f44708495c989ff98d081f6f960943b3cdcd9c94,1,1.0,1.0,1.0,497.0,497.0,a669eb9c0f063a704c5eba96f44708495c989ff98d081f6f960943b3cdcd9c94,1412601.0,PR,991376000000000.0,6590000000000000.0,732.0,199500.0,680.0,0.0,752.0,982.0
a66b6543c17a90db634b131a6d5f348ad8a641636ddcc9165cb430ea097ddaa8,3,0.0,0.0,0.0,3751.32,1250.44,,,,,,,,,,,
a66ed80c652eadfc0995bf785fdafb9c64398fc69c045148e1eb4b7ca05384f6,1,0.0,0.0,0.0,119932.0,119932.0,a66ed80c652eadfc0995bf785fdafb9c64398fc69c045148e1eb4b7ca05384f6,7112000.0,SC,7210000000000000.0,1000.0,928.0,15646875.0,930.0,1611.0,979.0,989.0
a67978d51352c4b0842ed13a9e0f800d36efd4859c9c3f02c653c7117c18c234,1,0.0,0.0,0.0,1792.48,1792.48,,,,,,,,,,,
a6859d96ef7abef868cbffc1ae7db429bf6e65b867de32e2845fe050a310846d,1,0.0,0.0,0.0,645.15,645.15,,,,,,,,,,,
a6ada13760a1fbac5cda56c4c2175d85625993c35b447af8098dbc536e208cf6,1,0.0,0.0,0.0,914.01,914.01,a6ada13760a1fbac5cda56c4c2175d85625993c35b447af8098dbc536e208cf6,5611201.0,GO,9860000000000000.0,9360000000000000.0,964.0,231250.0,970.0,456.0,981.0,988.0
a6aec6e6820120bd39fb7ecd079e7ca17555cd014e58188fa8107da67172bc22,1,0.0,0.0,0.0,2358.32,2358.32,a6aec6e6820120bd39fb7ecd079e7ca17555cd014e58188fa8107da67172bc22,4744001.0,MG,885096000000000.0,9530000000000000.0,914.0,125000.0,880.0,0.0,982.0,988.0
a6b35f798fed84792f8317643f4023c8a988293419e694343a1a1015580cb48d,1,0.0,0.0,0.0,2882.17,2882.17,,,,,,,,,,,
a6d6c75b3e48a63d3837b209954ce8d3e08b5a378c9363bf7183448294e60327,1,0.0,0.0,0.0,8162.84,8162.84,a6d6c75b3e48a63d3837b209954ce8d3e08b5a378c9363bf7183448294e60327,1031700.0,RN,8280000000000000.0,9540000000000000.0,584.0,1260000000000000.0,890.0,1987.0,963.0,988.0
a6ecb8dc32c18df818cd4de2e30f0df87ab9367372a000ab4d1860cdc8a02d68,4,0.0,0.0,0.0,57138.97,14284.7425,a6ecb8dc32c18df818cd4de2e30f0df87ab9367372a000ab4d1860cdc8a02d68,4639702.0,SP,8960000000000000.0,9080000000000000.0,928.0,1.96e+16,950.0,57.0,983.0,988.0
a6fa9e298d10de848b7f81c4f77923df5c1cd03724d1f137932a55671bcf81d6,1,1.0,1.0,1.0,1515.82,1515.82,a6fa9e298d10de848b7f81c4f77923df5c1cd03724d1f137932a55671bcf81d6,5620102.0,SP,920724000000000.0,1000.0,933.0,211125.0,940.0,0.0,962.0,988.0
a70e10581a3cef6b4c22025aade44cbb030f09d46499c1151736a4d0898224c5,6,15.0,19.0,1.0,586.0,97.66666666666667,,,,,,,,,,,
a723b0a056c4fe10d5447e094744b5747ae53a51953c14e04459d788a7950710,1,0.0,0.0,0.0,516.39,516.39,a723b0a056c4fe10d5447e094744b5747ae53a51953c14e04459d788a7950710,4771701.0,PR,9930000000000000.0,50.0,965.0,2.27e+16,980.0,0.0,975.0,988.0
a7327d0e772ee83d8afd89ec599c26dbb091ae5737e91b66df801f0b1b7d6a64,2,0.0,0.0,0.0,3945.27,1972.635,a7327d0e772ee83d8afd89ec599c26dbb091ae5737e91b66df801f0b1b7d6a64,1412601.0,SC,9590000000000000.0,740059000000000.0,847.0,207200.0,920.0,0.0,934.0,985.0
a744714dc5c62434fdab5f65002ceb82fba000b42bf06f7dc800af070740b8c5,1,0.0,0.0,0.0,646.25,646.25,a744714dc5c62434fdab5f65002ceb82fba000b42bf06f7dc800af070740b8c5,4637199.0,SP,9690000000000000.0,8930000000000000.0,917.0,177000.0,960.0,0.0,976.0,988.0
a75bb571a79daec5245fb4a9c4e04734e2540a88522d8675d9525cc66a48c9a4,1,0.0,0.0,0.0,770.71,770.71,,,,,,,,,,,
a78b739b13a5d6f271422d9a680d70e262a2058d57ee403cf94c258cb3955a48,1,0.0,0.0,0.0,672.46,672.46,,,,,,,,,,,
a793014857154792986d6dc380de646fdf4bacf4995d6c3668aaf4c750b5e58c,3,0.6666666666666666,2.0,0.3333333333333333,15206.11,5068.703333333334,a793014857154792986d6dc380de646fdf4bacf4995d6c3668aaf4c750b5e58c,7112000.0,PR,9340000000000000.0,5300000000000000.0,906.0,2.15e+16,950.0,4551.0,966.0,989.0
a793823b822234cf40a17cd4433708a047e9ca2c08a5487fb498bd7acd93ed8c,1,21.0,21.0,1.0,788.24,788.24,,,,,,,,,,,
a79bcbcea003bd81f4812d1d2d2e1d1d3c2e669194e30fa8373449d23c53a8d5,1,0.0,0.0,0.0,574.35,574.35,,,,,,,,,,,
a79c6cbc96c2807a8fac96a013150328c7172a1af9158c40a06f2582fe216c17,1,0.0,0.0,0.0,392.03,392.03,,,,,,,,,,,
a7ba89e86dcce3efb3e722e7c3d09d37f0ebbd230d84421e189d88c9fd729a7d,3,0.0,0.0,0.0,38800.25,12933.416666666666,a7ba89e86dcce3efb3e722e7c3d09d37f0ebbd230d84421e189d88c9fd729a7d,163600.0,SC,1590000000000000.0,9250000000000000.0,380.0,9470000000000000.0,670.0,54308.0,734.0,969.0
a7c2ada4dfc3666f2ea153d21c2a157d7f02a005d6a2d041a19f1b26f05dfa09,1,0.0,0.0,0.0,1571.67,1571.67,,,,,,,,,,,
a81122f761eb1f6967bb0fb76031447d0500f46fe8905d535babc822210d0cc6,2,1.5,3.0,0.5,1922.96,961.48,a81122f761eb1f6967bb0fb76031447d0500f46fe8905d535babc822210d0cc6,4530703.0,MG,656019000000000.0,5900000000000000.0,445.0,2.03e+16,740.0,2874.0,928.0,988.0
a84454152274c35ab9cf57f3718440f0fad51d3b37ab1541b207724739627bd3,1,0.0,0.0,0.0,1415.74,1415.74,,,,,,,,,,,
a8556b337262c2b1d61f22a8b8e68b4ebf1823a6cfb8514d96ac19f7f870677d,1,0.0,0.0,0.0,41828.11,41828.11,a8556b337262c2b1d61f22a8b8e68b4ebf1823a6cfb8514d96ac19f7f870677d,9430800.0,PR,9570000000000000.0,9860000000000000.0,942.0,2.32e+16,960.0,198.0,970.0,988.0
a8616a12ae85f7934846fd41b768095aef3cb3be191cdb5e22c9827a48a6ca69,1,0.0,0.0,0.0,435000.0,435000.0,a8616a12ae85f7934846fd41b768095aef3cb3be191cdb5e22c9827a48a6ca69,1032599.0,GO,1.88e+16,1000.0,670.0,1.46e+16,880.0,135.0,948.0,924.0
a869779c098b8bc8ac9bd814a67c5e768e735c42da7797d9ea50ffe794d7c75b,1,0.0,0.0,0.0,794.26,794.26,,,,,,,,,,,
a87273c5e31b9a1fa2b20d373235ab7d2724532e941fe308053d6607915683ee,1,0.0,0.0,0.0,1400.97,1400.97,,,,,,,,,,,
a89affe5ad613044ea346a0ceeeaacb8ae766f0a20afa942780333cfb6cf8e4e,1,0.0,0.0,0.0,94.13,94.13,,,,,,,,,,,
a8b3d03518e8109e04bf2a7d6ae1b99f7f7dcb6931649e0dc9249dda3aae6ff0,1,1.0,1.0,1.0,19188.87,19188.87,a8b3d03518e8109e04bf2a7d6ae1b99f7f7dcb6931649e0dc9249dda3aae6ff0,4673700.0,SP,1000.0,1000.0,876.0,339400.0,920.0,0.0,959.0,987.0
a8c02d20f5d435ff8c051a52852abf358710effb60446e69ac8dabb865806437,1,0.0,0.0,0.0,1703.2,1703.2,,,,,,,,,,,
a8d494edecaf479590d7668bd5a5082099be2b83b12b7d7a0ab2fa704ea978dd,2,1.5,2.0,1.0,27235.17,13617.585,,,,,,,,,,,
a8d62856bf3f50189c0bfda1427a9e5f7ec16bb38253b3348de7cb6dc110b4ba,2,0.0,0.0,0.0,60726.17,30363.085,,,,,,,,,,,
a8de0066b64427a0e6a4eda11acec6050d800f1c266afb33a2f3f1d2193bf0ec,1,1.0,1.0,1.0,80393.78,80393.78,a8de0066b64427a0e6a4eda11acec6050d800f1c266afb33a2f3f1d2193bf0ec,2599399.0,SP,8450000000000000.0,7190000000000000.0,950.0,2.27e+16,980.0,5.0,980.0,989.0
a8f15eaac9c90294628ca5004ce258db92b0b2cba97241b4a8e2581b3cebc70f,2,0.0,0.0,0.0,18955.19,9477.595,a8f15eaac9c90294628ca5004ce258db92b0b2cba97241b4a8e2581b3cebc70f,2751100.0,SP,9620000000000000.0,6270000000000000.0,945.0,2250000000000000.0,950.0,2311.0,978.0,988.0
a8f1cf8619a8eb89b1cfd74bebec8aa3af2b67b67e3b144dc95e81a53d8fe944,1,0.0,0.0,0.0,530.77,530.77,,,,,,,,,,,
a9063d75936a1de9ba3dd89a0f716e18b0c8402cc7d95a706c11c7a316621db6,1,0.0,0.0,0.0,507.29,507.29,a9063d75936a1de9ba3dd89a0f716e18b0c8402cc7d95a706c11c7a316621db6,4744099.0,MS,8300000000000000.0,8760000000000000.0,911.0,1.83e+16,910.0,3891.0,980.0,989.0
a90dca58851848d766e287f0ca386d04fff9071dc0db27b20f86c3ccede659ff,1,0.0,0.0,0.0,53.57,53.57,a90dca58851848d766e287f0ca386d04fff9071dc0db27b20f86c3ccede659ff,4771701.0,PR,9870000000000000.0,8990000000000000.0,951.0,2490000000000000.0,990.0,92.0,983.0,989.0
a92433d487ac99b0eb2062bf8b78c9b2fe20800b0af8886413102bf022de7e1b,3,0.0,0.0,0.0,9726.0,3242.0,a92433d487ac99b0eb2062bf8b78c9b2fe20800b0af8886413102bf022de7e1b,9601703.0,RJ,70969500000000.0,4.63e+16,574.0,1.26e+16,890.0,35618.0,945.0,986.0
a92f64b739f44998deea24f118f84655f5b2cbcbb4d4304c46ed789931cb5c7f,1,0.0,0.0,0.0,439.78,439.78,a92f64b739f44998deea24f118f84655f5b2cbcbb4d4304c46ed789931cb5c7f,4781400.0,RS,9860000000000000.0,1000.0,910.0,1.18e+16,970.0,0.0,978.0,988.0
a9322c75b9b45fed2776ea9cbf564644de25aace9f7ee111198ff64d094b5c96,1,0.0,0.0,0.0,586.53,586.53,,,,,,,,,,,
a934810dce62b663d6121fc705aeb9bce7c19cea13e70d7ebab165c2bddc5f47,9,0.4444444444444444,2.0,0.3333333333333333,242828.46999999997,26980.941111111108,a934810dce62b663d6121fc705aeb9bce7c19cea13e70d7ebab165c2bddc5f47,2822402.0,SP,9860000000000000.0,8820000000000000.0,958.0,2280000000000000.0,970.0,949.0,983.0,988.0
a94882a534925feaccf3af086429a09ef002a91f24c1412898b67f6459d06792,1,0.0,0.0,0.0,3005.6,3005.6,,,,,,,,,,,
a9757c045dbbbcf5aff66300cd6cf8d43929e43802f8b56cac29cbefdf6566ca,3,0.0,0.0,0.0,4198.0,1399.3333333333333,a9757c045dbbbcf5aff66300cd6cf8d43929e43802f8b56cac29cbefdf6566ca,8610101.0,PR,8300000000000000.0,9150000000000000.0,932.0,1.78e+16,960.0,24913.0,979.0,988.0
a9806371f45a1e0678b45656c58937ba65da3173c94ace154fe2fa3a7b92811f,1,39.0,39.0,1.0,37492.02,37492.02,,,,,,,,,,,
a98987fe351c789ce8d78387438418c52c2af0d0ab65baa43d88afc01ab7447a,1,0.0,0.0,0.0,93.17,93.17,,,,,,,,,,,
a9a088b774022ce436f0bd33f34b821389cfdad497c07bbc6749047f274df690,1,0.0,0.0,0.0,816.08,816.08,a9a088b774022ce436f0bd33f34b821389cfdad497c07bbc6749047f274df690,4761003.0,PR,9870000000000000.0,7970000000000000.0,948.0,173000.0,970.0,4917.0,966.0,988.0
a9a18965365c1d71ffc23b013b91e7bbb1a9d1a315a998d064c435508d087569,1,7.0,7.0,1.0,642.19,642.19,a9a18965365c1d71ffc23b013b91e7bbb1a9d1a315a998d064c435508d087569,4781400.0,RS,6600000000000000.0,50.0,406.0,2.43e+16,870.0,0.0,737.0,981.0
a9a7e07c22a21504b9d6d3e3d3379d25b0d02c4cab7c3ed977d1bee818108355,2,0.0,0.0,0.0,731.0,365.5,a9a7e07c22a21504b9d6d3e3d3379d25b0d02c4cab7c3ed977d1bee818108355,2941700.0,SP,9520000000000000.0,904252000000000.0,950.0,2.11e+16,960.0,941.0,981.0,988.0
a9a7e968ef5365bc4750ce2142bde3b6a077a2c2081f15bebc298cb6fe6bc558,1,0.0,0.0,0.0,186.75,186.75,,,,,,,,,,,
a9a9e33763b4420fc9713de4f316c23bc3ebe1901a10279b1ee125fcb013d3e6,1,0.0,0.0,0.0,1871.28,1871.28,,,,,,,,,,,
a9aec20ee229d0aed2c65df769289979908659189cd82f6837e22975fbe95705,1,0.0,0.0,0.0,1285.8,1285.8,a9aec20ee229d0aed2c65df769289979908659189cd82f6837e22975fbe95705,4711302.0,GO,9180000000000000.0,7920000000000000.0,964.0,2140000000000000.0,960.0,8726.0,981.0,986.0
a9b669459cbbf6b00c4b6e92684b8d60dd12f87f057fe0429fcc77f24d98442e,1,3.0,3.0,1.0,774.3,774.3,,,,,,,,,,,
a9ce33438d74d12f77beff60dc12caf04bae5af08e8cc2ddd1d96120ab9f49d3,5,1.0,3.0,0.4,74706.01000000001,14941.202000000001,a9ce33438d74d12f77beff60dc12caf04bae5af08e8cc2ddd1d96120ab9f49d3,1092900.0,PE,7830000000000000.0,8230000000000000.0,793.0,1.18e+16,870.0,10234.0,972.0,989.0
a9d1ee9648d1948b9679e93cf973782160d970d12e4e52c1dfd69c6273b1346c,1,0.0,0.0,0.0,119.64,119.64,,,,,,,,,,,
aa083bcbd03dbd17285f8e0ddbd7add349aed8cd847eed18cbd3f43f3f8cebfb,1,1.0,1.0,1.0,1250.1,1250.1,aa083bcbd03dbd17285f8e0ddbd7add349aed8cd847eed18cbd3f43f3f8cebfb,6810202.0,PE,77348400000000.0,7000000000000000.0,902.0,1530000000000000.0,840.0,3708.0,969.0,989.0
aa138928d5d39851043475ae084d2d2d9d2d0a827f82041e6ea57e349628d58e,1,0.0,0.0,0.0,124.43,124.43,aa138928d5d39851043475ae084d2d2d9d2d0a827f82041e6ea57e349628d58e,4771701.0,PR,715331000000000.0,1000.0,902.0,2240000000000000.0,960.0,8096.0,971.0,989.0
aa2870fd1d6eab03ef3a4cbd6cb402fccb3e492b9351251556a53867cdd19ef2,1,0.0,0.0,0.0,158.3,158.3,,,,,,,,,,,
aa4942331d5e41404c4ccd363ca68c89d191905a0c0361c7b8ea414cd63cd329,1,0.0,0.0,0.0,1714.0,1714.0,aa4942331d5e41404c4ccd363ca68c89d191905a0c0361c7b8ea414cd63cd329,4921301.0,SC,9290000000000000.0,9190000000000000.0,466.0,1.11e+16,750.0,17097.0,962.0,988.0
aa88d9e14afa917171f03e014f32061c77ad3900a11e1e1e4185c1a4e676171d,1,2.0,2.0,1.0,167.4,167.4,aa88d9e14afa917171f03e014f32061c77ad3900a11e1e1e4185c1a4e676171d,4782201.0,PR,9870000000000000.0,2.62e+16,898.0,2.55e+16,960.0,0.0,983.0,988.0
aa8a79e6628084dbf38bff523c59681d6bfb3e5e6336aac96e1b994cf17fb0c9,2,0.0,0.0,0.0,4777.25,2388.625,aa8a79e6628084dbf38bff523c59681d6bfb3e5e6336aac96e1b994cf17fb0c9,4652400.0,RS,9010000000000000.0,8960000000000000.0,910.0,2.33e+16,960.0,1691.0,981.0,988.0
aaa9743d7ab41e50b76a4adb6bef28b51fd46019caddf70d451095a60b98a719,1,1.0,1.0,1.0,259.61,259.61,,,,,,,,,,,
aab98edbe428d3d4f0add2b68b547d0c43c164f7581b1d7d424ad0cf7a247053,1,4.0,4.0,1.0,255.13,255.13,,,,,,,,,,,
aac2d7626f63a75e5388d72295e25854467d2da1749c09596e5224e3f98cec3a,1,19.0,19.0,1.0,1259.47,1259.47,,,,,,,,,,,
aad30e38e456334d6abe3c29a458e4f234d7f8bf1d7706b7b923481d876f00c5,1,0.0,0.0,0.0,118.15,118.15,aad30e38e456334d6abe3c29a458e4f234d7f8bf1d7706b7b923481d876f00c5,4771701.0,PR,9830000000000000.0,8640000000000000.0,949.0,226840.0,980.0,3393.0,979.0,989.0
aad4caed65ed25b134a08be06aa76e6221e48c77ad8debedd3494ff5aae78e2d,1,0.0,0.0,0.0,3675.0,3675.0,aad4caed65ed25b134a08be06aa76e6221e48c77ad8debedd3494ff5aae78e2d,4789099.0,RJ,9420000000000000.0,9100000000000000.0,888.0,182600.0,950.0,12687.0,972.0,989.0
ab0a517a05ae642b0b48507a30d4f8f69af16f315b04d7636478d32b643739ba,2,1.0,2.0,0.5,6996.28,3498.14,ab0a517a05ae642b0b48507a30d4f8f69af16f315b04d7636478d32b643739ba,4511104.0,RS,9740000000000000.0,9250000000000000.0,942.0,1.42e+16,920.0,20629.0,977.0,988.0
ab0ba05fcc2a411ff3509efa5270a1d9485159933af147d8851280a61a123ac5,15,0.0,0.0,0.0,9882.34,658.8226666666667,ab0ba05fcc2a411ff3509efa5270a1d9485159933af147d8851280a61a123ac5,2229399.0,SP,8530000000000000.0,6410000000000000.0,756.0,1.8e+16,860.0,825.0,970.0,988.0
ab11f92000115b06592c83e0730d5fd85fc631a7506c77dc95922ad44c26ed43,3,0.0,0.0,0.0,1097.18,365.7266666666667,ab11f92000115b06592c83e0730d5fd85fc631a7506c77dc95922ad44c26ed43,4742300.0,SC,7370000000000000.0,1000.0,953.0,28000.0,940.0,0.0,976.0,989.0
ab228cce5016eb7f092af300f1d7d5066915d21f0cf3b8337a6b9fd3d61a91fd,1,0.0,0.0,0.0,1110.8,1110.8,,,,,,,,,,,
ab2f19bee6c3e95110df3190bdae6c0ce751c1f0cd1d440a70d5f69c777353e1,1,1.0,1.0,1.0,626.96,626.96,,,,,,,,,,,
ab35f663a960e2c19c6dee899bf57a4b58d4b2999d294728fc54c4e917ca4582,1,0.0,0.0,0.0,1437.6,1437.6,ab35f663a960e2c19c6dee899bf57a4b58d4b2999d294728fc54c4e917ca4582,4712100.0,RJ,969285000000000.0,9120000000000000.0,952.0,2.24e+16,960.0,507.0,980.0,989.0
ab3ccc3a696a7093c999d04e4b87171bf2d964acc0d2978cd3d795f02aa680d8,1,1.0,1.0,1.0,2018.66,2018.66,ab3ccc3a696a7093c999d04e4b87171bf2d964acc0d2978cd3d795f02aa680d8,5611201.0,GO,9090000000000000.0,1000.0,933.0,204100.0,890.0,39277.0,875.0,986.0
ab637225319e1f87dc41d285c56d1c7eaeb4b143acc7579ee8e1e139566fa4d9,2,0.0,0.0,0.0,37939.74,18969.87,ab637225319e1f87dc41d285c56d1c7eaeb4b143acc7579ee8e1e139566fa4d9,4930202.0,PR,5840000000000000.0,6670000000000000.0,856.0,1.83e+16,810.0,11522.0,979.0,988.0
ab67921874e17918b5e045781d8ab015c26be19ff6306fda6db847ed12661e50,2,0.5,1.0,0.5,1189.6799999999998,594.8399999999999,,,,,,,,,,,
ab8c91aa12796f9aed71a5f47c2b8fd4f73b60df0475a9b5eb740e1adf3ffbe1,1,0.0,0.0,0.0,469.51,469.51,,,,,,,,,,,
ab9ca5de34e5f86db13150e9edf340ad3008d14f6b44276c829b4839285b9911,1,0.0,0.0,0.0,356.4,356.4,ab9ca5de34e5f86db13150e9edf340ad3008d14f6b44276c829b4839285b9911,6920601.0,SP,9330000000000000.0,928996000000000.0,708.0,1.65e+16,910.0,0.0,826.0,984.0
abac735d6b1059bf08fc8aae8d0e9d8ad2cfdbef099b604f35a3ec386a0350d6,1,1.0,1.0,1.0,603.0,603.0,abac735d6b1059bf08fc8aae8d0e9d8ad2cfdbef099b604f35a3ec386a0350d6,4771702.0,SP,7470000000000000.0,814593000000000.0,531.0,1.47e+16,780.0,958.0,912.0,988.0
abbad2d63f38a69d571d5bbc7e203020fe9030733d3173c00148b1f5f1c6e589,1,0.0,0.0,0.0,293.71,293.71,,,,,,,,,,,
abc527a587bc1ed22c7e2db6645d5d8d27758d59247a4b048b29535eb93c88d2,1,0.0,0.0,0.0,133.72,133.72,,,,,,,,,,,
abd14022da580900611d596935b01f44f9180244694c27a38385c351344ea169,1,2.0,2.0,1.0,88.04,88.04,,,,,,,,,,,
abd3c7272c099f74729c365ea5c1cc8a4b987015cb7cdcf13f50cf8fa3e4e4ff,3,2.6666666666666665,5.0,1.0,1817.01,605.67,,,,,,,,,,,
abd83f7f1d326c9dc18687d782d7fe9cd562485b181e71948eee6bbc1015f206,1,0.0,0.0,0.0,61.66,61.66,,,,,,,,,,,
abdbcfbd972b3c0bd0a7011243655a6bc40c597d701c7f266b01160488c02a5d,1,0.0,0.0,0.0,144109.26,144109.26,,,,,,,,,,,
abe96811ec0fb8e7cfa42d3a8500d21a5dc4f194ac0801d1068ee37d1da0fce1,1,0.0,0.0,0.0,110.0,110.0,abe96811ec0fb8e7cfa42d3a8500d21a5dc4f194ac0801d1068ee37d1da0fce1,6920601.0,RJ,4810000000000000.0,8510000000000000.0,582.0,0.0,900.0,0.0,402.0,896.0
abe9fa31888e867557fd91dc1e6a60a6dd99c97d74bd457133379bb5dcdf383b,1,0.0,0.0,0.0,867.49,867.49,abe9fa31888e867557fd91dc1e6a60a6dd99c97d74bd457133379bb5dcdf383b,4782201.0,CE,9770000000000000.0,7790000000000000.0,961.0,186000.0,900.0,16876.0,922.0,989.0
abfdd4fa27b6a4432f64dd897dc8cdd794778f182e8842752eb1ffd498f22f63,2,0.0,0.0,0.0,1074.99,537.495,,,,,,,,,,,
ac14baed01242c4e43be0cbc8dda6806d163d1dbd633e396ac49217a0991b2bd,1,1.0,1.0,1.0,23.34,23.34,,,,,,,,,,,
ac1dd3b95aa133e02633bc04a8303abb95ad132482ca7c4f84a4fe17bcf15c28,1,0.0,0.0,0.0,45765.3,45765.3,ac1dd3b95aa133e02633bc04a8303abb95ad132482ca7c4f84a4fe17bcf15c28,4669999.0,SP,9920000000000000.0,9180000000000000.0,964.0,268500.0,980.0,0.0,979.0,987.0
ac2043421c02a7e11fcf3d1afd62f7cbc7f68af333ac743ed86e83068c243fb7,1,0.0,0.0,0.0,10680.0,10680.0,ac2043421c02a7e11fcf3d1afd62f7cbc7f68af333ac743ed86e83068c243fb7,2071100.0,PR,8470000000000000.0,9480000000000000.0,964.0,2230000000000000.0,960.0,1873.0,982.0,988.0
ac63a46cfac937ddd3faa51b00f11b90971350acc820cf8317c0722664051963,1,0.0,0.0,0.0,2402.5,2402.5,,,,,,,,,,,
ac69837002b2e704edb69997b8591f5c519c8ad43f351cec696c0580ddc24dfd,1,0.0,0.0,0.0,5400.0,5400.0,,,,,,,,,,,
ac8f0f2f377ddfe1ebd3bc83cb860d6236c253a3cec0bc3e19534f9174b812bb,1,0.0,0.0,0.0,1289.07,1289.07,ac8f0f2f377ddfe1ebd3bc83cb860d6236c253a3cec0bc3e19534f9174b812bb,4672900.0,MT,9870000000000000.0,8070000000000000.0,950.0,2.23e+16,960.0,0.0,979.0,988.0
acae2cccb5c10f76ddc9e84ac4c7aedf1e05c0756aff1a8b93995196174cec96,1,0.0,0.0,0.0,1199.2,1199.2,,,,,,,,,,,
acc11da8f5f2683aa883048b1270f159be0c2b530259ddd5f1da2df56b2cec72,1,0.0,0.0,0.0,464.96,464.96,,,,,,,,,,,
acd22e4bcb81ee37fd4cfbf2e9dc995b94113b3ccd4c8f362dce4887a811f59f,1,0.0,0.0,0.0,990.74,990.74,,,,,,,,,,,
acd503359d282251d48305117cbf44a62f5495903e5fbbdcea9e79ba632b7a36,2,0.0,0.0,0.0,76657.57,38328.785,acd503359d282251d48305117cbf44a62f5495903e5fbbdcea9e79ba632b7a36,4684201.0,RS,9860000000000000.0,1000.0,944.0,127600.0,930.0,0.0,972.0,989.0
ace49b655cc399f8c24d857c8c8d060a86fc3a4f16c78fedbd4fe80f18df528c,1,0.0,0.0,0.0,25296.25,25296.25,ace49b655cc399f8c24d857c8c8d060a86fc3a4f16c78fedbd4fe80f18df528c,4639701.0,SP,9270000000000000.0,6710000000000000.0,934.0,1840000000000000.0,910.0,358.0,972.0,989.0
ace648d24bcced24caef2a6817dbfe1ad9d252c984c3209bce79d5aaca219508,1,2.0,2.0,1.0,91.26,91.26,,,,,,,,,,,
acf8564666f6d59610930da8790764e872a51afc841f4b6e9c4a539f749febe0,1,2.0,2.0,1.0,471.17,471.17,,,,,,,,,,,
ad1e06d9664d2f99992884dc053e63a45b2b3edd28dcdfc92473381972aefd7f,1,0.0,0.0,0.0,77.02,77.02,,,,,,,,,,,
ad2dc3d7a9b4fe0e4690c448430c9a569b731cb4365a3325d32b5df658c45407,2,0.0,0.0,0.0,552.66,276.33,,,,,,,,,,,
ad348b5b92ade0f48d56cf3119e313d559a156269011a5dc94167880de1c4de8,1,0.0,0.0,0.0,757.32,757.32,ad348b5b92ade0f48d56cf3119e313d559a156269011a5dc94167880de1c4de8,1412601.0,RS,9760000000000000.0,7680000000000000.0,835.0,175800.0,950.0,0.0,908.0,985.0
ad582a1154ae30cf1699164f42fdccf5331fd83866a962197f2faa6214e9c1b7,1,0.0,0.0,0.0,621.85,621.85,,,,,,,,,,,
ad5d4274db5c3298a84aaa980feac087b4447ba776207098c4c38a987581394d,1,0.0,0.0,0.0,3421.8,3421.8,,,,,,,,,,,
ad77fd25937b3046500619787a45994345588965892e004af8a297e751950952,1,0.0,0.0,0.0,1251.6,1251.6,,,,,,,,,,,
ad8091f12937569cdba688d5454da06d78a816b68374e5fc4d01c2d8823a5577,1,2.0,2.0,1.0,125.67,125.67,,,,,,,,,,,
ad88a8d58e4214d1ed79f97cfd0f5a3b69f06639ec8f2c5ec67d20efd2213f69,1,4.0,4.0,1.0,2584.0,2584.0,,,,,,,,,,,
ad8a22ec25bcaf3d39990d69ecd05f69f18fcd1b78e49f13162402e7f44f8e22,3,1.3333333333333333,4.0,0.3333333333333333,1175000.0,391666.6666666667,,,,,,,,,,,
ad970215ade55f00bc67e20a902cf00c19d91874cc47d33860f5131b1a8cf600,1,1.0,1.0,1.0,11526.01,11526.01,,,,,,,,,,,
adb6f0c2c23f1ea1d144d8082c980a23c3247bae34ef86c5546e8bded2460b7f,1,0.0,0.0,0.0,546.62,546.62,adb6f0c2c23f1ea1d144d8082c980a23c3247bae34ef86c5546e8bded2460b7f,6110803.0,SP,588423000000000.0,6170000000000000.0,595.0,5.95e+16,870.0,37696.0,573.0,985.0
adb775a715a1877dbec1e60828be5fa518911fd4c15f05a278ecbe123d8d22fa,19,0.0,0.0,0.0,80012.28,4211.172631578947,adb775a715a1877dbec1e60828be5fa518911fd4c15f05a278ecbe123d8d22fa,1412603.0,SC,8790000000000000.0,1000.0,949.0,1920000000000000.0,930.0,991.0,982.0,987.0
adb84971e61bda16c673edd5f35b35c0aa5747971be6f6bbb2cf80272c088b45,1,0.0,0.0,0.0,5985.26,5985.26,,,,,,,,,,,
add2be138f1bf7ac9b569859451db14b3af64b2d528628dd78359b54fa0b5503,1,0.0,0.0,0.0,1345.0,1345.0,,,,,,,,,,,
ae18a7c469bbc64b27ffcfa31407b1b5b9e4051b31af36e9f1b9cfbc5c7152cd,2,0.0,0.0,0.0,1000000.0,500000.0,ae18a7c469bbc64b27ffcfa31407b1b5b9e4051b31af36e9f1b9cfbc5c7152cd,6462000.0,SP,1e+16,1000.0,662.0,2.1e+16,770.0,0.0,969.0,988.0
ae1feb6f996e67d20380ff789ce77fd4203658becd9299ec7ac43778f9b8ee2c,1,0.0,0.0,0.0,27833.0,27833.0,ae1feb6f996e67d20380ff789ce77fd4203658becd9299ec7ac43778f9b8ee2c,4681805.0,RN,1.94e+16,881840000000000.0,858.0,1.76e+16,870.0,1938.0,960.0,988.0
ae3aaf6bb683c233123a988fbe6ef14e4f8ec518f3dce0b98a4176baccad6e9f,1,0.0,0.0,0.0,6622.37,6622.37,ae3aaf6bb683c233123a988fbe6ef14e4f8ec518f3dce0b98a4176baccad6e9f,4652400.0,SC,6190000000000000.0,6530000000000000.0,740.0,135950.0,830.0,8051.0,977.0,987.0
ae55ce8830edd84f9feacd4050388d0325860688c910cb6a570c6ab279a0ab4d,2,1.5,2.0,1.0,1692.7,846.35,ae55ce8830edd84f9feacd4050388d0325860688c910cb6a570c6ab279a0ab4d,4639701.0,PR,9810000000000000.0,6930000000000000.0,750.0,38000.0,890.0,394.0,961.0,987.0
ae5ee3b201c26895726a3f768b3e7ad3ab5950baa5dcdac50359b972d9b3f158,1,0.0,0.0,0.0,4546.0,4546.0,ae5ee3b201c26895726a3f768b3e7ad3ab5950baa5dcdac50359b972d9b3f158,4782201.0,SP,1000.0,4360000000000000.0,921.0,292500.0,980.0,0.0,966.0,988.0
ae7d7c1e6975056ff6eccf078b747ebfef87fe8a084f6d9964b3ee53d0ee739c,1,0.0,0.0,0.0,6704.29,6704.29,ae7d7c1e6975056ff6eccf078b747ebfef87fe8a084f6d9964b3ee53d0ee739c,4721103.0,PR,1000.0,906851000000000.0,940.0,2.56e+16,980.0,0.0,983.0,988.0
ae8c6cab044367bc8148924a4abe016d083e229a78ed81b6baf283a99393628d,1,0.0,0.0,0.0,309.07,309.07,,,,,,,,,,,
aeb94d6d3177a3e57a277263695e7bc2f29c0189ea118e6d38d8553fa1c3dd52,1,0.0,0.0,0.0,1295.46,1295.46,aeb94d6d3177a3e57a277263695e7bc2f29c0189ea118e6d38d8553fa1c3dd52,4663000.0,RJ,8720000000000000.0,878459000000000.0,929.0,1.45e+16,930.0,0.0,979.0,989.0
aec3801d8596ad03bdfbbb49bb3263a6c46dadaaccfbadfc7ad7baf7f8ed4f2b,1,0.0,0.0,0.0,706.75,706.75,,,,,,,,,,,
aecbe9437289257630c3109a02b66b25a495d4bc05b2df9c33a60a4e54206f09,1,0.0,0.0,0.0,355.99,355.99,,,,,,,,,,,
aecc9fac099f4fbfc21a166054b79d0c1722460bee8eca07e38faaca3f4c8c38,1,0.0,0.0,0.0,1111.81,1111.81,,,,,,,,,,,
aecde72cde913966f0f6931846d586a1621534c301f47f1a8c15136a53efcbad,1,0.0,0.0,0.0,398.01,398.01,,,,,,,,,,,
aeea07f18f1556dbb8b3ccaf3c1b60f5907b301afc82dc6878421d4355a59b24,1,0.0,0.0,0.0,620.0,620.0,aeea07f18f1556dbb8b3ccaf3c1b60f5907b301afc82dc6878421d4355a59b24,4930203.0,SP,9090000000000000.0,7010000000000000.0,958.0,224700.0,960.0,7777.0,968.0,989.0
af2b1cd026e0aa6aaceca185ab4fe7cbe3a6bec4f2d1057a3df8ad2877acc0fc,1,3.0,3.0,1.0,594.17,594.17,,,,,,,,,,,
af2d0a78f1eee81d48a65f652ba5f17b69c48ce516eafdcf9952b406c8b55b25,1,1.0,1.0,1.0,1730.23,1730.23,,,,,,,,,,,
af3e04f42de6bdf831e0f56a1e56868e9f26ca989403b81a47b053c2e1f29816,1,0.0,0.0,0.0,827.56,827.56,,,,,,,,,,,
af3e7544f6e28208f8f4321e1fded18b16c362874ab5d899889cf59686ef7393,1,6.0,6.0,1.0,93.73,93.73,,,,,,,,,,,
af3f2fc7ad9fd8cfc12e314a094893327ec3e8b8ceec6ff5591d622ab1ec2990,1,0.0,0.0,0.0,30000.0,30000.0,,,,,,,,,,,
af4b928076d4e9f70764803a18a2accb1e6ee22507d106b1feddce0fd85e2004,1,0.0,0.0,0.0,7833.33,7833.33,af4b928076d4e9f70764803a18a2accb1e6ee22507d106b1feddce0fd85e2004,4632003.0,SP,8700000000000000.0,9100000000000000.0,925.0,2.35e+16,960.0,2065.0,981.0,989.0
af5e631b73fe3b14cf44a9948d42fe294f3209c5e0b9d95e537e50e8f33c3a63,6,0.6666666666666666,1.0,0.6666666666666666,13359.65,2226.608333333333,,,,,,,,,,,
af5fb38e7d9fcf16e91e8b6cd9eca0cb67a1c3630956304cfe54c8d8ce5092b0,2,0.0,0.0,0.0,68680.23,34340.115,af5fb38e7d9fcf16e91e8b6cd9eca0cb67a1c3630956304cfe54c8d8ce5092b0,1013901.0,RN,7900000000000000.0,5960000000000000.0,905.0,2.52e+16,910.0,177.0,960.0,986.0
af73c8d577728f5f9dfae011f7d9be99e7640787a3d1ee0d4cfca079c41d90e8,1,0.0,0.0,0.0,644.98,644.98,,,,,,,,,,,
af7c27868c4d7f118db62fb3793fde077ba3075d08f2b4caffbbd965b3638909,6,20.666666666666668,62.0,0.3333333333333333,440641.91000000003,73440.31833333334,,,,,,,,,,,
af86d96c88103c7c8acddfcaa7e40d619b7a153cc0b5369fba70926e453bd105,73,0.136986301369863,3.0,0.1095890410958904,8861790.61,121394.39191780821,af86d96c88103c7c8acddfcaa7e40d619b7a153cc0b5369fba70926e453bd105,2452100.0,SP,7410000000000000.0,1000.0,781.0,1102875.0,770.0,2896.0,966.0,988.0
afc6587a0af64a0b6d608b30d9e8f6b351a02d72b0f390fc51ec4e0c81a48e7e,1,0.0,0.0,0.0,5105.0,5105.0,,,,,,,,,,,
afcb53973843703dbad66776ce70f25476b0922c906275f6e821d88bc45b8db0,2,3.0,5.0,1.0,15443.41,7721.705,afcb53973843703dbad66776ce70f25476b0922c906275f6e821d88bc45b8db0,4530703.0,GO,690361000000000.0,1000.0,452.0,1.16e+16,740.0,23054.0,925.0,985.0
afe31eee19758bd37098fd101f1b24c2a8329f490dc9c32658360eccb171138d,2,1.5,3.0,0.5,1435.0,717.5,,,,,,,,,,,
afe4173f55c76114135e9c4c3768e131fc193ae86ec86401a69d8d051b9325f2,1,0.0,0.0,0.0,1276.77,1276.77,afe4173f55c76114135e9c4c3768e131fc193ae86ec86401a69d8d051b9325f2,2212900.0,SP,8840000000000000.0,8730000000000000.0,948.0,2140000000000000.0,970.0,2593.0,978.0,989.0
afeb7224d6063a38cefbd97ba34bf541167c4f5d019da87d18e3b9c8da197a25,1,0.0,0.0,0.0,1938.0,1938.0,,,,,,,,,,,
b011fa67dfc824691970f7df9b77fe1d74b6aea799f727bd4181eb93e9670d74,1,0.0,0.0,0.0,2445.93,2445.93,,,,,,,,,,,
b014db3b4cb0202fb9caf24a1c6e63e9bf5e077f219606ae82491818eb727268,3,0.0,0.0,0.0,2341.66,780.5533333333333,,,,,,,,,,,
b01951ce4fd724a6e8aabfb55d35155834e97fa59ff5b6d46b23aa8138207160,1,0.0,0.0,0.0,499.64,499.64,,,,,,,,,,,
b023f75d3788232d67333d23f87ed24e20cf4c0cd60a3f26beb68f05b6b2927c,1,0.0,0.0,0.0,254.5,254.5,,,,,,,,,,,
b04d95cdbc625317a47d2c5cef4627cbe71717dfcd5193a75467f00eb0e7b6e1,1,0.0,0.0,0.0,2400.5,2400.5,b04d95cdbc625317a47d2c5cef4627cbe71717dfcd5193a75467f00eb0e7b6e1,1093701.0,SC,9470000000000000.0,9560000000000000.0,902.0,2.67e+16,920.0,0.0,979.0,988.0
b05d00f08fd5536aa8bf549b8853869959698b9dfcb245e58f720cfecd5adebd,2,0.5,1.0,0.5,1140.8000000000002,570.4000000000001,,,,,,,,,,,
b05e761ee0e8ac5c97fb9f3fdcb83d424a82c7c0b2da9ff723d672cf08429812,1,0.0,0.0,0.0,1609.9,1609.9,b05e761ee0e8ac5c97fb9f3fdcb83d424a82c7c0b2da9ff723d672cf08429812,1412601.0,MG,9720000000000000.0,6650000000000000.0,959.0,2360000000000000.0,950.0,565.0,982.0,988.0
b06651a09b309cb8afa7682e470d959955ed40d75c61c32ce8b4a78589f1ec86,1,0.0,0.0,0.0,581.44,581.44,,,,,,,,,,,
b06a218d7d9889683f9012e120df09e93d76351db3b1f4bc1d364e1f74afc90d,2,0.0,0.0,0.0,14371.8,7185.9,b06a218d7d9889683f9012e120df09e93d76351db3b1f4bc1d364e1f74afc90d,4711302.0,RS,9520000000000000.0,1000.0,960.0,2.21e+16,970.0,3624.0,981.0,989.0
b0709a8007f7e9ced50f451ddc57b770d2ffa9cfb9e23dfd429c035606d7662b,3,0.0,0.0,0.0,447.57000000000005,149.19000000000003,b0709a8007f7e9ced50f451ddc57b770d2ffa9cfb9e23dfd429c035606d7662b,4753900.0,MA,9520000000000000.0,725777000000000.0,925.0,1.93e+16,970.0,3574.0,984.0,988.0
b0958240c852a49eb3bfcf77b0f0d0cec8a7f6a2196b03655a5b7787801916cd,1,68.0,68.0,1.0,1162.8,1162.8,,,,,,,,,,,
b09ce681d6ac86cbd603e8833b0bbdcb4f3facebedfcd91c5b63b01dab8dcb7c,1,0.0,0.0,0.0,6143.75,6143.75,b09ce681d6ac86cbd603e8833b0bbdcb4f3facebedfcd91c5b63b01dab8dcb7c,6202300.0,RS,7890000000000000.0,8550000000000000.0,913.0,9730000000000000.0,890.0,3532.0,977.0,989.0
b09d0b5c26a93f1bf0cc2418171fe206e2d7967d2a90f9a0c6a4b6c820526034,1,0.0,0.0,0.0,700000.0,700000.0,b09d0b5c26a93f1bf0cc2418171fe206e2d7967d2a90f9a0c6a4b6c820526034,6619399.0,SP,3.28e+16,9510000000000000.0,143.0,890625.0,420.0,17477.0,93.0,694.0
b0aca11d8c18725c3edec20af4ef96ac499a106478834422a58df9d96cec503c,1,0.0,0.0,0.0,228.34,228.34,,,,,,,,,,,
b0bf5b333f0638a2fa60313a27cb544a408d783cdd28ada82ff2d95557e1c773,1,0.0,0.0,0.0,262.24,262.24,,,,,,,,,,,
b0d7da2dd48c5fb269c3eac6f3c1584c9bd913918127a6df0c2f4ca5195a2276,1,0.0,0.0,0.0,385.01,385.01,,,,,,,,,,,
b0e1046b8c358514553da7325bbf506414bf9a045732f51a0e83a9b836205898,2,0.5,1.0,0.5,136811.48,68405.74,b0e1046b8c358514553da7325bbf506414bf9a045732f51a0e83a9b836205898,4692300.0,RS,9290000000000000.0,7870000000000000.0,876.0,202040.0,930.0,5897.0,982.0,989.0
b0e40ddabe66c2997299318cf6cd210f81e5599f66524e3fef230d01519dfab1,3,10.666666666666666,18.0,1.0,339.99,113.33,,,,,,,,,,,
b0efa9ae14560bdf0ced2093e4f55806b9e2cc307a77312ff0f3659806ddbcdc,3,0.3333333333333333,1.0,0.3333333333333333,5436.82,1812.2733333333333,b0efa9ae14560bdf0ced2093e4f55806b9e2cc307a77312ff0f3659806ddbcdc,2229303.0,SP,9900000000000000.0,8850000000000000.0,921.0,197240.0,970.0,467.0,977.0,988.0
b0fa05d2802e439fa3961f38dca20a4104f39ab5c75293d05f6d7420346fce7d,1,2.0,2.0,1.0,230.0,230.0,,,,,,,,,,,
b11314223fc28db1b7ba6939a80d7d4baf5dc389b90e30835a56823ca2e59610,1,0.0,0.0,0.0,459.4,459.4,,,,,,,,,,,
b116471a4b077c1b8e30db3158c8e9f34e124b64df1a8c5108a51511dc7155ed,1,1.0,1.0,1.0,391.66,391.66,b116471a4b077c1b8e30db3158c8e9f34e124b64df1a8c5108a51511dc7155ed,4781400.0,RS,9020000000000000.0,6930000000000000.0,756.0,2750000000000000.0,930.0,0.0,944.0,987.0
b1286a81db80664d1445013c16b06d42209e4705679f97417d070d97940e1321,1,0.0,0.0,0.0,56.75,56.75,b1286a81db80664d1445013c16b06d42209e4705679f97417d070d97940e1321,4771701.0,PR,8890000000000000.0,50.0,929.0,220050.0,950.0,3671.0,972.0,987.0
b12a224e98b5b2597c08c85fdf1fb30361d1ac0e062549c5b769afe53ca913ed,1,0.0,0.0,0.0,232.2,232.2,,,,,,,,,,,
b14af0480c62b0270cc9fa340fbc9ad264a92ecc4a332915ed8f3343dae46e0c,1,0.0,0.0,0.0,1740.0,1740.0,b14af0480c62b0270cc9fa340fbc9ad264a92ecc4a332915ed8f3343dae46e0c,4712100.0,PE,9290000000000000.0,50.0,931.0,1860000000000000.0,940.0,6641.0,957.0,989.0
b159b7ade4009eef4afdd6e45d045208bdec2faff5144968c2ca2b5ebd151f8a,3,0.0,0.0,0.0,9517.2,3172.4,b159b7ade4009eef4afdd6e45d045208bdec2faff5144968c2ca2b5ebd151f8a,2824101.0,AM,7220000000000000.0,9330000000000000.0,923.0,1.47e+16,890.0,39965.0,971.0,987.0
b1687928b0adba78f788a7aedb3dfe37fcff18a70d587552a990ddb216695f24,2,0.0,0.0,0.0,11466.66,5733.33,b1687928b0adba78f788a7aedb3dfe37fcff18a70d587552a990ddb216695f24,4632001.0,SP,9440000000000000.0,9110000000000000.0,941.0,2060000000000000.0,960.0,16562.0,973.0,989.0
b19359cff8d6f51740a15587f4773308bf20711a049894938a2ee7c269b74ff6,1,0.0,0.0,0.0,744.56,744.56,,,,,,,,,,,
b1acb25aef58e7a0ccd8f1268ee12e32075fba5315577f77cbb50d7da2203603,1,0.0,0.0,0.0,1381.28,1381.28,,,,,,,,,,,
b1bb807c40ce30f95cc5259ad2eec9b9b9296e5b65a7fa242619b31bdc49c43a,1,0.0,0.0,0.0,52486.25,52486.25,,,,,,,,,,,
b1e1ed3f7a9d0129cb6c5523ef497972999c66571fd6677d41fce8dfaf33cdfd,2,1.0,2.0,0.5,1629.7,814.85,,,,,,,,,,,
b204b9fe91983b35ff1fc6fd7bd53717985295808bda3645bcbc10750c28c6f4,1,0.0,0.0,0.0,149.29,149.29,,,,,,,,,,,
b21273d233553a7fd33dfc37772eecdb14ce34d3ba4d587ae63f3273e828bfbe,2,0.0,0.0,0.0,1300.78,650.39,,,,,,,,,,,
b21d4dcba1d9f9205f69d7d3c20f5bfbe5dbce7f1187f81327970a97b36f4651,14,15.0,63.0,0.8571428571428571,108542.07,7753.005,,,,,,,,,,,
b222e7c7a7f9529ea134f9184ddb533b2b19f7be1cf5a112ae74fb6b778a623a,1,0.0,0.0,0.0,792.66,792.66,,,,,,,,,,,
b2582bee43f613a9b266512b98971b9b4c91030b2c9f88a1c1f2cbca316cedeb,1,0.0,0.0,0.0,7873.25,7873.25,,,,,,,,,,,
b26e7565d7ba6aa15fd0861a3aa0ef07755065725f1e6f86775babba544efb07,1,0.0,0.0,0.0,1055.0,1055.0,,,,,,,,,,,
b26f3b08949895e21b25303177e135a85587c1bad543a6c6c10051f124488ec9,5,62.0,62.0,1.0,422972.8,84594.56,,,,,,,,,,,
b2729a67b36f69d1a8d7c1ca6ba0e3666aec9dbe5adb4690aec7bdc2d7a2dd84,1,0.0,0.0,0.0,472.68,472.68,,,,,,,,,,,
b27bdcc3776a9af4482cc39d7868553e16804f7629a777843b047a4cbf83d911,1,2.0,2.0,1.0,596.3,596.3,,,,,,,,,,,
b27d820c12d1cccb4e284da4d51927621a9748331b9a34360cf2152cbf5ca55e,2,0.0,0.0,0.0,261.62,130.81,,,,,,,,,,,
b2833ceb4c9061dc52acacbafbec5e3e8412f60a5365556e28ed35f15f5a8e7b,1,0.0,0.0,0.0,9456.39,9456.39,b2833ceb4c9061dc52acacbafbec5e3e8412f60a5365556e28ed35f15f5a8e7b,4635402.0,PR,8830000000000000.0,9020000000000000.0,962.0,1.85e+16,940.0,193.0,982.0,988.0
b29377706ba99032cd9ddc5319fd9aa99aaf5b22c43517b28b0374d8d819cb13,1,0.0,0.0,0.0,606.66,606.66,,,,,,,,,,,
b298e0c61e85f32efe204e282deed9fbebfa30f33d5426eb43bac52b44c9af37,1,0.0,0.0,0.0,1497.74,1497.74,,,,,,,,,,,
b29dda40dd36b37ef80aca80a6b742ce4c8f7856e2e1874aa6927218d66bfbd3,2,1.5,2.0,1.0,3819.72,1909.86,b29dda40dd36b37ef80aca80a6b742ce4c8f7856e2e1874aa6927218d66bfbd3,4623109.0,ES,8510000000000000.0,7670000000000000.0,866.0,2.33e+16,930.0,1212.0,979.0,986.0
b29e811b5b507b154b522b8a96974058f2806db6209c7fe8256b4c9f5e263fe5,1,0.0,0.0,0.0,99.21,99.21,,,,,,,,,,,
b2a7da82daa8c37d0c06894fdbff397284178346c004469475b2121592b42b8e,2,0.0,0.0,0.0,19305.0,9652.5,b2a7da82daa8c37d0c06894fdbff397284178346c004469475b2121592b42b8e,4644301.0,MG,9820000000000000.0,8780000000000000.0,950.0,1.88e+16,920.0,457.0,982.0,988.0
b2d91eeeef0cd226bddd68664cff37d338187053dd60692a5d26d1244794b442,1,1.0,1.0,1.0,897.83,897.83,b2d91eeeef0cd226bddd68664cff37d338187053dd60692a5d26d1244794b442,4744001.0,PR,9510000000000000.0,9310000000000000.0,960.0,2.44e+16,980.0,0.0,982.0,989.0
b2e1f477f8290e3949fab10362a7ae3cd9e8755ec3f890e95034992463c7a459,1,0.0,0.0,0.0,5732.18,5732.18,,,,,,,,,,,
b2e468ffb76e440b890f044ef53766f4cfe34f094f45c33ab2b85b3467ceb565,5,0.2,1.0,0.2,1148.03,229.606,,,,,,,,,,,
b2e74cc0960ab5679da0d304bbdc9614bc7abfbbd852a8f12aa00784ed29e037,3,0.0,0.0,0.0,1185394.3599999999,395131.4533333333,b2e74cc0960ab5679da0d304bbdc9614bc7abfbbd852a8f12aa00784ed29e037,4661300.0,MT,8070000000000000.0,8070000000000000.0,852.0,982109375.0,950.0,9414.0,979.0,988.0
b2eeb2bd7a1fb684c2d9b259370dbfb882bed2407fe798b807528f759c325e7e,2,65.0,68.0,1.0,225750.01,112875.005,b2eeb2bd7a1fb684c2d9b259370dbfb882bed2407fe798b807528f759c325e7e,4649406.0,CE,1.38e+16,9910000000000000.0,169.0,1.08e+16,650.0,2306.0,62.0,779.0
b2f005eedc0d9b430b773201e1fefd0792c8e9441d930abb9bedc76828fcd9d0,1,0.0,0.0,0.0,1085.43,1085.43,b2f005eedc0d9b430b773201e1fefd0792c8e9441d930abb9bedc76828fcd9d0,4530703.0,GO,8860000000000000.0,1000.0,905.0,70800.0,940.0,0.0,955.0,988.0
b2f510f3072785c4a814ef93d90013f6ecf3a0ece2539f26410dd04d4f8ddcb5,2,0.0,0.0,0.0,401.06,200.53,,,,,,,,,,,
b308dc8e50b8489ecc720f193af8a554151a8ecf6acca2d0d7f38e2204d1d179,3,0.6666666666666666,2.0,0.3333333333333333,4165.62,1388.54,b308dc8e50b8489ecc720f193af8a554151a8ecf6acca2d0d7f38e2204d1d179,4781400.0,RS,9130000000000000.0,579447000000000.0,940.0,230453125.0,940.0,6169.0,982.0,989.0
b319dbc4fa0e0dbf5109bf624298d290e9fd5f77e22ae9c59de74a67a64d46d6,1,0.0,0.0,0.0,3699.11,3699.11,,,,,,,,,,,
b31a6c6bf3b980cd9ea10c5d4fac16327578a7e65aa75050594bd1192f3872a5,1,0.0,0.0,0.0,1059.13,1059.13,,,,,,,,,,,
b3287ea09305bff9f80af559c9c980bfa56e92405cb4dd9da88e63df648e3773,1,7.0,7.0,1.0,151.31,151.31,b3287ea09305bff9f80af559c9c980bfa56e92405cb4dd9da88e63df648e3773,4771701.0,PR,5680000000000000.0,1000.0,377.0,1.29e+16,880.0,21975.0,130.0,964.0
b34a994dc3382795bb71fd23813dc98b497f7a43886e6b494c8b011b53352d8f,5,0.0,0.0,0.0,92136.38,18427.276,b34a994dc3382795bb71fd23813dc98b497f7a43886e6b494c8b011b53352d8f,4744099.0,RR,9720000000000000.0,7830000000000000.0,965.0,2.58e+16,960.0,18.0,978.0,988.0
b3625b49f5e665affabb014a57a92f950578d26a29789be55cd2307e92ac698c,1,0.0,0.0,0.0,727.92,727.92,,,,,,,,,,,
b3a1d7803f62b01bbb6267d4ef5cc11bda8c410a662f2f0e9edf3ca34ea64b79,2,2.0,4.0,0.5,1732.62,866.31,b3a1d7803f62b01bbb6267d4ef5cc11bda8c410a662f2f0e9edf3ca34ea64b79,4744099.0,SP,954877000000000.0,9070000000000000.0,859.0,2630000000000000.0,890.0,0.0,964.0,986.0
b3c3e6e3fd308e405d0c5b98002a7a472f1532ae5fccf322cc95d4d5029da854,1,1.0,1.0,1.0,567.0,567.0,b3c3e6e3fd308e405d0c5b98002a7a472f1532ae5fccf322cc95d4d5029da854,4789099.0,RS,9600000000000000.0,8920000000000000.0,938.0,2.45e+16,970.0,0.0,978.0,988.0
b3c5117180f7e43d14078eb4e49cd5e64b4358c9e533cfa695916b06f7895da5,13,0.23076923076923078,2.0,0.15384615384615385,238748.4,18365.26153846154,b3c5117180f7e43d14078eb4e49cd5e64b4358c9e533cfa695916b06f7895da5,2013402.0,PR,9590000000000000.0,4720000000000000.0,920.0,2e+16,900.0,155.0,973.0,989.0
b3df15c44ff09921c6666dd8bd757f951f1ed031626cd226773d142c15fa81b9,1,23.0,23.0,1.0,885.69,885.69,b3df15c44ff09921c6666dd8bd757f951f1ed031626cd226773d142c15fa81b9,4789001.0,RS,2040000000000000.0,1000.0,510.0,9730000000000000.0,610.0,49137.0,148.0,973.0
b3e783cfcc7b7423363128976b27ac947f018428dd3ead8f70258c64cbb12187,1,0.0,0.0,0.0,2450.0,2450.0,,,,,,,,,,,
b3f2db17d3c14a6193b1432820eca7b47d9fa5ed4c2ddca6df2e1b547f4c6f18,1,0.0,0.0,0.0,694.68,694.68,,,,,,,,,,,
b3fd8a07c454d8ad2c484af058cb03a911b90a59c1c7ab2f766a3b82146933b8,1,0.0,0.0,0.0,589.17,589.17,,,,,,,,,,,
b414038749ac507d39184ec9d9800e0fa4c671c5fb1404300def392e0179849d,1,0.0,0.0,0.0,585.75,585.75,b414038749ac507d39184ec9d9800e0fa4c671c5fb1404300def392e0179849d,4781400.0,RS,9520000000000000.0,8450000000000000.0,878.0,2.07e+16,980.0,3933.0,970.0,988.0
b41e9459a035269fe3025934d129ba929c027dfd220674e7ff300b9a378dbfa3,1,0.0,0.0,0.0,3900.0,3900.0,b41e9459a035269fe3025934d129ba929c027dfd220674e7ff300b9a378dbfa3,2229302.0,SP,9960000000000000.0,9910000000000000.0,928.0,2680000000000000.0,970.0,0.0,968.0,988.0
b423f79fe44557fe3638eec257ebb935ae13c1531528e68eabf31a6304283e29,1,0.0,0.0,0.0,399.0,399.0,,,,,,,,,,,
b428749ddaa46e65a13b44e0edc7179516ed380333d9d7cb87452d2f9deb6a3b,1,0.0,0.0,0.0,807.29,807.29,b428749ddaa46e65a13b44e0edc7179516ed380333d9d7cb87452d2f9deb6a3b,1412601.0,MG,6570000000000000.0,816727000000000.0,889.0,210600.0,890.0,29.0,977.0,988.0
b43c20aad20b5cf320712948fa0cbf0c815d189e89f568591439e824ba3a872f,1,1.0,1.0,1.0,2744.21,2744.21,,,,,,,,,,,
b4419736b0c287b8666901dd3c16029cb0247cfa16a1f12f043f5884b118daf9,2,0.0,0.0,0.0,970.17,485.085,b4419736b0c287b8666901dd3c16029cb0247cfa16a1f12f043f5884b118daf9,4321500.0,SC,9170000000000000.0,1000.0,943.0,0.0,970.0,0.0,976.0,988.0
b444c4408474015eeb5971972869b6ed8e30e3d39f915980a37c0bf57645cfc2,1,1.0,1.0,1.0,405.66,405.66,b444c4408474015eeb5971972869b6ed8e30e3d39f915980a37c0bf57645cfc2,4530701.0,SP,6710000000000000.0,7787720000000.0,731.0,1.03e+16,620.0,13945.0,158.0,946.0
b4478794908248e365a0465f941ab2c0f0785ee26e501f77b66f3c0bc4fd8fb3,1,0.0,0.0,0.0,4620.0,4620.0,b4478794908248e365a0465f941ab2c0f0785ee26e501f77b66f3c0bc4fd8fb3,4757100.0,SP,8740000000000000.0,9920000000000000.0,830.0,85000.0,780.0,0.0,891.0,987.0
b4514e457b462aa43df44a77ccb13c9b7dd93efe3b5265b56ce2b00af9722914,1,0.0,0.0,0.0,499.68,499.68,,,,,,,,,,,
b4515f660d50a50223907f3764d6f67a0b8b396ff2c45e5f8ed6ab49e8f73990,3,0.0,0.0,0.0,788.72,262.9066666666667,,,,,,,,,,,
b458538c5c583b4763e17843e46bc55018383ca60e86209d21953f9cf4ae13ec,1,0.0,0.0,0.0,6300.0,6300.0,b458538c5c583b4763e17843e46bc55018383ca60e86209d21953f9cf4ae13ec,1052000.0,PR,9270000000000000.0,8850000000000000.0,941.0,2.54e+16,970.0,0.0,983.0,989.0
b463675eda54713a0082866ca9bdb471d620bea82e5ba6afff71481c74b873f2,1,0.0,0.0,0.0,1271.8,1271.8,,,,,,,,,,,
b46f7f08ea0281ed2b5e61cdeca11aa7f6e13339a0eaa85d6bda8a83d69b2d88,6,5.166666666666667,11.0,0.8333333333333334,1854.12,309.02,,,,,,,,,,,
b470d1393520270de3d7643c2322d973fc8a4d81bef752926811e2b50f72e64e,1,12.0,12.0,1.0,916.56,916.56,,,,,,,,,,,
b476058effe8dcc00f4cdaa7b4528fe1a445555897bc341e69ca78a408b19085,1,0.0,0.0,0.0,14729.0,14729.0,b476058effe8dcc00f4cdaa7b4528fe1a445555897bc341e69ca78a408b19085,1066000.0,MG,9350000000000000.0,8540000000000000.0,958.0,2.26e+16,940.0,0.0,973.0,987.0
b476cba2e47ac61e7bd29c47321aecf098ffd1cdfd9f1f1500af78eeb15a187a,1,0.0,0.0,0.0,408.7,408.7,,,,,,,,,,,
b47a1f91d6b92e0e47da58a29edb27dcd62fa9a89764f7e7a644c2696a1cf90f,1,0.0,0.0,0.0,821.65,821.65,b47a1f91d6b92e0e47da58a29edb27dcd62fa9a89764f7e7a644c2696a1cf90f,7732201.0,MT,9080000000000000.0,4970000000000000.0,802.0,2450000000000000.0,900.0,0.0,931.0,986.0
b47ad4c7908079f3860a49bc9af20101b2c44c8b4012a1f42867533a4bced923,2,0.0,0.0,0.0,2728.0,1364.0,b47ad4c7908079f3860a49bc9af20101b2c44c8b4012a1f42867533a4bced923,1412601.0,RS,7710000000000000.0,7700000000000000.0,939.0,2.19e+16,960.0,808.0,980.0,988.0
b47c1ff346a0091bcc96476ad0dc26947d3544b97c793db95873a85935bd19ff,1,0.0,0.0,0.0,69.44,69.44,,,,,,,,,,,
b4805855bb666f329fd0e8059cdadb4ffc3c17fd006899b0a4f61548312aa5c9,1,2.0,2.0,1.0,1441.0,1441.0,b4805855bb666f329fd0e8059cdadb4ffc3c17fd006899b0a4f61548312aa5c9,4661300.0,PA,8640000000000000.0,8160000000000000.0,802.0,19400.0,930.0,28625.0,965.0,988.0
b48469d427edd18f65af3e8b57a271f4aba1e44374e28f75b78099e5d4e14080,2,0.0,0.0,0.0,9506.25,4753.125,b48469d427edd18f65af3e8b57a271f4aba1e44374e28f75b78099e5d4e14080,4711302.0,SP,8330000000000000.0,8850000000000000.0,953.0,2250000000000000.0,950.0,10235.0,981.0,988.0
b4915d11d9804d2517fc708a27fa4af045d1589021797f84769802e659d016b0,1,0.0,0.0,0.0,342.83,342.83,b4915d11d9804d2517fc708a27fa4af045d1589021797f84769802e659d016b0,4742300.0,SC,945534000000000.0,1000.0,924.0,12000.0,910.0,1000.0,983.0,989.0
b4b3ce668aa581bcca85fc48619ae1a8eb3c02498f067d22a7e1d47ff1e20676,2,0.0,0.0,0.0,816.76,408.38,,,,,,,,,,,
b4c139a987c568a3bc0c8e2a70f198a8ced71c2e6af4edc5dcf2193e2fcf57e2,1,0.0,0.0,0.0,307.41,307.41,b4c139a987c568a3bc0c8e2a70f198a8ced71c2e6af4edc5dcf2193e2fcf57e2,4520001.0,SP,9390000000000000.0,9180000000000000.0,927.0,2090000000000000.0,970.0,21119.0,971.0,989.0
b4cbef10dd0edb54ef6de102c10b93cfc811ca42d1e33380f5b2ce429c224127,2,6.5,13.0,0.5,1232.24,616.12,,,,,,,,,,,
b4cd4c110ed332872ba06e60e03a4a1fcd0dbca065028e8ae6d588fb5f5a66c8,1,2.0,2.0,1.0,2354.0,2354.0,b4cd4c110ed332872ba06e60e03a4a1fcd0dbca065028e8ae6d588fb5f5a66c8,1422300.0,MG,9260000000000000.0,983279000000000.0,815.0,230600.0,880.0,5029.0,968.0,988.0
b4f6e93bcfdac6a517def30890db3a7071ee72186ee4df15c7044fd8d9072318,1,0.0,0.0,0.0,1801.8,1801.8,b4f6e93bcfdac6a517def30890db3a7071ee72186ee4df15c7044fd8d9072318,4744001.0,SC,986336000000000.0,9300000000000000.0,964.0,0.0,970.0,0.0,980.0,988.0
b51a9e4fda4624b1cb942d19544f32f216706d22daf6abe58ebbaa64db12c12e,1,0.0,0.0,0.0,515.0,515.0,,,,,,,,,,,
b521ee460c2ae2f7b40ce8c74d12e2f0a98c8ad7e2f9e4a8503856a4ff20e09a,2,0.0,0.0,0.0,1101.63,550.815,,,,,,,,,,,
b52d6698d402390335f335055d710c41e35f222820f389f92d7c9191818b7fd6,95,0.12631578947368421,4.0,0.042105263157894736,2306001.61,24273.701157894735,b52d6698d402390335f335055d710c41e35f222820f389f92d7c9191818b7fd6,3832700.0,SP,9810000000000000.0,1000.0,956.0,223000.0,970.0,0.0,983.0,988.0
b52d6702fc2bfd364556dc40f5152760fc7f278455db15b3855548168332867a,1,0.0,0.0,0.0,38814.85,38814.85,b52d6702fc2bfd364556dc40f5152760fc7f278455db15b3855548168332867a,2222600.0,AM,9300000000000000.0,9250000000000000.0,907.0,213275.0,900.0,3323.0,978.0,989.0
b560863592bb7731c83c768bae9b145a53b383b96c54edc307fab8933d1696b9,2,2.5,5.0,0.5,80898.79999999999,40449.399999999994,,,,,,,,,,,
b58e3ad39539dbf12a45d9343c42b6a516f4f5516f31352bd18797956c928c31,1,0.0,0.0,0.0,1306.42,1306.42,,,,,,,,,,,
b5ac43c88bf45203f686812fff53013995ecf4313fbe08693760e3b331b671e1,1,1.0,1.0,1.0,407.28,407.28,b5ac43c88bf45203f686812fff53013995ecf4313fbe08693760e3b331b671e1,4781400.0,PR,8350000000000000.0,50.0,949.0,2.06e+16,970.0,33189.0,974.0,988.0
b5b94f4844786b30fd0d35079f9ad9d187c280e8a8302d0188f9aa1f95955cd7,1,0.0,0.0,0.0,1241.92,1241.92,b5b94f4844786b30fd0d35079f9ad9d187c280e8a8302d0188f9aa1f95955cd7,5829800.0,SP,8850000000000000.0,5280000000000000.0,891.0,135500.0,910.0,0.0,969.0,987.0
b5db5e6faec578011da45eeffa369c5a1475c776508a2ddd74ccc03b8d4e836a,1,0.0,0.0,0.0,2650.09,2650.09,b5db5e6faec578011da45eeffa369c5a1475c776508a2ddd74ccc03b8d4e836a,2212900.0,RN,933113000000000.0,7000000000000000.0,814.0,72250.0,540.0,7261.0,355.0,955.0
b5ee403cd60b67b2ca7b8dbc69875f8c94e520d7a6df3b50f18ee1654212c770,1,1.0,1.0,1.0,487.5,487.5,b5ee403cd60b67b2ca7b8dbc69875f8c94e520d7a6df3b50f18ee1654212c770,2592601.0,SC,971914000000000.0,5950000000000000.0,953.0,257550.0,940.0,0.0,974.0,989.0
b5f0ff81d162c8ccd16d1c3111d8dfa1569d5e010b0b1476efe3840c9392216e,1,3.0,3.0,1.0,751.82,751.82,,,,,,,,,,,
b5f3b3b58f678c8e15718c0317a49ddb3251e046cc459c0f7e6de151bed61e33,1,0.0,0.0,0.0,3196.0,3196.0,b5f3b3b58f678c8e15718c0317a49ddb3251e046cc459c0f7e6de151bed61e33,4742300.0,SC,9820000000000000.0,9160000000000000.0,936.0,241000.0,930.0,0.0,983.0,989.0
b63d853edf560f72359c6d154a1ccc45e69bfbfc89d69147d9ed1fdffab83980,1,0.0,0.0,0.0,799.03,799.03,,,,,,,,,,,
b665b1e9615ae82b21e25e01a9dd656b37436de73d65705ce94ad6768d7fd35b,1,0.0,0.0,0.0,475.09,475.09,,,,,,,,,,,
b6798ac6747d6403a82aacf57b5ac04ae8a5389d173a16f2c5ec40e957891e4e,1,1.0,1.0,1.0,289.7,289.7,,,,,,,,,,,
b683d359d2e5dbe45b5071596661ef57096417aa574d974501dbfef91698b7fe,2,0.0,0.0,0.0,732.17,366.085,,,,,,,,,,,
b68f3340bd9062e8bd89a101e3dff94445e60f76be817bb841366491c47f35bb,3,0.0,0.0,0.0,1391.03,463.6766666666667,,,,,,,,,,,
b6908d7534f212f945737f175997d487fe9f4aca693c3e4743e73d27f0f767f9,2,0.0,0.0,0.0,1302.3600000000001,651.1800000000001,,,,,,,,,,,
b6942e7fd3c6558724ac843aa1ae64be86c36eba3e82f322b53640ba17f8a8e0,1,0.0,0.0,0.0,6963.34,6963.34,b6942e7fd3c6558724ac843aa1ae64be86c36eba3e82f322b53640ba17f8a8e0,4686902.0,PB,9640000000000000.0,3.3e+16,918.0,2.38e+16,910.0,0.0,981.0,989.0
b6aa8f8e9c1c2359850d577ed64e9425900b350936187e93d1efd7944b14ff5c,1,0.0,0.0,0.0,2527.78,2527.78,b6aa8f8e9c1c2359850d577ed64e9425900b350936187e93d1efd7944b14ff5c,4689399.0,SP,9990000000000000.0,9800000000000000.0,965.0,2.48e+16,980.0,0.0,980.0,988.0
b6c58f81f4d53cd9d6e4d3c163ad500af3ef9378e744307175a4a430b39ae2ba,1,0.0,0.0,0.0,1318.32,1318.32,b6c58f81f4d53cd9d6e4d3c163ad500af3ef9378e744307175a4a430b39ae2ba,4712100.0,PR,9820000000000000.0,1960000000000000.0,964.0,2220000000000000.0,980.0,3446.0,983.0,988.0
b6c76a8f8eabf886c5cb70522aa8af6fb00a7bd1c39f846bb4c80395753b7ed8,1,0.0,0.0,0.0,849.23,849.23,b6c76a8f8eabf886c5cb70522aa8af6fb00a7bd1c39f846bb4c80395753b7ed8,1412601.0,SP,7710000000000000.0,8140000000000000.0,899.0,186840.0,940.0,4755.0,969.0,988.0
b6c8aaf76ad61c70056ba2d2ed02821c84314ce6b5e8161d7c59eeca7a5e61ac,2,1.0,1.0,1.0,411.29999999999995,205.64999999999998,b6c8aaf76ad61c70056ba2d2ed02821c84314ce6b5e8161d7c59eeca7a5e61ac,4771701.0,PR,8520000000000000.0,1000.0,963.0,2.34e+16,970.0,0.0,983.0,989.0
b6ea1c5f18f54945087435627a17fc3207951a6b9d29830078e9e8cbce046d0c,1,0.0,0.0,0.0,1229.04,1229.04,,,,,,,,,,,
b704e3a1521358546515c38b1d9e2c38ec5fbba48291214df48270e1a428c8fe,1,0.0,0.0,0.0,17451.72,17451.72,b704e3a1521358546515c38b1d9e2c38ec5fbba48291214df48270e1a428c8fe,4647801.0,MG,945050000000000.0,8580000000000000.0,922.0,1.34e+16,940.0,1489.0,978.0,989.0
b705baabef7eadb7d03c297b80825907b395497d295dac2f1fb303f5fe70e54a,1,1.0,1.0,1.0,3463.0,3463.0,,,,,,,,,,,
b719c2855dddd2a9e29c5df24c8c03c2730c78316a6ea95f0efe4aa4532edaee,1,0.0,0.0,0.0,749.32,749.32,,,,,,,,,,,
b7356969b1bc55a360862f9e2888cd23f70a24ccf68ce482872f367a366d3475,1,2.0,2.0,1.0,81.18,81.18,b7356969b1bc55a360862f9e2888cd23f70a24ccf68ce482872f367a366d3475,4771701.0,PR,9950000000000000.0,1000.0,951.0,1.67e+16,970.0,1108.0,979.0,987.0
b753e3d6ab50f722e2b16274be023f80ddf30b02ba9a1c4d691b832604f575d2,1,1.0,1.0,1.0,165966.52,165966.52,b753e3d6ab50f722e2b16274be023f80ddf30b02ba9a1c4d691b832604f575d2,2790299.0,SP,9980000000000000.0,986961000000000.0,958.0,221125.0,970.0,0.0,981.0,988.0
b7775d4a3976c42f611ca8d91eb29c9e8df0aa0d1ce26b14da955fd37ae3fc73,1,0.0,0.0,0.0,779.04,779.04,,,,,,,,,,,
b779b1c4fcb25487bab7ce278e8ce1f650d94443fefed8c8de37efd2a3e48a11,1,2.0,2.0,1.0,633.71,633.71,,,,,,,,,,,
b77cb329f9cfee6a9a2d5f42d52541c81d91ac58a888d4ec4b2c9da72caddb46,1,0.0,0.0,0.0,176.46,176.46,,,,,,,,,,,
b78cecdf1aaef96e5297d9c289afc8210b5ac5390d0f2e0d702e7e31160ea20f,1,2.0,2.0,1.0,323.43,323.43,,,,,,,,,,,
b795eabf66dab311bad12b19192abdb00fce3d954361533d163a4db6e5bc0e17,1,0.0,0.0,0.0,2352.37,2352.37,b795eabf66dab311bad12b19192abdb00fce3d954361533d163a4db6e5bc0e17,2221800.0,PR,9990000000000000.0,9370000000000000.0,887.0,1.84e+16,840.0,0.0,958.0,988.0
b7a8c67fa5bff54b43f22557a5224d6c0ade087a1675e347c461ed8ad37c5221,1,0.0,0.0,0.0,201773.14,201773.14,b7a8c67fa5bff54b43f22557a5224d6c0ade087a1675e347c461ed8ad37c5221,2532201.0,SP,9360000000000000.0,8210000000000000.0,866.0,2.2e+16,900.0,39.0,978.0,988.0
b7aed643bbec5e76593ecf640c00c4eecced75da4e58168d6da7c18d43ec26c6,1,31.0,31.0,1.0,319205.69,319205.69,,,,,,,,,,,
b7f62d4970582538470c2b73e821b535e5792d2cead9f7b6e75012cf5a8b5bf9,1,0.0,0.0,0.0,136.1,136.1,,,,,,,,,,,
b7f76740596ec11608468e5f641407e35dbf2d81e8a0e75a36bfc7b866650d4d,3,0.0,0.0,0.0,3723.4300000000003,1241.1433333333334,,,,,,,,,,,
b7fbea8e056878e92d6a669d14929235fc707e49bf0ae6b8de3b264a4c96f365,1,0.0,0.0,0.0,309.7,309.7,,,,,,,,,,,
b8050163189bb9000154b90b7ef90a53a489d238813c38ecb7b4a12fcb2d3fe1,2,0.0,0.0,0.0,1022.24,511.12,,,,,,,,,,,
b80810618f7e08dbf5263a1be0e427eafbe32b3b91272a384d4454f071ee9c27,2,11.0,14.0,1.0,1189.66,594.83,,,,,,,,,,,
b814ae2759356f0c158d745f0259fa990d803f59be4a07b129a1b985168e6c0a,1,0.0,0.0,0.0,708.0,708.0,,,,,,,,,,,
b816b3429b44028cb850005592427b52dd9f159c68eb716db132bfa8e98e227e,1,2.0,2.0,1.0,865.58,865.58,,,,,,,,,,,
b8291c12d03cd9662053ca4511575d447bffe4aa67c9123917205f2a09d7f112,1,19.0,19.0,1.0,925.68,925.68,,,,,,,,,,,
b829fec22c3d8f48c13f7daebf0c77840534643a26ac6dbb0787e30cdea2ad1c,1,8.0,8.0,1.0,101.09,101.09,,,,,,,,,,,
b843fbf21309a57614ae781ee6342f7b8c866914f24fac92b19a3bb08b7190f2,1,0.0,0.0,0.0,965.4,965.4,b843fbf21309a57614ae781ee6342f7b8c866914f24fac92b19a3bb08b7190f2,4771701.0,PR,9850000000000000.0,7710000000000000.0,964.0,2.42e+16,970.0,0.0,982.0,988.0
b8860d563701b98acf7ceaf58a29e67a3ba8d9d9ff11806342d9bea6c464239b,2,0.0,0.0,0.0,1304.65,652.325,,,,,,,,,,,
b88ad44a464259d725ee983cbd95a448042e6f330999c83fe2907f0aaacdc948,1,0.0,0.0,0.0,75127.5,75127.5,b88ad44a464259d725ee983cbd95a448042e6f330999c83fe2907f0aaacdc948,1066000.0,SC,8770000000000000.0,1000.0,939.0,1.76e+16,940.0,12239.0,980.0,988.0
b8917f7b8dc7be0761e9d862a3b0ad04d23a2acc061557f95ee86cdc9a1a85ef,1,1.0,1.0,1.0,332.76,332.76,,,,,,,,,,,
b8b82c80d83a52db766fa06087d7cf9de67a1caced5f318ecf3505aaaa646b57,1,0.0,0.0,0.0,346.91,346.91,,,,,,,,,,,
b8efa3d27119a0cd65f0e36798654e563be4ac93b8ec9a92917d9ddff06c8148,1,1.0,1.0,1.0,314.59,314.59,,,,,,,,,,,
b91bba99002d1fd04daba6c0b2aa15cc9ffa90d8a5baa9f60b8ba60daf0f2d1a,1,20.0,20.0,1.0,67.63,67.63,,,,,,,,,,,
b926ac1a01c3344ca5618712a00c682c7b139487930d847c96c9b939dd55928a,2,4.5,7.0,1.0,1412.04,706.02,,,,,,,,,,,
b9562bac13a74fceeb9b12272ab0de520fe9e852a12b2b6679b0c5a79c685d67,2,8.0,8.0,1.0,2560.66,1280.33,,,,,,,,,,,
b983f5b082cab100825a6abb76fe271771ef2ed1a9e48883bf536d839e93c18d,4,0.5,2.0,0.25,273735.05,68433.7625,b983f5b082cab100825a6abb76fe271771ef2ed1a9e48883bf536d839e93c18d,4744001.0,PR,9980000000000000.0,9930000000000000.0,965.0,2.26e+16,940.0,0.0,986.0,989.0
b991e3dcdfb086c8eb4f280d7f8be24b998a59c6dd933ac89fc5103c3cfed957,1,0.0,0.0,0.0,1125.36,1125.36,b991e3dcdfb086c8eb4f280d7f8be24b998a59c6dd933ac89fc5103c3cfed957,4753900.0,SP,6010000000000000.0,1000.0,489.0,31500.0,700.0,0.0,513.0,978.0
b9b1b76555021ddf8783c6640b0afd808f0207efe408e83b2d7b9e9cd081c466,2,1.0,2.0,0.5,9994.98,4997.49,b9b1b76555021ddf8783c6640b0afd808f0207efe408e83b2d7b9e9cd081c466,4789099.0,SP,9970000000000000.0,894481000000000.0,947.0,240125.0,950.0,0.0,982.0,988.0
b9bff87c0f1ff1168e2b2e1e5ddc04386cb6508653aac6c125150efcc7630401,3,0.0,0.0,0.0,3736.8799999999997,1245.6266666666666,b9bff87c0f1ff1168e2b2e1e5ddc04386cb6508653aac6c125150efcc7630401,3092000.0,RS,987026000000000.0,8740000000000000.0,965.0,2.5e+16,980.0,61.0,982.0,988.0
b9c252f4c61f509535c3899ecf67ff7d85963a401e77dbf54ccf387bd04ae08e,1,1.0,1.0,1.0,25800.0,25800.0,b9c252f4c61f509535c3899ecf67ff7d85963a401e77dbf54ccf387bd04ae08e,1621800.0,PR,9530000000000000.0,1000.0,960.0,2.12e+16,970.0,464.0,983.0,988.0
b9c8b1f2050469be026c0f168560fe30a9dbabcec2ac51e48b23f703962b5249,1,0.0,0.0,0.0,61.54,61.54,b9c8b1f2050469be026c0f168560fe30a9dbabcec2ac51e48b23f703962b5249,4771701.0,PR,9820000000000000.0,1000.0,950.0,2.5e+16,990.0,0.0,979.0,988.0
b9ffbfb538d10c840cec7e17f6f11fd65ecdcd5506a65803980894b5d5b20640,1,0.0,0.0,0.0,470.25,470.25,,,,,,,,,,,
ba514e4a81c9ef7c7d9500f634410ddf9c84776d5e3c4e7cd3d5a02ac1b0203b,1,0.0,0.0,0.0,1938.2,1938.2,ba514e4a81c9ef7c7d9500f634410ddf9c84776d5e3c4e7cd3d5a02ac1b0203b,4711302.0,PR,9760000000000000.0,8160000000000000.0,954.0,2190000000000000.0,950.0,806.0,981.0,989.0
ba616cd10637482d4dbd419bf8c881024e4b29c79ed95bc632c3d51e03b59a64,1,1.0,1.0,1.0,777.09,777.09,ba616cd10637482d4dbd419bf8c881024e4b29c79ed95bc632c3d51e03b59a64,4761003.0,DF,9500000000000000.0,8980000000000000.0,929.0,209000.0,960.0,20155.0,981.0,989.0
ba6f4d66e5ff91bf8c3ba045934c34f110c139f494613919212f8e7dcc949eff,1,0.0,0.0,0.0,1853.48,1853.48,,,,,,,,,,,
ba6fac92079b01457dbbcd8f859668b955d2b1ad78fc81361f2e8cb8cf182040,1,2.0,2.0,1.0,192.28,192.28,,,,,,,,,,,
ba93f0cf64be830fa0b417dbe528ae44291bc4404110b01f5feab33259daaf40,2,0.0,0.0,0.0,2070.1,1035.05,,,,,,,,,,,
ba94bd5c4b453af30d8f98b578ba75f5ed97e8b177125f0e3eaffbb0c2411d77,1,4.0,4.0,1.0,21750.0,21750.0,,,,,,,,,,,
ba9c6e7fe16aafbb1d36abd43d136c846e1f35cf9dbcc3ef21ad61665a68e213,1,0.0,0.0,0.0,624.33,624.33,,,,,,,,,,,
bac443f2c4719f8f63e0d82da50cb98444dbb8caf8fae4102960682571bc8aa5,1,0.0,0.0,0.0,472.81,472.81,,,,,,,,,,,
bac53596f96ce532bf8150b62b20218ab2a6b1e25452795815a2bfe160c33863,1,0.0,0.0,0.0,2396.0,2396.0,,,,,,,,,,,
bac79201394d871c63ffcef8c4ca3dc67ee5cfb60e0fea372aaee91859c54965,1,0.0,0.0,0.0,2604.16,2604.16,,,,,,,,,,,
bad113db12e4a2eb94f7c05093652a529e6d66eaf130461706d639bbbbaee68d,1,0.0,0.0,0.0,2720.85,2720.85,bad113db12e4a2eb94f7c05093652a529e6d66eaf130461706d639bbbbaee68d,4744001.0,MT,9230000000000000.0,7070000000000000.0,948.0,2310000000000000.0,950.0,0.0,983.0,989.0
bad9f2385bf9479104c2247e1f17e1427e87d638cef8eddf549c79b2ead46db0,1,0.0,0.0,0.0,4225.0,4225.0,,,,,,,,,,,
bb0003af91f27fb3a25085580f4d34042f10bdd1b88d98d3307793191cdc53c7,1,1.0,1.0,1.0,673.52,673.52,bb0003af91f27fb3a25085580f4d34042f10bdd1b88d98d3307793191cdc53c7,4530703.0,SP,9880000000000000.0,1000.0,929.0,2590000000000000.0,960.0,0.0,971.0,986.0
bb09e482b6a8be28d7e95b0899352091e7b30fba5218385e26add7a3ecb5a2d3,1,0.0,0.0,0.0,6480.94,6480.94,bb09e482b6a8be28d7e95b0899352091e7b30fba5218385e26add7a3ecb5a2d3,4647801.0,SC,9870000000000000.0,9770000000000000.0,951.0,237500.0,960.0,112.0,982.0,989.0
bb1c07ec2f00d582b5e85e756dfc3baa36bac0fdb00aa28b6fa89704686acb51,1,0.0,0.0,0.0,868.55,868.55,bb1c07ec2f00d582b5e85e756dfc3baa36bac0fdb00aa28b6fa89704686acb51,4744005.0,SC,880636000000000.0,9010000000000000.0,859.0,1710000000000000.0,900.0,2359.0,973.0,989.0
bb2c6801ec878ab650e4365d1d6e568f033706b4a3e38c2af612792c9b82f695,5,2.4,4.0,1.0,3070.1800000000003,614.0360000000001,,,,,,,,,,,
bb3b5315d866fe70390d285001988e429c1aa390ed0a009133683540462d1779,2,0.0,0.0,0.0,2709.5,1354.75,bb3b5315d866fe70390d285001988e429c1aa390ed0a009133683540462d1779,4930202.0,GO,8880000000000000.0,7410000000000000.0,934.0,1970000000000000.0,910.0,39.0,967.0,988.0
bb86149705493df7f473d703299bdb1986ae8baf49d8aa4e17db65f4389769b8,1,0.0,0.0,0.0,755.0,755.0,bb86149705493df7f473d703299bdb1986ae8baf49d8aa4e17db65f4389769b8,1011201.0,MG,7980000000000000.0,6750000000000000.0,759.0,8020000000000000.0,640.0,2.0,850.0,983.0
bb99cf32b6f72b91ab18f8a7e7aec759cb9a72422563b2f697ff66c37410e02f,1,0.0,0.0,0.0,319.92,319.92,,,,,,,,,,,
bb9ef8cb5b69d50cec595a4358fc3f51aa820b70423647f9b183309a9fb40c7e,3,0.6666666666666666,1.0,0.6666666666666666,80272.87,26757.623333333333,bb9ef8cb5b69d50cec595a4358fc3f51aa820b70423647f9b183309a9fb40c7e,2222600.0,PR,9750000000000000.0,8260000000000000.0,958.0,2.72e+16,950.0,0.0,979.0,989.0
bba4627ca733be314c245801278fd2c1b8d6a01748a540f7e57b8bdd0b6d2557,1,1.0,1.0,1.0,11120.88,11120.88,bba4627ca733be314c245801278fd2c1b8d6a01748a540f7e57b8bdd0b6d2557,3230200.0,SP,958193000000000.0,7130000000000000.0,936.0,154000.0,930.0,11825.0,969.0,989.0
bba8c27704d429a444abc8ef487c00cae651db28450e5fd9fe8bd85667a1fe09,1,3.0,3.0,1.0,2001.17,2001.17,,,,,,,,,,,
bbd0bc4ab07bd87cda031b2aebaa1d31b93d2a6c88a16ece0e80a08645ca7510,1,0.0,0.0,0.0,216.3,216.3,,,,,,,,,,,
bbd2b2e7774a1575d6bc7ab899090beeb959cb3cb63b5fa28adc10c271bbe669,1,0.0,0.0,0.0,1309.58,1309.58,,,,,,,,,,,
bc058eff451895638758f433eef687d17776056eebbb292d87150429872691c0,1,0.0,0.0,0.0,850.0,850.0,,,,,,,,,,,
bc0dcf45eaa7777e9d2301c8a9e1755b3837e693a80b619569c2c53d41838fc8,1,0.0,0.0,0.0,1936.9,1936.9,,,,,,,,,,,
bc1750303fc81dd1af9c129168b0805d63fcb9c7c1e900ff3dbaf1d540c51541,1,0.0,0.0,0.0,307.38,307.38,,,,,,,,,,,
bc297bdad8014a3937819ad583614d7ccd65704e9816c71ab4021949e8b95b53,13,0.07692307692307693,1.0,0.07692307692307693,91589.08,7045.3138461538465,,,,,,,,,,,
bc29d74e0dd7a34cfcadaa7f902a0d6e7921444774b3e39091c0d76a0575119a,2,1.0,2.0,0.5,6683.98,3341.99,,,,,,,,,,,
bc34ee70204d377d9b4447d4edd6b784e50430ab0fe6ff218cef43415ecb8a5e,3,0.3333333333333333,1.0,0.3333333333333333,10003.369999999999,3334.4566666666665,bc34ee70204d377d9b4447d4edd6b784e50430ab0fe6ff218cef43415ecb8a5e,4644301.0,RS,9210000000000000.0,7850000000000000.0,949.0,2.43e+16,970.0,26764.0,981.0,989.0
bc3781cc867425982b260a384bc4a6e5d33ee898f018abe1e0b7e870b26eb262,2,0.0,0.0,0.0,2871.05,1435.525,,,,,,,,,,,
bc3d8a6bb8c021e9ecb806cf92fe40ec46d38575ba1d9e47865941d1cfdc4c58,1,0.0,0.0,0.0,364.29,364.29,,,,,,,,,,,
bc4d436d0484dcba3214955c1c30ea285fbd8f3bb5100917df02b1df64f222ab,6,0.8333333333333334,3.0,0.3333333333333333,973.21,162.20166666666668,bc4d436d0484dcba3214955c1c30ea285fbd8f3bb5100917df02b1df64f222ab,4771701.0,PR,945382000000000.0,1000.0,882.0,209375.0,960.0,0.0,973.0,988.0
bc54c3000f316963719e14d1231f90885292e027efc245296bf1f1229768d5a3,1,0.0,0.0,0.0,6630.0,6630.0,bc54c3000f316963719e14d1231f90885292e027efc245296bf1f1229768d5a3,4732600.0,GO,9020000000000000.0,9260000000000000.0,935.0,223500.0,970.0,2297.0,983.0,988.0
bc564dec2cdee12ac05c2fd12a014581b44f3811abae58e2a7f171e6052ad9dc,2,1.0,1.0,1.0,1126.76,563.38,,,,,,,,,,,
bc640fe262164de78ab1ee92def8aa7c3a7a0686b3225561de6f36016d6c2c17,2,1.0,2.0,0.5,1846.1100000000001,923.0550000000001,bc640fe262164de78ab1ee92def8aa7c3a7a0686b3225561de6f36016d6c2c17,4751201.0,SP,9380000000000000.0,1000.0,870.0,1.7e+16,900.0,11694.0,974.0,988.0
bc913aaa1d569fd222446c503af65c3852ecf2f219f33a0ac14193c40e2b5a4d,2,1.0,1.0,1.0,1741.7099999999998,870.8549999999999,,,,,,,,,,,
bc9774d0f38b19700452e20c6f7f99ef0acaa121ea32ab72eefa1736978382fe,1,0.0,0.0,0.0,72.83,72.83,bc9774d0f38b19700452e20c6f7f99ef0acaa121ea32ab72eefa1736978382fe,4771701.0,PR,8630000000000000.0,6710000000000000.0,950.0,2.07e+16,980.0,2582.0,980.0,988.0
bca4c4e370c94a21fb5a3a89000d3d57d997de66619f60c36b92515ce721be1f,1,1.0,1.0,1.0,306.18,306.18,bca4c4e370c94a21fb5a3a89000d3d57d997de66619f60c36b92515ce721be1f,4771701.0,PR,9730000000000000.0,1000.0,924.0,2.45e+16,960.0,0.0,972.0,989.0
bccfd799845e1ecfb985f23a0a968540a75b6dcded629d06e225b5bacb26c764,1,0.0,0.0,0.0,54941.91,54941.91,bccfd799845e1ecfb985f23a0a968540a75b6dcded629d06e225b5bacb26c764,1922599.0,PR,9490000000000000.0,9880000000000000.0,936.0,2.12e+16,930.0,93.0,974.0,989.0
bcd45d844d3438f02cc57706868a21d05a97d5c75397e00443ba85f3321a277e,1,0.0,0.0,0.0,98.73,98.73,,,,,,,,,,,
bce8c340684c3bc221fe9e5bc28f2b3723bc90025e0bdb91a1f0fa0dc02d0a28,1,0.0,0.0,0.0,272.63,272.63,,,,,,,,,,,
bceb0d632eaaa8d47be3d7e8bd91ea4ecdb911ba37171fe4ad93af6972f32547,2,31.5,63.0,0.5,3392.65,1696.325,,,,,,,,,,,
bd1ec863421d783372b102bc46d4473c032c0fd6caaf76b70d22203a4f0381f9,27,76.22222222222223,128.0,0.8888888888888888,498924.65,18478.69074074074,bd1ec863421d783372b102bc46d4473c032c0fd6caaf76b70d22203a4f0381f9,1032599.0,SP,4190000000000000.0,7900000000000000.0,611.0,6250000000000000.0,720.0,19028.0,275.0,978.0
bd4db55776e27171d919ff76c2e362581c466150e4ac89a48825055ed750b64b,3,0.0,0.0,0.0,9645.57,3215.19,bd4db55776e27171d919ff76c2e362581c466150e4ac89a48825055ed750b64b,8610102.0,MG,9300000000000000.0,5510000000000000.0,891.0,1.77e+16,970.0,2935.0,977.0,988.0
bd52e18ac8aa4f4aa25579a10a1b47310af80d8b321903e556a95ca636e636eb,1,0.0,0.0,0.0,1111.87,1111.87,bd52e18ac8aa4f4aa25579a10a1b47310af80d8b321903e556a95ca636e636eb,4763601.0,SP,1040000000000000.0,3560000000000000.0,941.0,246800.0,950.0,0.0,977.0,988.0
bd53feaea5dd93aa41047222c25cdc624f12186ab338772a61c019d13ca602ff,1,0.0,0.0,0.0,5721.85,5721.85,bd53feaea5dd93aa41047222c25cdc624f12186ab338772a61c019d13ca602ff,1121600.0,SC,946702000000000.0,9140000000000000.0,953.0,2.02e+16,940.0,66.0,977.0,988.0
bd551da4133daeba88ec1ca46c6aa1b5b43d2e4e75c381f2a507b3471537d87d,1,0.0,0.0,0.0,322.51,322.51,,,,,,,,,,,
bd74e845ef1c0c72b773a78fce940d7196c082b83be22a2531fab426e0eb6837,2,0.0,0.0,0.0,30440.0,15220.0,,,,,,,,,,,
bd79db8afd6f944472f50662927fac24faa0a818dd2f1ba8c8211a52824740e3,3,0.3333333333333333,1.0,0.3333333333333333,7028.0,2342.6666666666665,bd79db8afd6f944472f50662927fac24faa0a818dd2f1ba8c8211a52824740e3,1531901.0,SC,9690000000000000.0,9310000000000000.0,964.0,2580000000000000.0,960.0,61.0,981.0,989.0
bd83057e68142a7605c48d74f8543821796b655e20edaa8660ffbc2b8f6e6549,2,1.0,1.0,1.0,263.6,131.8,,,,,,,,,,,
bda18e3fd6b163e43fadbbeb63dae08589d75ae14aabaae6048e3ada9579ee0c,1,68.0,68.0,1.0,3140.0,3140.0,bda18e3fd6b163e43fadbbeb63dae08589d75ae14aabaae6048e3ada9579ee0c,3314718.0,SP,9690000000000000.0,7740000000000000.0,710.0,147200.0,810.0,16056.0,894.0,986.0
bdac5566e44ff0a8438319c1c16a9bbfd6e153993155416c28cb757089dfa138,2,1.0,2.0,0.5,1161.48,580.74,,,,,,,,,,,
bdc21c543738522ebce90238389067e51501500542374ba3f4d3bd485eb14675,1,1.0,1.0,1.0,37760.0,37760.0,bdc21c543738522ebce90238389067e51501500542374ba3f4d3bd485eb14675,4632001.0,RS,7650000000000000.0,50.0,824.0,2.08e+16,860.0,253.0,977.0,988.0
bdc4798ac7da89b36a0d0a6c177d571a3c497c6033d9b9a53ee4366b027e1548,1,0.0,0.0,0.0,1218.49,1218.49,,,,,,,,,,,
bdd68b959f53cbbf701ad55657f20783390d925557ef72ca13b5fe1bc4894a94,1,0.0,0.0,0.0,798.74,798.74,,,,,,,,,,,
bdd83d529170aa363c5738d6094e7fd90acf7e7bf3493764579dfa30740a54c1,2,0.0,0.0,0.0,3706.45,1853.225,,,,,,,,,,,
bdf54ff3d4b5c209ccf4642f127a204cec84b98f9fd6645d529b3d9e184a61df,1,0.0,0.0,0.0,359.9,359.9,,,,,,,,,,,
be050a97a287d19193ddd10865ecf7e618d9e5f1675cd140acb11983230559af,1,0.0,0.0,0.0,366.23,366.23,,,,,,,,,,,
be114d7d8c40142167cb3fc8086057b8154a41563e684eefd4c5aff992a3cd5b,1,0.0,0.0,0.0,828.0,828.0,,,,,,,,,,,
be43fcdd101ef833f65f59238ea04ccd030f299a97c98710d19b0ffc9c157dc0,1,0.0,0.0,0.0,66.98,66.98,,,,,,,,,,,
be484b07471fd6baeed1d7a54f6485f2cb7741820ef70c2e5796551fa897f1d4,1,0.0,0.0,0.0,1929.85,1929.85,be484b07471fd6baeed1d7a54f6485f2cb7741820ef70c2e5796551fa897f1d4,4742300.0,GO,9760000000000000.0,7330000000000000.0,933.0,1.91e+16,930.0,0.0,966.0,988.0
be9f9467cdc6f5f299dcc7b145f6bfe06a3988c7ad2bef44b494ccd751a97153,2,0.0,0.0,0.0,929.5799999999999,464.78999999999996,,,,,,,,,,,
beaadb82441e0215802ff4145aa20e98db408c7ee3430c7a06abe17d280751a9,1,0.0,0.0,0.0,19903.8,19903.8,beaadb82441e0215802ff4145aa20e98db408c7ee3430c7a06abe17d280751a9,2829199.0,PR,9620000000000000.0,8660000000000000.0,950.0,2.28e+16,960.0,41.0,979.0,989.0
bee6295e42eab553f95725aa2f345e21e10d98d62af3d42692b3a12f051886c3,1,0.0,0.0,0.0,11990.71,11990.71,bee6295e42eab553f95725aa2f345e21e10d98d62af3d42692b3a12f051886c3,1013901.0,SP,9780000000000000.0,9530000000000000.0,962.0,2.27e+16,970.0,642.0,976.0,989.0
beeaffea750df82f73879bdd0194ea75bc4d3adbf64ad628ccf6860994a04c16,1,0.0,0.0,0.0,1314.33,1314.33,beeaffea750df82f73879bdd0194ea75bc4d3adbf64ad628ccf6860994a04c16,4744099.0,SP,9700000000000000.0,8060000000000000.0,936.0,213000.0,980.0,0.0,982.0,988.0
bef02d22c81974ba4a59a822764168b8486450524a872beba3ff6b4c84fc8674,1,0.0,0.0,0.0,1379.78,1379.78,,,,,,,,,,,
bf048b0850fda2a787ebbc53d735939c0df70eee0e8a0b3a3281c9ad5f281bba,1,3.0,3.0,1.0,710.0,710.0,bf048b0850fda2a787ebbc53d735939c0df70eee0e8a0b3a3281c9ad5f281bba,1093701.0,SP,7300000000000000.0,7640000000000000.0,873.0,67400.0,890.0,14779.0,976.0,989.0
bf0e84490fd703d22000dfdc1b64dca74598be9c84e960170b9a42317562bf15,11,4.0,12.0,0.45454545454545453,110012.31999999999,10001.119999999999,bf0e84490fd703d22000dfdc1b64dca74598be9c84e960170b9a42317562bf15,2062200.0,RN,7960000000000000.0,843856000000000.0,654.0,1.06e+16,910.0,42398.0,260.0,986.0
bf0ede80e8ad319f95b81a92ccae523be904bdca5cfb46d0a7d00c39d254b8a5,1,68.0,68.0,1.0,2521.61,2521.61,bf0ede80e8ad319f95b81a92ccae523be904bdca5cfb46d0a7d00c39d254b8a5,4781400.0,SC,5110000000000000.0,50.0,238.0,7230000000000000.0,710.0,34938.0,221.0,984.0
bf116337fdd01cc26b4d88412a8ce5083db14d482e55d16cb7aedff74933c425,1,0.0,0.0,0.0,10634.0,10634.0,bf116337fdd01cc26b4d88412a8ce5083db14d482e55d16cb7aedff74933c425,4781400.0,SP,879962000000000.0,50.0,845.0,2.12e+16,930.0,12948.0,979.0,989.0
bf12a3fb9e2c4acba3239869eb65506f3f549dfd28a66f2b69f379c08e36d0c0,1,1.0,1.0,1.0,88096.68,88096.68,bf12a3fb9e2c4acba3239869eb65506f3f549dfd28a66f2b69f379c08e36d0c0,4744001.0,PR,5460000000000000.0,8530000000000000.0,825.0,119875.0,930.0,11399.0,978.0,988.0
bf1d711cc7447a1dd1695d36432f2bf92b56a99ba2047748918abf441e87dbcf,2,4.5,6.0,1.0,2488.13,1244.065,,,,,,,,,,,
bf533457471641b05021ebea7f3c074451584128ff1aa0a2ee5ac166c280eb04,1,0.0,0.0,0.0,1017.92,1017.92,,,,,,,,,,,
bf799637fac10f2d12f025f398cfdbb3e42cde9843107dc38515d13f4c0babc8,1,0.0,0.0,0.0,221.71,221.71,bf799637fac10f2d12f025f398cfdbb3e42cde9843107dc38515d13f4c0babc8,4771701.0,SP,8180000000000000.0,500.0,473.0,1.69e+16,700.0,11.0,675.0,965.0
bf849b658840c4fd5aeb36569f08241620a8b23308d8c33cbb3984c06d36f149,1,0.0,0.0,0.0,98.07,98.07,bf849b658840c4fd5aeb36569f08241620a8b23308d8c33cbb3984c06d36f149,4771701.0,PR,9290000000000000.0,1000.0,834.0,2.43e+16,960.0,16075.0,951.0,987.0
bfa6b7e39aaed500ac4b5cea4ed353545a2c87f5d965fb21668c46cb2eac5240,1,1.0,1.0,1.0,901.16,901.16,,,,,,,,,,,
bfa8b6030857fec7f22ff87db1b53224a65c0e8f7380fc743f049294454fd610,1,0.0,0.0,0.0,719.7,719.7,,,,,,,,,,,
bfb1453e286b638fba2aca28d0c9ba4be18c117cdd93e617c19053494b704d1d,1,6.0,6.0,1.0,559.97,559.97,,,,,,,,,,,
bfc2c2b996987fb82beb24ff85e926d6267438fb419a1b07a99c504a2c12516c,2,0.0,0.0,0.0,4712.799999999999,2356.3999999999996,,,,,,,,,,,
c020f612c75abfd7915f28168471d10f37f793ea30f8e2113412e2ed6685c017,1,24.0,24.0,1.0,3055.93,3055.93,c020f612c75abfd7915f28168471d10f37f793ea30f8e2113412e2ed6685c017,1741902.0,SP,9960000000000000.0,9090000000000000.0,931.0,191750.0,960.0,0.0,942.0,983.0
c021f559eea6bf082dba30ace0047169c0818f3c121c269d2be6dabc75bea151,1,0.0,0.0,0.0,280.12,280.12,,,,,,,,,,,
c025fa214297cb40c20d48446f8156ac0cdd1c161ffa3ba37077994d2c1fcd08,1,7.0,7.0,1.0,545.83,545.83,,,,,,,,,,,
c0681f58a411eb412534efdecf1a410cecdcccbcb579e655df3fb4fc07c8cdae,1,0.0,0.0,0.0,379.62,379.62,,,,,,,,,,,
c0802f7d81a892d9423fccd950caf00431a31717ea22e9dd0c26cef797bf0609,1,0.0,0.0,0.0,622.74,622.74,c0802f7d81a892d9423fccd950caf00431a31717ea22e9dd0c26cef797bf0609,4781400.0,BA,9630000000000000.0,8740000000000000.0,825.0,137640.0,980.0,7856.0,968.0,988.0
c092af2cdc993e919c6164e13404c27f458b30bd83f8f8bb82d99b881adb9b7c,1,0.0,0.0,0.0,1381.3,1381.3,,,,,,,,,,,
c0bbd364fcb6d6b02a244285adbc23d16fc635299fdf059491ef54926727e780,1,0.0,0.0,0.0,1675.62,1675.62,,,,,,,,,,,
c0c0141ab52f14f56b7493692c23e8dba0c560ba5ddcc50c81be209c4d7384ae,2,0.0,0.0,0.0,1045.4299999999998,522.7149999999999,,,,,,,,,,,
c0d40b2f1cc9f1255748d90051f9e39e01c1a7ecc2af44a960856b408f0120bf,1,7.0,7.0,1.0,509.6,509.6,,,,,,,,,,,
c0e4e7deabb7ef4a507607f1da409f67e96e8d246cd4e765a21dbf13beae3ebd,1,0.0,0.0,0.0,3218.7,3218.7,c0e4e7deabb7ef4a507607f1da409f67e96e8d246cd4e765a21dbf13beae3ebd,4789099.0,SC,8410000000000000.0,5830000000000000.0,728.0,1.86e+16,910.0,6816.0,954.0,989.0
c0f072ba65992e516f10bd0ebd321e230147688359c3f727533308388750a1fc,1,0.0,0.0,0.0,457.6,457.6,,,,,,,,,,,
c0f3486584c05572bd32532151ebb1ad321936a6d78b365156808b281588169e,3,0.6666666666666666,2.0,0.3333333333333333,626400.0,208800.0,c0f3486584c05572bd32532151ebb1ad321936a6d78b365156808b281588169e,2229302.0,AM,9790000000000000.0,9610000000000000.0,937.0,207000.0,940.0,1981.0,982.0,988.0
c0fb282db21be9d455d969d6629ad5c6f4a43aa8f08026f929b19dbb65480329,1,0.0,0.0,0.0,465.47,465.47,c0fb282db21be9d455d969d6629ad5c6f4a43aa8f08026f929b19dbb65480329,9312300.0,RS,4.61e+16,2.13e+16,675.0,1480000000000000.0,890.0,4377.0,971.0,986.0
c1044deada7e7ec07df38669a006e99c53466dae90d38cfd29eaa53d8ca42963,1,0.0,0.0,0.0,1280.0,1280.0,,,,,,,,,,,
c137becbf8aeb57d1cb29eafa0506837ae986c18e10ba4ea5c0b83a88f2f3926,1,0.0,0.0,0.0,1288.58,1288.58,c137becbf8aeb57d1cb29eafa0506837ae986c18e10ba4ea5c0b83a88f2f3926,4645101.0,PE,4480000000000000.0,6770000000000000.0,776.0,1300000000000000.0,920.0,3242.0,979.0,989.0
c161079ecd008b08d0776da2a2dcc80ccafd225a2ca0b7219f71109612d7745c,1,0.0,0.0,0.0,575.27,575.27,c161079ecd008b08d0776da2a2dcc80ccafd225a2ca0b7219f71109612d7745c,4724500.0,DF,9550000000000000.0,8120000000000000.0,931.0,1.94e+16,950.0,2195.0,974.0,989.0
c164b58e486d5cfe9891e9916e97aba6ce9e38df582378da955e1feaae713254,1,0.0,0.0,0.0,21360.0,21360.0,c164b58e486d5cfe9891e9916e97aba6ce9e38df582378da955e1feaae713254,4633801.0,SP,9300000000000000.0,9880000000000000.0,939.0,2.23e+16,970.0,3403.0,980.0,986.0
c16ae69bab6318bd497b3449b5b856ba8008827026e9fc4ebe6173b38243c9a4,1,0.0,0.0,0.0,7627.5,7627.5,c16ae69bab6318bd497b3449b5b856ba8008827026e9fc4ebe6173b38243c9a4,4647801.0,DF,7300000000000000.0,9570000000000000.0,380.0,235000.0,530.0,0.0,959.0,988.0
c182de4d37dfd433c3adb37b3bdd333eb79a407ecabd0697aa5f632564fd5cd7,1,2.0,2.0,1.0,84.22,84.22,,,,,,,,,,,
c1a1b41b91f0bb0de4033bbaccc26cd331820d5d69e8d30e321cf76aa8a992f0,1,0.0,0.0,0.0,2911.66,2911.66,c1a1b41b91f0bb0de4033bbaccc26cd331820d5d69e8d30e321cf76aa8a992f0,4644301.0,SP,9680000000000000.0,906227000000000.0,961.0,2.08e+16,940.0,5479.0,982.0,988.0
c1a594955309cecd71d9f1f7207d2469a01f554745f0fcad75141086d8218637,1,0.0,0.0,0.0,2328.56,2328.56,,,,,,,,,,,
c1a790cf3c5fbc87a4205cc160d2fc44e732ac90250eafaa8475ed2f978550f5,1,0.0,0.0,0.0,1224.0,1224.0,,,,,,,,,,,
c1a94228c7dc845040eae8f35dfcdebc5bb34cd0737579969a986067793ba484,1,0.0,0.0,0.0,445.45,445.45,c1a94228c7dc845040eae8f35dfcdebc5bb34cd0737579969a986067793ba484,4759899.0,CE,873085000000000.0,7990000000000000.0,910.0,1.67e+16,930.0,0.0,954.0,988.0
c1bdcd559bb7cfb5a4e14fbd044dc88ce59d10097a152cb53802ec81d05fce8d,1,0.0,0.0,0.0,61.25,61.25,,,,,,,,,,,
c1bf2a1c8645a0d9658d0dbebb41156453f3d3e634359cc4eaa47f9f2247832c,1,2.0,2.0,1.0,1328.73,1328.73,,,,,,,,,,,
c1cd2f183be83d13f486d386e85a85c2ba7e94212826f0b7154d2c726dac4c42,2,3.0,5.0,1.0,747.9300000000001,373.96500000000003,c1cd2f183be83d13f486d386e85a85c2ba7e94212826f0b7154d2c726dac4c42,4742300.0,SC,6790000000000000.0,518655000000000.0,669.0,2.29e+16,930.0,0.0,158.0,970.0
c1ce267dfa6a3afdaea4163b72b3cd43600ebce2853b861420b824ea1211c115,191,60.37696335078534,62.0,0.9738219895287958,1969249.3099999998,10310.205811518324,c1ce267dfa6a3afdaea4163b72b3cd43600ebce2853b861420b824ea1211c115,4644301.0,SC,5.88e+16,9270000000000000.0,57.0,3.4e+16,130.0,7195.0,67.0,909.0
c1d4ad6086a48af8a4e0d3b05228a9e953e01b8f8cb7427b25795144b89a51bb,1,0.0,0.0,0.0,780.24,780.24,,,,,,,,,,,
c1e7532407cd9b4bbc4c0649da8e281fa9ab64af846e9bf66617736f42355f18,1,2.0,2.0,1.0,1783.88,1783.88,,,,,,,,,,,
c201138f38f7c235f9457c2e4c81c63eae590b001cc8aff4da7a7422dc1d9e68,1,0.0,0.0,0.0,306.74,306.74,c201138f38f7c235f9457c2e4c81c63eae590b001cc8aff4da7a7422dc1d9e68,4742300.0,SC,978393000000000.0,7440000000000000.0,934.0,158250.0,920.0,8383.0,980.0,988.0
c2257be1ce082ccd5a0427fc513c152679ecb44d81e15841c97f596bd8c6f5f1,1,0.0,0.0,0.0,176.06,176.06,c2257be1ce082ccd5a0427fc513c152679ecb44d81e15841c97f596bd8c6f5f1,4530703.0,RS,9680000000000000.0,1000.0,957.0,180250.0,950.0,0.0,932.0,987.0
c27d332d269b7cd724c507eda57071baa8f3fa4561a9ace79f4ac2277c77bc47,1,11.0,11.0,1.0,12890.13,12890.13,c27d332d269b7cd724c507eda57071baa8f3fa4561a9ace79f4ac2277c77bc47,2121101.0,SC,27474700000000.0,8000000000000000.0,147.0,1.1e+16,620.0,1447.0,95.0,978.0
c285b0b12e948be9955d354e97600486d3785ac9f8c5a276e3746c6b7f8a2a48,2,0.0,0.0,0.0,184967.08000000002,92483.54000000001,c285b0b12e948be9955d354e97600486d3785ac9f8c5a276e3746c6b7f8a2a48,4691500.0,DF,9720000000000000.0,8150000000000000.0,946.0,1770000000000000.0,950.0,1152.0,983.0,989.0
c288482196ec5303be4fa7a637acebf3f5d3d81018a4c3c59576e118a8bebe9d,1,0.0,0.0,0.0,116722.5,116722.5,,,,,,,,,,,
c2af45e9be8dc795ac16cb2f48cf0d9d45b58c38c0162d7165a72efef988a77d,1,0.0,0.0,0.0,152.93,152.93,,,,,,,,,,,
c2cd71c23abe18f219b7d69e7ae760a112727db130733e03846483a4fb7a8ed5,1,0.0,0.0,0.0,2640.0,2640.0,,,,,,,,,,,
c2d7fd2958a02a0ec7704111548aecc0e72978f68c738cf21c891223920af68d,1,0.0,0.0,0.0,145.19,145.19,,,,,,,,,,,
c2e06da127ce7732d3e6f83d10a2459bc14e34341f02cd801fd7d34b3122483c,1,0.0,0.0,0.0,799.97,799.97,,,,,,,,,,,
c2e1ea2fff79c2f5997eff6261c5b531fdd454a249c379b73572d1bc680c732e,1,4.0,4.0,1.0,3540.0,3540.0,c2e1ea2fff79c2f5997eff6261c5b531fdd454a249c379b73572d1bc680c732e,8610101.0,SE,6670000000000000.0,2100000000000000.0,335.0,9820000000000000.0,770.0,5506.0,974.0,986.0
c2efc56ce7e190b2e3b34acc00d2ffb98defad7decfb722bedaf2e38b42d537a,1,0.0,0.0,0.0,2768.1,2768.1,c2efc56ce7e190b2e3b34acc00d2ffb98defad7decfb722bedaf2e38b42d537a,4631100.0,RS,9800000000000000.0,9230000000000000.0,937.0,2.3e+16,980.0,1744.0,975.0,988.0
c320e29f0bcf0bfe770e7b99f7405fd3de5deb551aacd60dab1711bc970232bb,1,0.0,0.0,0.0,6000.0,6000.0,,,,,,,,,,,
c337edf127e14595b5505b95908e35efcef2c4425d0cc1c39efc754c88936374,1,0.0,0.0,0.0,17418.54,17418.54,,,,,,,,,,,
c33b691b4abe9ab52d63b19b3d10f7b737266e04bb38a4ef94b6d2cc05c7202f,1,0.0,0.0,0.0,450.3,450.3,,,,,,,,,,,
c3439a302c9fbbd14306230e9fe13ce18c9c19bf1cbf422f30915fc8823a5743,2,0.0,0.0,0.0,21142.08,10571.04,c3439a302c9fbbd14306230e9fe13ce18c9c19bf1cbf422f30915fc8823a5743,4789099.0,SC,9870000000000000.0,7670000000000000.0,962.0,20000.0,910.0,0.0,977.0,988.0
c377a698bdb6c71a6c63f77e01472f895cfe337310d8c90ae811863cf95c85e8,1,0.0,0.0,0.0,760.0,760.0,,,,,,,,,,,
c37a88c9791101b15b1c72c0b27d0ef140e5c04c3bca00bf15a041b947399896,1,0.0,0.0,0.0,1079.75,1079.75,c37a88c9791101b15b1c72c0b27d0ef140e5c04c3bca00bf15a041b947399896,4673700.0,SP,9630000000000000.0,9220000000000000.0,957.0,2.57e+16,970.0,0.0,980.0,988.0
c37f6b0f5931faf293c9eadff45a1d99e5c701ae6deff85e5973504ce431a3ac,2,0.0,0.0,0.0,276839.08,138419.54,c37f6b0f5931faf293c9eadff45a1d99e5c701ae6deff85e5973504ce431a3ac,2229301.0,SP,966343000000000.0,8640000000000000.0,958.0,2.26e+16,970.0,2761.0,977.0,988.0
c37fac8946c3f4d6106edf12dfe5805ea138d75d511367c45d66849f4519d0e0,3,0.3333333333333333,1.0,0.3333333333333333,54120.0,18040.0,c37fac8946c3f4d6106edf12dfe5805ea138d75d511367c45d66849f4519d0e0,1052000.0,PR,8230000000000000.0,9550000000000000.0,817.0,1830000000000000.0,870.0,2669.0,979.0,989.0
c38eaa2f2b4a9d1869861847875f1b2543ec1c532c44871ecca26137ed2cd2fa,1,0.0,0.0,0.0,314.63,314.63,,,,,,,,,,,
c39110a3b1817c429565f5e8e68e39394d648a4f957e7dfdc5a8e4a9f5e3237e,1,1.0,1.0,1.0,304.71,304.71,c39110a3b1817c429565f5e8e68e39394d648a4f957e7dfdc5a8e4a9f5e3237e,4771701.0,PR,9760000000000000.0,8990000000000000.0,950.0,1.67e+16,970.0,9712.0,981.0,989.0
c3c888a9f16760174597e06d90e3d54697b0bda791e55d3d5a1419edd531b9ad,1,0.0,0.0,0.0,300.55,300.55,c3c888a9f16760174597e06d90e3d54697b0bda791e55d3d5a1419edd531b9ad,4744005.0,SC,9530000000000000.0,7300000000000000.0,960.0,2.58e+16,980.0,0.0,983.0,989.0
c3c9896b940d11791f04a4d1ddfbb7f292f16b976a8049ff3cfd7fc6e1a6dc50,1,0.0,0.0,0.0,282.19,282.19,c3c9896b940d11791f04a4d1ddfbb7f292f16b976a8049ff3cfd7fc6e1a6dc50,4771701.0,PR,9520000000000000.0,9130000000000000.0,951.0,1.94e+16,950.0,26715.0,976.0,989.0
c3d6cbd457eb296542e4d323d2af55819dcb01f2f3007f2750496721b278f15a,1,1.0,1.0,1.0,853.88,853.88,c3d6cbd457eb296542e4d323d2af55819dcb01f2f3007f2750496721b278f15a,4711302.0,GO,9800000000000000.0,7690000000000000.0,946.0,2110000000000000.0,970.0,1616.0,983.0,987.0
c3ebbb595617454a63d979a852287594ee5dc9f95ae5a53605490c91fec76192,2,0.0,0.0,0.0,518.74,259.37,,,,,,,,,,,
c3ec18c3bc2c16f900adabdef4253f485a6eb5dbf472ccdd2be920236fedf9ba,4,14.5,35.0,0.75,3400.21,850.0525,,,,,,,,,,,
c3f022a6aef0b86047644d7c07bf8bf5ced797f8ef7a0cc19be0fbbb9a79ad2d,1,0.0,0.0,0.0,924.42,924.42,c3f022a6aef0b86047644d7c07bf8bf5ced797f8ef7a0cc19be0fbbb9a79ad2d,4761001.0,SP,7360000000000000.0,9750000000000000.0,507.0,68600.0,800.0,38923.0,925.0,985.0
c404e0b18c2d09f68a7d7a7eb9e48c89611fffabeafba602a92bc15af9efc85f,1,0.0,0.0,0.0,3616.45,3616.45,c404e0b18c2d09f68a7d7a7eb9e48c89611fffabeafba602a92bc15af9efc85f,4711302.0,SC,9780000000000000.0,9370000000000000.0,961.0,1.83e+16,940.0,0.0,983.0,988.0
c41b0268ef69a2e2c05858b1732c60efe82edf05c4b15bbd1ee0571464bd0ca3,1,0.0,0.0,0.0,554.45,554.45,,,,,,,,,,,
c433f6fc018538fc2da18b9bc749265c7289d33b75f2dba2d801e1babdc01577,1,0.0,0.0,0.0,2601.97,2601.97,c433f6fc018538fc2da18b9bc749265c7289d33b75f2dba2d801e1babdc01577,4691500.0,SP,9590000000000000.0,5880000000000000.0,949.0,2.26e+16,960.0,4121.0,977.0,989.0
c453275b0f3cc5fffbef48cef4d81deafd7e58c53f2efcbb498a98b32c234ca4,1,1.0,1.0,1.0,1999.36,1999.36,,,,,,,,,,,
c46203c92f28212eb4b5412a60b49b0c2ac5288a958acd48e274fc403bf8dc54,12,0.16666666666666666,1.0,0.16666666666666666,169355.21,14112.934166666666,c46203c92f28212eb4b5412a60b49b0c2ac5288a958acd48e274fc403bf8dc54,4530701.0,DF,9890000000000000.0,8020000000000000.0,957.0,2.13e+16,980.0,4.0,981.0,989.0
c465ded951cde5d9415e2acac11a9b8d85e69eed2b4db4e897344f525e6e40b7,1,0.0,0.0,0.0,684.23,684.23,,,,,,,,,,,
c4877cfd287ab216dec58d4545f9d24cb2ff8c371ba964d6f756c3200ca8851b,1,1.0,1.0,1.0,97.15,97.15,,,,,,,,,,,
c48c24fba7ed76339ae1d78d90960e965457348d5795bab7f73781fdd916b751,1,6.0,6.0,1.0,861.83,861.83,c48c24fba7ed76339ae1d78d90960e965457348d5795bab7f73781fdd916b751,4781400.0,MS,7650000000000000.0,5520000000000000.0,722.0,1.78e+16,910.0,30482.0,169.0,945.0
c49cfb36932cf2aadda544b0df79270019c5508a294930f4da6ee7956f0d1897,1,2.0,2.0,1.0,82.1,82.1,,,,,,,,,,,
c49e86c046999c02473d8fb512e3d8cf4b2255577cb7ebf3d645ebd3fc66971c,1,0.0,0.0,0.0,34075.0,34075.0,c49e86c046999c02473d8fb512e3d8cf4b2255577cb7ebf3d645ebd3fc66971c,4313400.0,SC,3970000000000000.0,6910000000000000.0,122.0,1.13e+16,400.0,9186.0,98.0,979.0
c4b08a1ca311a297a60519b53eed63de0eac6ba9b900c645345ea489cc56aa22,1,1.0,1.0,1.0,280.38,280.38,,,,,,,,,,,
c4b40b436abd95a47e3e8364c85f2e903b137c66e62fc8ba678cb0bd1d4938af,1,0.0,0.0,0.0,407.23,407.23,,,,,,,,,,,
c4c8943643c55c7319484a1ecff1acf27e8294ee92651bbb367765b435e29190,1,0.0,0.0,0.0,24134.69,24134.69,c4c8943643c55c7319484a1ecff1acf27e8294ee92651bbb367765b435e29190,2229399.0,SP,9880000000000000.0,9780000000000000.0,965.0,2360000000000000.0,980.0,322.0,983.0,989.0
c4c8f0bcec0deed3f2ec21b528725cd3265cf137ddfee6aa4fa40e7c3058620b,1,0.0,0.0,0.0,444.87,444.87,,,,,,,,,,,
c4e501ae6180c2e588d8ec5aa61b6c9e273572908d33e27175c692fb77b07747,1,0.0,0.0,0.0,1906.27,1906.27,c4e501ae6180c2e588d8ec5aa61b6c9e273572908d33e27175c692fb77b07747,1412601.0,RN,9460000000000000.0,8650000000000000.0,960.0,209000.0,920.0,3045.0,975.0,989.0
c4f3e90ce1dbf999ba883421a50f40d36e16a4f587bd75b6c64afe6425faffe0,1,0.0,0.0,0.0,219.6,219.6,,,,,,,,,,,
c5144c8bf9e1c9a3dfb07b845731cd71b61da5a555b07dd4a999b64517920fed,1,1.0,1.0,1.0,377.07,377.07,,,,,,,,,,,
c5225d8c0d5973f5d2a1498ea8240ce69faf6c1262d0a7b9719dbe2b555b98f5,1,0.0,0.0,0.0,1528.14,1528.14,c5225d8c0d5973f5d2a1498ea8240ce69faf6c1262d0a7b9719dbe2b555b98f5,4759899.0,MG,9440000000000000.0,1000.0,773.0,1920000000000000.0,960.0,0.0,978.0,989.0
c522b612d0d0871f00d64aa92d7dbcb0fe7f30c5673fbb22ef699c11e25a3046,2,0.0,0.0,0.0,55535.01,27767.505,c522b612d0d0871f00d64aa92d7dbcb0fe7f30c5673fbb22ef699c11e25a3046,2222600.0,SC,9360000000000000.0,960745000000000.0,952.0,2371796875.0,960.0,0.0,983.0,989.0
c540c98525bab0996f3d31bf00ff2a53d529681ba10b423c68e58f646f29a0e6,1,0.0,0.0,0.0,358.5,358.5,c540c98525bab0996f3d31bf00ff2a53d529681ba10b423c68e58f646f29a0e6,3811400.0,SC,914939000000000.0,4290000000000000.0,931.0,2.3e+16,850.0,1654.0,983.0,988.0
c54e323bc4bb0a3330af42d3f47dd684918b18b2f3a1ba7a4b34d6018feb35b2,1,0.0,0.0,0.0,2165.14,2165.14,c54e323bc4bb0a3330af42d3f47dd684918b18b2f3a1ba7a4b34d6018feb35b2,4789099.0,SP,990253000000000.0,9250000000000000.0,965.0,2.67e+16,980.0,662.0,980.0,988.0
c575d292f76c14d5cebebe13290ff282b40332e85329cf5e5a3f5d59dd9b86cf,8,0.0,0.0,0.0,758507.6799999999,94813.45999999999,,,,,,,,,,,
c5804d56c76bab582d0a44d83c60f971b44e6e8a06c5eb42aa581177ed5c263a,1,13.0,13.0,1.0,25369.1,25369.1,c5804d56c76bab582d0a44d83c60f971b44e6e8a06c5eb42aa581177ed5c263a,2751100.0,PR,7680000000000000.0,8680000000000000.0,315.0,1.31e+16,720.0,1829.0,842.0,988.0
c59708de0725bd1e516c704a2049f4484252da0fd3f0dfaeae95703d12344066,1,0.0,0.0,0.0,331.32,331.32,,,,,,,,,,,
c597d3bb1d2a0eb47d0c3d7dbe312a47e11c4c0f812218cf279a6c8cf380fdcc,6,0.0,0.0,0.0,17017.5,2836.25,c597d3bb1d2a0eb47d0c3d7dbe312a47e11c4c0f812218cf279a6c8cf380fdcc,4649499.0,SP,9600000000000000.0,6270000000000000.0,914.0,2.7e+16,780.0,0.0,891.0,987.0
c5a24b77ddf4f4ffbb618356162c556f749e5e8c1c62aabd5f6314897e6ad018,1,18.0,18.0,1.0,163.88,163.88,,,,,,,,,,,
c5a48e1bac17633b2f54fe465d597297c7a6361d94cff1e7ec9f6db1da4e1830,4,1.5,3.0,0.75,6167.55,1541.8875,c5a48e1bac17633b2f54fe465d597297c7a6361d94cff1e7ec9f6db1da4e1830,4744099.0,SP,914166000000000.0,8740000000000000.0,815.0,138720.0,960.0,714.0,962.0,987.0
c5c92059f4e7283c431d9eebabeac7ea92311226cb670b50de218e071edd27d4,1,0.0,0.0,0.0,472.5,472.5,c5c92059f4e7283c431d9eebabeac7ea92311226cb670b50de218e071edd27d4,4711302.0,PR,5320000000000000.0,8720000000000000.0,817.0,1.56e+16,920.0,25712.0,177.0,982.0
c5d1243a386e79dfed623d956d43a79778a624f09419215cf281b0fbb3a900aa,1,0.0,0.0,0.0,11848.48,11848.48,c5d1243a386e79dfed623d956d43a79778a624f09419215cf281b0fbb3a900aa,2229302.0,RS,50.0,2600000000000000.0,662.0,77500.0,620.0,14711.0,118.0,858.0
c5d22f32cb381d27f73fb72c16f77d4fc45974ccc36c47c9050a7f5984d4fbdd,1,5.0,5.0,1.0,44000.0,44000.0,,,,,,,,,,,
c5f78a5f3115985504e5427558c1814341adb73e30cfa6f455318d043afe0230,1,0.0,0.0,0.0,188.19,188.19,c5f78a5f3115985504e5427558c1814341adb73e30cfa6f455318d043afe0230,4771701.0,PR,9650000000000000.0,6950000000000000.0,927.0,2.21e+16,980.0,3468.0,974.0,988.0
c5fbb6b55803b3f44b26b016df085ab2c95afdbbe86583979f25fff18929d8ef,1,3.0,3.0,1.0,652.65,652.65,c5fbb6b55803b3f44b26b016df085ab2c95afdbbe86583979f25fff18929d8ef,4744099.0,MS,6140000000000000.0,568620000000000.0,102.0,93250.0,540.0,20763.0,22.0,482.0
c62fb014a5fd5e7ffb179407c8f7d02410e13c7b5a9484b98b3f40888a4dfe40,2,8.5,9.0,1.0,165.75,82.875,,,,,,,,,,,
c6611076e7d31a079ceb262d088367464a22844a4233c586096c77304bd070db,1,0.0,0.0,0.0,6125.0,6125.0,,,,,,,,,,,
c66fa3c0f2296219f30acda181ae26c461e807c54b0ae098a48c647bec5cb5fc,1,1.0,1.0,1.0,3180.96,3180.96,,,,,,,,,,,
c6836111458f55d64b2806a9c1a9ec57b4e9a68e142041c60b2df419c2f3f34e,1,0.0,0.0,0.0,810.8,810.8,,,,,,,,,,,
c69216819e88e4b0494a36f4db0425ce69b0d330b376982514bbd3dfb389853a,1,0.0,0.0,0.0,6502.97,6502.97,c69216819e88e4b0494a36f4db0425ce69b0d330b376982514bbd3dfb389853a,2651500.0,SP,9270000000000000.0,4.03e+16,943.0,1.76e+16,920.0,43.0,982.0,989.0
c6c0738b0f7d43680dd381193ac19d0d1c7cf709839db72a66c355d6cd663e57,1,1.0,1.0,1.0,290.18,290.18,,,,,,,,,,,
c6e2484c0cc0ec029e7b421ccae0d2a79cf93374e70a6d315ee91ef2adcffecd,1,62.0,62.0,1.0,108502.01,108502.01,c6e2484c0cc0ec029e7b421ccae0d2a79cf93374e70a6d315ee91ef2adcffecd,4731800.0,TO,3000000000000000.0,7110000000000000.0,394.0,5770000000000000.0,690.0,28036.0,620.0,974.0
c6ed9f988b1356dcbc498678e921d03bedb8fb4a9691d568f2361b91404102a2,1,1.0,1.0,1.0,807.4,807.4,c6ed9f988b1356dcbc498678e921d03bedb8fb4a9691d568f2361b91404102a2,1412601.0,SP,7500000000000000.0,9400000000000000.0,858.0,2.1e+16,940.0,0.0,979.0,986.0
c6effd153056c3ca5cfa69c621aa161d91b5cc54eac9d42367f3b8db5c57abc3,1,0.0,0.0,0.0,526.17,526.17,,,,,,,,,,,
c6f58f96d236b64e3977b1b3e2fe61224775b1a59cde5a350e9588b5d6105c68,1,1.0,1.0,1.0,3357.22,3357.22,c6f58f96d236b64e3977b1b3e2fe61224775b1a59cde5a350e9588b5d6105c68,4645101.0,PB,9570000000000000.0,7400000000000000.0,824.0,133300.0,920.0,911.0,972.0,988.0
c6f7c4e5bfe2f9726132c799a2ff5754878d032bc415e6e849f8b41c495d6f0c,1,0.0,0.0,0.0,777.75,777.75,,,,,,,,,,,
c713564d3fce11edda4400b6a06607cdf0abed4211c3823a76cfb01244d05265,2,0.5,1.0,0.5,913.1,456.55,,,,,,,,,,,
c718dc4d2a110e7ed2b72f708d20d5044204df6defc4b4d42d4c166898a9280e,1,0.0,0.0,0.0,956.8,956.8,c718dc4d2a110e7ed2b72f708d20d5044204df6defc4b4d42d4c166898a9280e,4672900.0,RS,9940000000000000.0,8460000000000000.0,945.0,2740000000000000.0,980.0,47.0,980.0,989.0
c71b22fbb2225b3337e45d5dc720a7bcf51fbd950312598e19e70858dd53c3c5,3,0.3333333333333333,1.0,0.3333333333333333,1872.3600000000001,624.12,,,,,,,,,,,
c71e0fe00f726251404cd57d035a78a562de08684680a316db27ee72bbe2f20e,1,0.0,0.0,0.0,175.96,175.96,,,,,,,,,,,
c72777b07794c690618c244b732383a70028c1b39a94b446981f1ac9e59c7025,1,0.0,0.0,0.0,1075.18,1075.18,,,,,,,,,,,
c72dff3cf719ca6c98f9d85c0b32835807e3567dc40c73949d6c9d31cd1cc8af,1,0.0,0.0,0.0,3500.0,3500.0,c72dff3cf719ca6c98f9d85c0b32835807e3567dc40c73949d6c9d31cd1cc8af,1091101.0,SP,936990000000000.0,854367000000000.0,960.0,2.56e+16,990.0,0.0,981.0,988.0
c740d1efdcaf45c6468df0f266e76eabfaad6d842b09ec9f3616ab8e380af20c,1,0.0,0.0,0.0,781.93,781.93,,,,,,,,,,,
c749c7a7a9ed0d9b9d13e50f0668d66ecee5df38aa213062926bb22dc9a03a86,1,0.0,0.0,0.0,630.6,630.6,,,,,,,,,,,
c7605b704fe08c546d4a22b28adec7c3bdcd5f1fe9746541920fdfd44f18c722,1,1.0,1.0,1.0,55.8,55.8,,,,,,,,,,,
c77828ea34760c39929a49a42657873a7a8f446212d2ae7c9d75cbf6fe865302,1,0.0,0.0,0.0,1668.21,1668.21,c77828ea34760c39929a49a42657873a7a8f446212d2ae7c9d75cbf6fe865302,1413401.0,PR,8740000000000000.0,9020000000000000.0,687.0,1910000000000000.0,870.0,0.0,928.0,987.0
c7ac0cd90c2f04f6cca7d9bacb98153848ddb144ceb982097ccfbfaaacae4906,1,0.0,0.0,0.0,1152.94,1152.94,c7ac0cd90c2f04f6cca7d9bacb98153848ddb144ceb982097ccfbfaaacae4906,4781400.0,RS,9660000000000000.0,5100000000000000.0,888.0,195400.0,970.0,3303.0,981.0,989.0
c7b39020c1513523310bbb49d9f08548c2c45abc2668cb0274c7b861b03c6179,1,0.0,0.0,0.0,292.55,292.55,,,,,,,,,,,
c7c2e5bbddf6123767b2ebda6c96bdfe4f81ab4aeff6c108d8e039cd9a2fc9d7,1,0.0,0.0,0.0,3231.9,3231.9,,,,,,,,,,,
c7d8ba2e56de6ddeaa62422be143714f53597527ff38995bd79d8c8371580dc6,1,0.0,0.0,0.0,614.4,614.4,,,,,,,,,,,
c7ddc7f1a4e7b15384517cf33e0e4f49826f2a8fc7ef1743edb597faa4e5e60c,1,0.0,0.0,0.0,5355.34,5355.34,,,,,,,,,,,
c7eb32fec078d86721aa498d11e0c5520f421994210e602b16c2514974c5e7ba,1,5.0,5.0,1.0,105.78,105.78,,,,,,,,,,,
c7f955501f447fc5ad6b978b9592e639605e16dcdc26d327197a86906a5e7884,3,0.3333333333333333,1.0,0.3333333333333333,61397.520000000004,20465.84,c7f955501f447fc5ad6b978b9592e639605e16dcdc26d327197a86906a5e7884,4110700.0,SP,5230000000000000.0,2.33e+16,169.0,1.03e+16,550.0,8403.0,952.0,988.0
c831ac3ba29a0b764980e2f711c3e3d02dea63410ebb6a1fcdc6e48303bcaa2c,1,0.0,0.0,0.0,16404.67,16404.67,c831ac3ba29a0b764980e2f711c3e3d02dea63410ebb6a1fcdc6e48303bcaa2c,4120400.0,SC,8390000000000000.0,3.25e+16,948.0,2280000000000000.0,940.0,11573.0,979.0,988.0
c83845d0808f14ff7c74d0bfd45a59b173c997f979ff8d7e1add5ae81db77c5f,1,1.0,1.0,1.0,133.15,133.15,c83845d0808f14ff7c74d0bfd45a59b173c997f979ff8d7e1add5ae81db77c5f,4642701.0,SP,9370000000000000.0,5280000000000000.0,858.0,125500.0,880.0,21672.0,975.0,988.0
c852d7215399faa3aa7ecd8a784fb9f88a31fce6079115ac145cdb24d65bd4b3,1,0.0,0.0,0.0,635.95,635.95,,,,,,,,,,,
c87f33700f876af351b5dbe86a2a2ec5f97c03989f45ea9f25e61254e18d60b5,1,0.0,0.0,0.0,1231.49,1231.49,c87f33700f876af351b5dbe86a2a2ec5f97c03989f45ea9f25e61254e18d60b5,4755502.0,SP,899800000000000.0,5880000000000000.0,482.0,30000.0,930.0,0.0,695.0,982.0
c8929e290858206639af4c6e82885a8f7886715a11547f06335b8da59e62aac2,1,5.0,5.0,1.0,441.25,441.25,,,,,,,,,,,
c895cf1e998d431681a7505dc148f99ea16b385d0783220c1beaa86a80b3716e,1,0.0,0.0,0.0,302.99,302.99,,,,,,,,,,,
c8a6d12697960bf1660876ce9718dd54d6cbe7867853ef59c4f6a5d836f23cc8,1,1.0,1.0,1.0,1231.74,1231.74,c8a6d12697960bf1660876ce9718dd54d6cbe7867853ef59c4f6a5d836f23cc8,3299003.0,PR,5460000000000000.0,2.34e+16,854.0,1.07e+16,850.0,248.0,979.0,988.0
c8c9c92ac82e9a3a80e0c74c3416102df6fb9c177cd9c059b6d13676b599f73d,1,0.0,0.0,0.0,16090.72,16090.72,,,,,,,,,,,
c8d6bcd7731fde23158a515c411988bb676b38a746f08bd8bb3d922efc03d992,1,0.0,0.0,0.0,493.05,493.05,,,,,,,,,,,
c8daf5e6d695147406b76b125b9311eecafd2b660db5717643263001b761c810,1,0.0,0.0,0.0,97.47,97.47,,,,,,,,,,,
c8e437a96f5eb00f192c6385f89ddef61a3fa8b8dcef064ad259a094d996a7cc,1,0.0,0.0,0.0,155.42,155.42,,,,,,,,,,,
c906f87be7156abfb99cbc7c110e4dfcc057f5513d0bba72d22bbf6c6a35aa6d,1,19.0,19.0,1.0,711.25,711.25,,,,,,,,,,,
c92ad7d77ee729301a3e16a8a5efedcdf042e650259a12c85d43711c40077b20,1,0.0,0.0,0.0,64.06,64.06,,,,,,,,,,,
c934af8b320c8af6be290fdb90879f36bee70f41a49fa14fbacbd42dc23f8b9b,4,0.5,2.0,0.25,84748.03,21187.0075,c934af8b320c8af6be290fdb90879f36bee70f41a49fa14fbacbd42dc23f8b9b,4633801.0,SP,8690000000000000.0,50.0,945.0,2.5e+16,950.0,17.0,980.0,988.0
c937d4183b71489ef1ee47be9e09a5003ebdcad457052727dd02eeb8cc1d74ea,1,0.0,0.0,0.0,1231.95,1231.95,,,,,,,,,,,
c9473afc0e6eea1048014610f40be59414618074b8956fc81d6f4c3e038c2694,1,1.0,1.0,1.0,384.43,384.43,c9473afc0e6eea1048014610f40be59414618074b8956fc81d6f4c3e038c2694,4771701.0,PR,9320000000000000.0,9230000000000000.0,950.0,2120000000000000.0,980.0,47108.0,983.0,989.0
c95816a56076ef7fcbd31f7dc74fdb48c579b10d8d10c59b40864a8f0912e5f3,1,0.0,0.0,0.0,7713.38,7713.38,c95816a56076ef7fcbd31f7dc74fdb48c579b10d8d10c59b40864a8f0912e5f3,4661300.0,RO,9330000000000000.0,1380000000000000.0,951.0,2.34e+16,950.0,16309.0,978.0,989.0
c967fa866009c5521ff7039941998dc74ac63d532830eab4d494bc4f83f40f24,1,0.0,0.0,0.0,515.19,515.19,,,,,,,,,,,
c971dfb91837efc48eb12abc7f80ec5aa4c098fc9c65619d9cd046d88cf0d7dc,1,0.0,0.0,0.0,475.38,475.38,,,,,,,,,,,
c977836527abb307eb67ddebfa9bc31d568c17215e36fab27eaa05fbb16d9ae0,1,0.0,0.0,0.0,788.56,788.56,c977836527abb307eb67ddebfa9bc31d568c17215e36fab27eaa05fbb16d9ae0,4742300.0,SC,1000.0,7690000000000000.0,964.0,2.5e+16,990.0,0.0,981.0,988.0
c98f2f4be4715e667e96ce4031046ab9ca6634f9c643542e3ea556c25b5c6b6c,1,0.0,0.0,0.0,90294.29,90294.29,c98f2f4be4715e667e96ce4031046ab9ca6634f9c643542e3ea556c25b5c6b6c,4635499.0,MG,9980000000000000.0,5900000000000000.0,828.0,159800.0,890.0,63.0,975.0,989.0
c993813bbe476279b08919d29d36ca0dced706276147fe33069cc637f9219a08,1,0.0,0.0,0.0,15124.49,15124.49,,,,,,,,,,,
c9a0a178bbb24344ab2c3a9d34ab3b4ecb3aa119965bdcda3371fa4dbf820970,2,19.0,20.0,1.0,33968.61,16984.305,c9a0a178bbb24344ab2c3a9d34ab3b4ecb3aa119965bdcda3371fa4dbf820970,8211300.0,SP,9970000000000000.0,7950000000000000.0,929.0,2.43e+16,930.0,0.0,658.0,983.0
c9d0bb14045e2546a60e6344258a5e98a2a600b97452c6364b53dcb16d76ffe1,1,0.0,0.0,0.0,1761.62,1761.62,c9d0bb14045e2546a60e6344258a5e98a2a600b97452c6364b53dcb16d76ffe1,4771701.0,PR,9400000000000000.0,1000.0,963.0,1.85e+16,980.0,0.0,981.0,988.0
c9dc1a87050d61b4fd3ce04be47fa32a1b9bb3ad22abe08f5d82208288bd0b86,1,0.0,0.0,0.0,284.97,284.97,,,,,,,,,,,
c9e960d4b0eb57635219e97718abd71a835bc032c81c781d2d81891d2a642578,1,1.0,1.0,1.0,827.03,827.03,c9e960d4b0eb57635219e97718abd71a835bc032c81c781d2d81891d2a642578,4644301.0,CE,5660000000000000.0,712484000000000.0,804.0,1.22e+16,890.0,16525.0,855.0,985.0
c9eef31efb7be3bd933f91a0fafe9b1b6780230cc3d5b7625f38ad54311fecca,1,0.0,0.0,0.0,345.26,345.26,c9eef31efb7be3bd933f91a0fafe9b1b6780230cc3d5b7625f38ad54311fecca,4744099.0,SC,944457000000000.0,444038000000000.0,909.0,1.56e+16,970.0,3254.0,973.0,988.0
ca03fd0d1a400952f2f1d4babdd412df61624159124749e50167fee3961d48eb,1,1.0,1.0,1.0,1301.75,1301.75,ca03fd0d1a400952f2f1d4babdd412df61624159124749e50167fee3961d48eb,4781400.0,RS,9770000000000000.0,50.0,878.0,1.64e+16,960.0,0.0,981.0,989.0
ca45f0d365acd4b51e9f51d81cb1cb577b4a4b21699d83c8f7025f11d4b955c5,1,63.0,63.0,1.0,1980.0,1980.0,ca45f0d365acd4b51e9f51d81cb1cb577b4a4b21699d83c8f7025f11d4b955c5,4511101.0,DF,7260000000000000.0,8090000000000000.0,358.0,8180000000000000.0,730.0,4918.0,758.0,973.0
ca644d16312c5786b6796d2f6421e866af2e26f5ae806c797c0974e2150e41ae,1,0.0,0.0,0.0,10323.21,10323.21,ca644d16312c5786b6796d2f6421e866af2e26f5ae806c797c0974e2150e41ae,2229302.0,SP,9410000000000000.0,853323000000000.0,912.0,2.1e+16,960.0,0.0,980.0,988.0
ca9157f1e6a91d352ba447efcff65fe6414ccde28398eb39af14e44fae427efb,1,3.0,3.0,1.0,765.97,765.97,ca9157f1e6a91d352ba447efcff65fe6414ccde28398eb39af14e44fae427efb,4789005.0,RJ,8090000000000000.0,8800000000000000.0,815.0,1.5e+16,910.0,13952.0,955.0,986.0
caa09567507152e2fb0f22dfc64f1b90b298254b771a01b177d561a7c5f0d5e0,2,0.0,0.0,0.0,2630.73,1315.365,caa09567507152e2fb0f22dfc64f1b90b298254b771a01b177d561a7c5f0d5e0,4669999.0,SP,8040000000000000.0,7300000000000000.0,885.0,1.62e+16,890.0,615.0,946.0,988.0
caa37aa079bbf7803925f135f8cb43da1c10a2a8faf791caca0e836b6ea9d8cd,1,0.0,0.0,0.0,101.25,101.25,caa37aa079bbf7803925f135f8cb43da1c10a2a8faf791caca0e836b6ea9d8cd,2063100.0,SP,9990000000000000.0,9650000000000000.0,927.0,1.34e+16,930.0,0.0,972.0,988.0
caa877db9e589fff9c2379a51e0a49d4a84ced61d176c8e03ffa834d66733115,1,0.0,0.0,0.0,611.99,611.99,,,,,,,,,,,
cadf3ca67b44d79e12248a518fa55c2482c2d3e7cd57f90273c7f2eae71dbfaa,1,0.0,0.0,0.0,1798.2,1798.2,cadf3ca67b44d79e12248a518fa55c2482c2d3e7cd57f90273c7f2eae71dbfaa,4643501.0,SP,9990000000000000.0,4060000000000000.0,929.0,1.85e+16,970.0,0.0,974.0,988.0
cb00691da6f99ec1b6fc5e65aca0a5b0af923be11c4a8a6ecae00e80a95809e9,1,4.0,4.0,1.0,514.12,514.12,,,,,,,,,,,
cb03d13565cf2438dd32382f28c7932d7f408d2796b9c562f4ffadb3a64e2602,1,0.0,0.0,0.0,914.88,914.88,,,,,,,,,,,
cb0b37ba2969ad65376df4a016482ab8c0b9e6639ed60ea5544d8fdada376591,1,0.0,0.0,0.0,4204.25,4204.25,,,,,,,,,,,
cb13e464ca80f403d6532d2482be01cb0726bfdc5f38207d385b5efae54aa11c,5,3.2,7.0,0.8,7634.87,1526.974,,,,,,,,,,,
cb194daaf18df8b5c54381d19154bd14f62c60d4aec02448af1fa4d3722dd49e,1,1.0,1.0,1.0,44574.07,44574.07,cb194daaf18df8b5c54381d19154bd14f62c60d4aec02448af1fa4d3722dd49e,2441502.0,SP,7390000000000000.0,5910000000000000.0,890.0,119000.0,950.0,33259.0,975.0,989.0
cb1f73bf590c2708e7df03ec17d0f7321c0df11a4248b5f76a074a16252c5f23,1,11.0,11.0,1.0,699.5,699.5,,,,,,,,,,,
cb2390e2b73603ffaf27c6771866e9df417cbcb37ed27fb593a83aaead9d84f7,3,0.6666666666666666,1.0,0.6666666666666666,1361.68,453.8933333333334,,,,,,,,,,,
cb25524201df92e4d7c03e82694f72dd607b083b162e303635c8cad2b0ff7a56,1,0.0,0.0,0.0,2725.0,2725.0,,,,,,,,,,,
cb586d4323efcab80f7596d1f96d7bdc3432f3b935e8ebcb87c359bb39ac724a,1,0.0,0.0,0.0,275.1,275.1,,,,,,,,,,,
cb5b1b81b69517f6b73ad41deb4ae62e794b41fbebcd81dce7c5a0279590163c,1,0.0,0.0,0.0,902.44,902.44,,,,,,,,,,,
cb741d0e73cbe4b4b38fc828a2de752ac92a714ea5a7140db506f0d81c1d0d2a,1,0.0,0.0,0.0,425.48,425.48,,,,,,,,,,,
cb8c7cc6d98e2a2cfb5a9266bed79eb22a52fb8543eecf891e8aaed78ae69626,2,0.0,0.0,0.0,960.0,480.0,,,,,,,,,,,
cb9a06524e21a43b893be3e78165b832aa33116823136187f8abecf25b8ab804,1,0.0,0.0,0.0,138.19,138.19,,,,,,,,,,,
cbbfe600d104d6e73b9907994c1f1ee4828b913884b15836390d5ebc92864a20,1,0.0,0.0,0.0,3042.0,3042.0,cbbfe600d104d6e73b9907994c1f1ee4828b913884b15836390d5ebc92864a20,4711302.0,SC,9740000000000000.0,8620000000000000.0,960.0,1920000000000000.0,960.0,7408.0,983.0,989.0
cbce2f1db1a1ab6748c80f9a6d2aba8a106bf35a95b417c04100e8598d2c6220,5,0.0,0.0,0.0,2197.33,439.466,cbce2f1db1a1ab6748c80f9a6d2aba8a106bf35a95b417c04100e8598d2c6220,4732600.0,SP,9410000000000000.0,1000.0,963.0,7610000000000000.0,980.0,29648.0,970.0,988.0
cbdcf90314ce60a57ff6f5d20cc5f6226f4b912e82cc1769d9ceb99203445df9,6,21.0,32.0,0.8333333333333334,4351.12,725.1866666666666,,,,,,,,,,,
cbe1d3d7615251ae9a833cfcdeb2bc896d8eb49047c28db96706648fafe19f11,2,0.0,0.0,0.0,1276.6399999999999,638.3199999999999,,,,,,,,,,,
cc1ebf787be036f818bcf5aa66ae9a19a717efa9051382d392dffa0ce4a35647,1,0.0,0.0,0.0,4486.94,4486.94,,,,,,,,,,,
cc48c625b4a21e67067e7648f9db1e1d1fd7af4373dd0ce3cd1d3c0def998963,2,0.0,0.0,0.0,157.64,78.82,,,,,,,,,,,
cc56a28a963d83795d392adb72178a93924232200c1c4d271352c14ef20b6c28,1,4.0,4.0,1.0,395.52,395.52,,,,,,,,,,,
cc5ac81cb208d5684b54006a1a33a20164576ce2738058c77c6c35dab3d0afe5,1,0.0,0.0,0.0,66.66,66.66,,,,,,,,,,,
cc721c29363dd30a435944f18b6d21247ce135356ce7c1ec56a09215c6b68e04,1,0.0,0.0,0.0,526.23,526.23,,,,,,,,,,,
cc760f623447d7c9a5eee86c34d0de0a2a9ddd82386e81c89d394d3f66b1a918,3,0.0,0.0,0.0,3070.33,1023.4433333333333,,,,,,,,,,,
cc7cd45e6b8f2737276c52ace23bf05203b677609f53784730fd20884c84520b,1,0.0,0.0,0.0,132.22,132.22,,,,,,,,,,,
cc833cdc736aa169870b9a717892fb5e4bc251813b4dd9ffe6c176c5f9632967,1,3.0,3.0,1.0,637.15,637.15,,,,,,,,,,,
cc8d2ec7ab13abc6188b4d68c46a7bc0fe40205b73c00c3d4df32d6eb72d3de0,1,0.0,0.0,0.0,1106.32,1106.32,cc8d2ec7ab13abc6188b4d68c46a7bc0fe40205b73c00c3d4df32d6eb72d3de0,2542000.0,PR,5610000000000000.0,8010000000000000.0,183.0,1.12e+16,630.0,7097.0,73.0,975.0
cc9953d743599f3eb6fcff785dff9eb3ef356be1e215d8c93044f8a4a2e308ba,1,1.0,1.0,1.0,83.7,83.7,,,,,,,,,,,
cccd172351e9fc70ca1e36417e8e52a117eb8bf832c39f6d3aac7c21564cf101,12,0.5,3.0,0.25,227432.59,18952.715833333332,cccd172351e9fc70ca1e36417e8e52a117eb8bf832c39f6d3aac7c21564cf101,2511000.0,MG,3580000000000000.0,7660000000000000.0,803.0,1.45e+16,870.0,44074.0,976.0,989.0
ccebbe563c0920dbe804597608301179025e37b2fd37a1d6dab3996d48779e0f,2,22.0,44.0,0.5,98545.20999999999,49272.604999999996,,,,,,,,,,,
ccecd891fa7927798f555cd632db2dd653174ca819bec1d2f6b342a07091c363,1,0.0,0.0,0.0,634.74,634.74,,,,,,,,,,,
cd16fa52d8ccbea15fab1cf079fdd4f07f970035f9a82dbec3eb212ec9a8d58e,1,2.0,2.0,1.0,85.62,85.62,,,,,,,,,,,
cd227674eebec0d3a9941f27a261b79323b395a3b0d400dff00f829cc0779c14,1,0.0,0.0,0.0,328.56,328.56,,,,,,,,,,,
cd359941ea85dfbdd6489c9a96541e532127365d1eb7675c3f4f380b8f871adc,1,1.0,1.0,1.0,4269.98,4269.98,cd359941ea85dfbdd6489c9a96541e532127365d1eb7675c3f4f380b8f871adc,4530701.0,SP,9820000000000000.0,909388000000000.0,958.0,2.35e+16,980.0,269.0,978.0,988.0
cd4162db522f3b320923e6088807e794d160bd47fc376d42074e16f0e2066a0f,1,0.0,0.0,0.0,601.34,601.34,cd4162db522f3b320923e6088807e794d160bd47fc376d42074e16f0e2066a0f,4771701.0,PR,7630000000000000.0,74867700000000.0,963.0,221750.0,970.0,767.0,980.0,988.0
cd461a72083bdfb487f1797bf0b6edb2b2f03d785f0e91b754ea9a349c78db03,7,14.571428571428571,68.0,1.0,1280.5,182.92857142857142,,,,,,,,,,,
cd5a0611474c6d7d8901a7f0dfa6dca53a7dddf13429a0804512d5f5843703c3,1,0.0,0.0,0.0,364.34,364.34,,,,,,,,,,,
cd5a3fd483e1f5048b745bf1145cf9e2e6a495b7c39b0dfd08fcfbc575570dd4,1,0.0,0.0,0.0,409.44,409.44,,,,,,,,,,,
cd6af81ef4dbb466dcd9d3974014a0fc22bf5e931128e825f1cd05bdc7c4e1cd,1,2.0,2.0,1.0,797.29,797.29,,,,,,,,,,,
cd8a75f2e84e7e2484a01cc45d04b4070212a5f8ec520dc93981af21006cda26,1,0.0,0.0,0.0,728.65,728.65,cd8a75f2e84e7e2484a01cc45d04b4070212a5f8ec520dc93981af21006cda26,4754701.0,RS,970528000000000.0,8610000000000000.0,953.0,225625.0,880.0,0.0,978.0,989.0
cdaff5a573a9ed5d183e9ec4d94ce90de2d2f45deb0fbaf30abaa978c8fb871e,17,53.294117647058826,68.0,0.9411764705882353,10027.55,589.8558823529411,cdaff5a573a9ed5d183e9ec4d94ce90de2d2f45deb0fbaf30abaa978c8fb871e,4930202.0,PR,2.1e+16,50.0,408.0,1.15e+16,710.0,8934.0,765.0,874.0
cdb6884f2b93f9c26d237985b04a12f767032714852006f49ff551c5c3e42175,1,0.0,0.0,0.0,541.93,541.93,,,,,,,,,,,
cdba2080a8449bee5d7a385615db500727970acef59dd8d4adbf0c2a5c5cf446,2,0.0,0.0,0.0,2188.33,1094.165,cdba2080a8449bee5d7a385615db500727970acef59dd8d4adbf0c2a5c5cf446,4754701.0,MT,8170000000000000.0,2030000000000000.0,895.0,95500.0,960.0,0.0,980.0,989.0
cdd91a47732c342bfab1358f6a216677f2a40254ad2831b10abdc3ca627942c7,2,0.0,0.0,0.0,624.97,312.485,,,,,,,,,,,
cde08a9ca6f9c3cec924a059f5813db54aedebbb51f35883dbf72043d5d3249d,1,1.0,1.0,1.0,1979.31,1979.31,,,,,,,,,,,
cdf8ded0264b800e8eb7e0e1d51a2c29b46a15319530b3ed076ee56bea1c117c,1,5.0,5.0,1.0,3681.82,3681.82,,,,,,,,,,,
ce030b0a526b6ecf9107ae732d74a0061397b0bfdf8d67980163916138700fd9,2,0.0,0.0,0.0,110520.72,55260.36,ce030b0a526b6ecf9107ae732d74a0061397b0bfdf8d67980163916138700fd9,2452100.0,SP,8920000000000000.0,6110000000000000.0,923.0,2.33e+16,940.0,105.0,969.0,988.0
ce2178e41d055b425ac501aa0ad009fcf8a6c3435db720be53f5d9eba9567752,1,0.0,0.0,0.0,5806.16,5806.16,ce2178e41d055b425ac501aa0ad009fcf8a6c3435db720be53f5d9eba9567752,8299799.0,PR,9040000000000000.0,997368000000000.0,958.0,133250.0,950.0,0.0,975.0,989.0
ce55536f715b76c83c264f5385ec02d73b08fc7767738ca19bc5ea4bcdffe549,2,2.5,5.0,0.5,18500.0,9250.0,,,,,,,,,,,
ce57bedef46630ee1179ce8a2fc61c6547d04f596aa59b31d1e1099de8a6327d,3,0.0,0.0,0.0,7260.459999999999,2420.153333333333,,,,,,,,,,,
ce623d7ebefd51a2b2b12927ef46832f69f4df1e0d4e1b3eeb971dbcba572c52,1,0.0,0.0,0.0,237778.25,237778.25,ce623d7ebefd51a2b2b12927ef46832f69f4df1e0d4e1b3eeb971dbcba572c52,6810202.0,SP,8380000000000000.0,8480000000000000.0,190.0,1820000000000000.0,830.0,865.0,738.0,905.0
ce6ac28cccdc0d4c4b2ef5c79d8a137cbb18ec2c0630441c597688f24108a9cf,1,0.0,0.0,0.0,951.01,951.01,ce6ac28cccdc0d4c4b2ef5c79d8a137cbb18ec2c0630441c597688f24108a9cf,2731700.0,SC,9360000000000000.0,8430000000000000.0,895.0,1818125.0,960.0,2059.0,976.0,989.0
ce904818472e142155b71c5be8e99f98c8f51e294155926bcbfed5090b9330bf,1,0.0,0.0,0.0,1813.13,1813.13,,,,,,,,,,,
ce96c84bd9877c554aa482ff1a3e0431674411b69030cd8c8407517dbb3b00f4,2,0.0,0.0,0.0,14903.669999999998,7451.834999999999,ce96c84bd9877c554aa482ff1a3e0431674411b69030cd8c8407517dbb3b00f4,2531402.0,SP,8640000000000000.0,3.58e+16,955.0,1.98e+16,920.0,28783.0,979.0,986.0
ce9f7b4f508645ada117ec5f4d43633be19dbbb9fd665df99a9abfe9e9ee7f33,1,0.0,0.0,0.0,501.39,501.39,,,,,,,,,,,
ceba27fd27db90f830f1e37382d70ea0ccc7ac56d3c32608da7f5305b738d293,1,5.0,5.0,1.0,88.05,88.05,,,,,,,,,,,
cebb9ad0f977ee60ee6dba891ac4da38cd76e9493dc535a7d1411d28e800806b,105,4.6,12.0,0.6285714285714286,1775004.84,16904.808,,,,,,,,,,,
cebc7adb603721920fce9a561f0a33db0ba37c1549ecd4b22c1f6878c5ba7de7,1,0.0,0.0,0.0,396.74,396.74,,,,,,,,,,,
cecb64678266f5e1ff45adb4e85475218ceecb531b27df780b3982233bad22c7,1,0.0,0.0,0.0,937.08,937.08,,,,,,,,,,,
ced00a0b3d4703d59a43847ada7b04ee1a6f80f48bbba054a8fc8398681e3389,1,0.0,0.0,0.0,336.08,336.08,,,,,,,,,,,
cedef8508b41742d1d9e637417dfdd164d0e01003ef248aabdcf01fdadfa5f6e,1,0.0,0.0,0.0,322.58,322.58,cedef8508b41742d1d9e637417dfdd164d0e01003ef248aabdcf01fdadfa5f6e,4781400.0,SC,9770000000000000.0,7710000000000000.0,959.0,58000.0,980.0,15315.0,973.0,988.0
cefb641db195b043822610405f9cad4b219b1a40ae96e99b72704a2d6e71de11,2,0.0,0.0,0.0,3102.3999999999996,1551.1999999999998,,,,,,,,,,,
cf03b2de4cfaa12e319bdb8224521b7ec4829834ad3c0d52c04cc4d7cd22b16f,3,3.0,9.0,0.3333333333333333,1669.78,556.5933333333334,,,,,,,,,,,
cf0d1847f5ba31db489912cd924d6c616b77147e89653c725d3edd0ec7ce3277,2,3.5,7.0,0.5,2798.4,1399.2,,,,,,,,,,,
cf1bad310ed46de6fa6caacdb902da1b8868ae7e608815263ae71adbe72904ac,13,0.0,0.0,0.0,50573.55,3890.273076923077,,,,,,,,,,,
cf3a178808312773d2d3b1846af1d43a8ad6d20ac5872c0822f0650b7d6930b1,1,0.0,0.0,0.0,599.38,599.38,cf3a178808312773d2d3b1846af1d43a8ad6d20ac5872c0822f0650b7d6930b1,4753900.0,SC,9890000000000000.0,1000.0,932.0,166250.0,910.0,11793.0,979.0,989.0
cf4b54ec893ed48082a7b8212c76d467e9c4c5f3a5011c638dbcf20467041f26,1,0.0,0.0,0.0,287.15,287.15,cf4b54ec893ed48082a7b8212c76d467e9c4c5f3a5011c638dbcf20467041f26,4781400.0,SP,9930000000000000.0,1000.0,951.0,2780000000000000.0,1000.0,215.0,984.0,988.0
cf6bbc34e1aea04d715db437fbb33153e2314f4a980934dddf5eb791ea7cfceb,1,0.0,0.0,0.0,4000.0,4000.0,cf6bbc34e1aea04d715db437fbb33153e2314f4a980934dddf5eb791ea7cfceb,4711302.0,ES,9340000000000000.0,4930000000000000.0,877.0,2200000000000000.0,960.0,19614.0,531.0,988.0
cf6ca23b452c14a8cca0fe95a78832595dd284f35abd66522290a32b2b2e6cf5,4,7.75,10.0,1.0,1143.2900000000002,285.82250000000005,,,,,,,,,,,
cf7e4efbff0093109a37b3bdf9b9bde4409b2be6dd131f551e75f4bb8308fed6,1,1.0,1.0,1.0,178.93,178.93,,,,,,,,,,,
cf8fa9f6f4ef263ac410078a80827e8826d0c176fa0e3b19e045cd817fedc7da,1,0.0,0.0,0.0,599.52,599.52,,,,,,,,,,,
cf921ff88dd3841993de41afb7cd64824e2763d6f1e684c3f256abf6db1b3f53,1,0.0,0.0,0.0,1200.0,1200.0,cf921ff88dd3841993de41afb7cd64824e2763d6f1e684c3f256abf6db1b3f53,2063100.0,SE,9680000000000000.0,8270000000000000.0,945.0,215600.0,970.0,0.0,982.0,989.0
cf95452190451444c4a6cee3b6cbcbeaa6d14e0e640229f143cb31dcdb126c55,1,7.0,7.0,1.0,874.08,874.08,cf95452190451444c4a6cee3b6cbcbeaa6d14e0e640229f143cb31dcdb126c55,1412601.0,ES,8580000000000000.0,744614000000000.0,758.0,184250.0,850.0,0.0,956.0,987.0
cfabb3324ef60695cebe1a05f6c56e98ea6070cd57cbd9e2d76b06b501888a92,1,6.0,6.0,1.0,628.47,628.47,,,,,,,,,,,
cfd488cf8d5499ed1f54910b6b6fd20018fd4d611cffa3b8c3c0df084056f28d,2,37.5,62.0,1.0,92269.29,46134.645,cfd488cf8d5499ed1f54910b6b6fd20018fd4d611cffa3b8c3c0df084056f28d,2222600.0,SC,2.89e+16,6220000000000000.0,113.0,1.28e+16,410.0,1939.0,39.0,877.0
cfd4ef09a02151e808864ca23d89fccdf473ff4dfdab8b2d86c94b7f9135d439,1,0.0,0.0,0.0,6424.99,6424.99,cfd4ef09a02151e808864ca23d89fccdf473ff4dfdab8b2d86c94b7f9135d439,4711302.0,RS,9330000000000000.0,9940000000000000.0,957.0,2.2e+16,960.0,0.0,980.0,988.0
cfed0f0ce8cc7aa5b47d794f59481115d047e01805265980d2c862f32add8c38,1,0.0,0.0,0.0,978.49,978.49,cfed0f0ce8cc7aa5b47d794f59481115d047e01805265980d2c862f32add8c38,1412601.0,MG,8900000000000000.0,4250000000000000.0,954.0,1270000000000000.0,900.0,0.0,982.0,988.0
d00190636dab371fb377c2436c4a2f87ddc7ac076ff196f2b1f2308468cd2bef,1,8.0,8.0,1.0,2678.33,2678.33,,,,,,,,,,,
d00b9e333a24795e0c994cb4dad4deb620b6dba678782401d1b0245cdfcadaa7,1,3.0,3.0,1.0,269.46,269.46,,,,,,,,,,,
d0256b95246e4981b9160048c679866fa29100d2224a45ab3b24d491cc225e2e,1,0.0,0.0,0.0,4440.21,4440.21,,,,,,,,,,,
d03f3b6fe8fdefe7a7b505d46ae2bd1a3bcb0479d67b4714c91f120e87d7a7bb,1,0.0,0.0,0.0,997.48,997.48,,,,,,,,,,,
d042e94c3a47dde48f9c1f174d938bd34d7752b338119deeefd84129b5ddc44f,1,0.0,0.0,0.0,11815.0,11815.0,d042e94c3a47dde48f9c1f174d938bd34d7752b338119deeefd84129b5ddc44f,2221800.0,SP,3460000000000000.0,1000.0,548.0,154000.0,820.0,0.0,350.0,950.0
d08c9b674a271f39f52d6d89127e9389268c7713848b38948c0faecb81e6631a,1,0.0,0.0,0.0,71.55,71.55,,,,,,,,,,,
d0bd36ca0f7984458e322d819cc6661868fbd3923f651d3efb944a73a3dd9f95,1,0.0,0.0,0.0,2004.16,2004.16,,,,,,,,,,,
d0d85fad16d9007456c824ac5eb9b9c3f0060cc88d41506cab2af0a4f6167d16,2,0.0,0.0,0.0,646.1700000000001,323.08500000000004,d0d85fad16d9007456c824ac5eb9b9c3f0060cc88d41506cab2af0a4f6167d16,4742300.0,SC,9250000000000000.0,2.75e+16,536.0,172375.0,960.0,29597.0,911.0,985.0
d0d90a09b17f3caecd3c49ce30f2346337a59ef619ba3e2e08f0efbc30e1411a,1,0.0,0.0,0.0,472.13,472.13,,,,,,,,,,,
d0e4ca112c6d8703dbb54a61913b60e838ca504df88f012b0f0744916cc48aaf,1,0.0,0.0,0.0,6770.85,6770.85,d0e4ca112c6d8703dbb54a61913b60e838ca504df88f012b0f0744916cc48aaf,1031700.0,SP,8960000000000000.0,56224300000000.0,889.0,1.31e+16,920.0,27727.0,981.0,988.0
d0f9eb0de97fa893d06227ca9c25e854c2a661bc058a881bd8274b9ace5e282e,1,5.0,5.0,1.0,320.39,320.39,,,,,,,,,,,
d129fa048bd7b3af20c96d9859ad76f28e7d6cd7dbef1e68f0d117fa4ae95a25,1,0.0,0.0,0.0,674.14,674.14,d129fa048bd7b3af20c96d9859ad76f28e7d6cd7dbef1e68f0d117fa4ae95a25,4744001.0,MS,9800000000000000.0,9390000000000000.0,950.0,258000.0,940.0,0.0,980.0,989.0
d12c79ccbfc1c9acc215e39d80331a335bac4d956f09b2a1f8378995281ac81b,1,0.0,0.0,0.0,225.86,225.86,d12c79ccbfc1c9acc215e39d80331a335bac4d956f09b2a1f8378995281ac81b,4771701.0,PR,9950000000000000.0,1000.0,951.0,241500.0,990.0,1343.0,983.0,988.0
d14e7d89347c3dd00292d7b2de95edfc1246d705b13a4936e312eb20300cb85a,1,0.0,0.0,0.0,117.4,117.4,,,,,,,,,,,
d1690c733b18f1f70c0593dcd5f05adf9379a28a7ca6a05bf6e720a91f33a158,1,0.0,0.0,0.0,1991.91,1991.91,,,,,,,,,,,
d17419d46439e43e79f2c37a5d11a4240b8d176f1520dc3fdab94b505e445424,1,0.0,0.0,0.0,1258.58,1258.58,,,,,,,,,,,
d17ba9491772ec55e5e2ed0bc03e514312d3eea17f82549c7e082d0cca73088e,1,0.0,0.0,0.0,4854.61,4854.61,d17ba9491772ec55e5e2ed0bc03e514312d3eea17f82549c7e082d0cca73088e,2222600.0,SP,9310000000000000.0,9180000000000000.0,940.0,220000.0,960.0,0.0,981.0,989.0
d17ffcbeed88a720e7e8f1fa7cbdaafd8902881c2d4ceb9c66caae4c13584bdc,1,0.0,0.0,0.0,680.56,680.56,,,,,,,,,,,
d1891882176d6dadf58ad01a5ee387e5eca1ed79a401d51624344f8418700489,1,0.0,0.0,0.0,317.96,317.96,,,,,,,,,,,
d1a58ae2d9f6c9a59ea2e5614ab611f16b4a80396523bfbb525fe400b17d3d03,1,0.0,0.0,0.0,322.2,322.2,d1a58ae2d9f6c9a59ea2e5614ab611f16b4a80396523bfbb525fe400b17d3d03,3240099.0,SP,8240000000000000.0,8600000000000000.0,594.0,146600.0,660.0,12979.0,396.0,986.0
d1a60ec58240a6cb08dd5bc2c01bbc40d8636396f41ea98cbdf11688c4cbfebe,2,0.0,0.0,0.0,202301.22,101150.61,d1a60ec58240a6cb08dd5bc2c01bbc40d8636396f41ea98cbdf11688c4cbfebe,1531901.0,SP,9660000000000000.0,8430000000000000.0,945.0,2570000000000000.0,990.0,267.0,978.0,988.0
d1b79fbe614b3f9e9a321e8b9b4339d726157f08c02822414aa599a9b6b2f6d1,4,49.0,188.0,0.75,4969.98,1242.495,d1b79fbe614b3f9e9a321e8b9b4339d726157f08c02822414aa599a9b6b2f6d1,4530703.0,SP,8770000000000000.0,1000.0,654.0,1200000000000000.0,900.0,8799.0,932.0,986.0
d1ca1ad56892ad3eebc00b4222c6977ac0afb2d112f15c59af850dd1f83db41b,1,0.0,0.0,0.0,2344.46,2344.46,,,,,,,,,,,
d1ff1e72c311707904aacceb9fd198d90bb1767074f865fc5e03fd81299053cd,2,0.0,0.0,0.0,939.14,469.57,d1ff1e72c311707904aacceb9fd198d90bb1767074f865fc5e03fd81299053cd,4771701.0,PR,9650000000000000.0,8850000000000000.0,951.0,243440.0,990.0,2155.0,982.0,988.0
d206cd434d5224fb1b6d3628532d5734e2f7103895ab7ca0264589f04db849a9,1,0.0,0.0,0.0,358.0,358.0,d206cd434d5224fb1b6d3628532d5734e2f7103895ab7ca0264589f04db849a9,2815101.0,RS,9780000000000000.0,9630000000000000.0,935.0,2641875.0,890.0,0.0,972.0,986.0
d2124cdc64ac6f0d16023c469a94a5c3cb4d193f5d2086875487fd8c4ace2b25,1,1.0,1.0,1.0,1552.89,1552.89,,,,,,,,,,,
d2241567dc8cdc34376be6e0d768e838e433e15f7b0e21e96cd51130d3e7fa75,1,0.0,0.0,0.0,2162.25,2162.25,d2241567dc8cdc34376be6e0d768e838e433e15f7b0e21e96cd51130d3e7fa75,4639701.0,SE,7970000000000000.0,8530000000000000.0,963.0,209760.0,920.0,27358.0,982.0,989.0
d271e5da5eb7d4ec7f76f2b6c5b417d3439a0bed080b3d93d90867c858291e66,1,5.0,5.0,1.0,657.45,657.45,d271e5da5eb7d4ec7f76f2b6c5b417d3439a0bed080b3d93d90867c858291e66,4530703.0,GO,6590000000000000.0,9050000000000000.0,710.0,1.42e+16,860.0,26815.0,207.0,969.0
d27c57c1ea7f7e25baccf0194768c774a1e47ca27b644eff1f11262139b363d0,1,0.0,0.0,0.0,101107.36,101107.36,d27c57c1ea7f7e25baccf0194768c774a1e47ca27b644eff1f11262139b363d0,2733300.0,SP,8690000000000000.0,9790000000000000.0,903.0,1.73e+16,950.0,466.0,981.0,988.0
d280866a002c7f91375d621211801b440b206830acf1afa5ce3e636bda579234,1,0.0,0.0,0.0,649.18,649.18,,,,,,,,,,,
d2833d282d475295e492b9f14af1663346bba5057d8dd0e103a5edb380e07844,2,0.0,0.0,0.0,24091.66,12045.83,d2833d282d475295e492b9f14af1663346bba5057d8dd0e103a5edb380e07844,1066000.0,MG,9000000000000000.0,755750000000000.0,952.0,1810000000000000.0,930.0,4174.0,981.0,988.0
d28bb60804308befdd488c42f4504b8509ede4839a5e1a8c4327815b0623939d,1,0.0,0.0,0.0,60.08,60.08,d28bb60804308befdd488c42f4504b8509ede4839a5e1a8c4327815b0623939d,4771701.0,PR,9170000000000000.0,500.0,938.0,113000.0,980.0,4463.0,975.0,989.0
d2c357702f0840761b397d81efddfd1bd8f2765122635d85aadc11a8991aa5f8,1,0.0,0.0,0.0,1211.52,1211.52,,,,,,,,,,,
d2c8e4869bc689d4588ec2cb9daccb39ac77a2b7fdfd82236b699c7b4bb0416a,1,0.0,0.0,0.0,646.08,646.08,,,,,,,,,,,
d2dffbdaddb776dce505a99f0dd5664ba95eac33a5d3e9a2c004cd0f298b7698,1,0.0,0.0,0.0,15119.46,15119.46,d2dffbdaddb776dce505a99f0dd5664ba95eac33a5d3e9a2c004cd0f298b7698,2920401.0,SP,2760000000000000.0,7190000000000000.0,151.0,1.46e+16,450.0,6463.0,163.0,988.0
d2e918b03bc856d8467d3ca4a804a0e6e5db3f425d47e01365b1e5364e79b22e,1,2.0,2.0,1.0,584.1,584.1,,,,,,,,,,,
d303204435e9c20e951eca50e1d258db813f1805239e83f6dabfeb51b3308a8b,1,0.0,0.0,0.0,480.8,480.8,d303204435e9c20e951eca50e1d258db813f1805239e83f6dabfeb51b3308a8b,4711302.0,PR,934858000000000.0,9030000000000000.0,955.0,1630000000000000.0,950.0,14258.0,980.0,989.0
d32cbd2a87b48555c103a4b065285658dd3f449b400b530ff1d78cfd9d45a376,1,0.0,0.0,0.0,863.25,863.25,,,,,,,,,,,
d3302539332d545bab5a4ccd87953619f5e0d1d2712b4184d9c1e30760ff8679,1,0.0,0.0,0.0,393.32,393.32,,,,,,,,,,,
d3492b07cc11232a61ec87dc7da1cdffe368051c173b45ab7e9fe9c03adc7da5,1,0.0,0.0,0.0,2003.97,2003.97,,,,,,,,,,,
d373fbd45f728abcbb18bc3c7034d67dcd749a0c6ad2e65ae18f7409265d0353,1,0.0,0.0,0.0,1403.97,1403.97,,,,,,,,,,,
d37e5612a6856ea3f3b746f3a6a3834c364ee68f2c0e6cac29560849d2924110,1,0.0,0.0,0.0,169.28,169.28,,,,,,,,,,,
d38112f6f13a10698f4bd7362d723fa348f72498e03df1be3b83900b6cd93c5d,4,0.0,0.0,0.0,4082.9599999999996,1020.7399999999999,d38112f6f13a10698f4bd7362d723fa348f72498e03df1be3b83900b6cd93c5d,2599399.0,RS,8860000000000000.0,9540000000000000.0,958.0,1.25e+16,990.0,21923.0,982.0,988.0
d3948383f56dcbd573500c20636ddd8bb41e5f8580704a408fcc5bd22b463fc7,1,0.0,0.0,0.0,59.09,59.09,d3948383f56dcbd573500c20636ddd8bb41e5f8580704a408fcc5bd22b463fc7,4771701.0,PR,993423000000000.0,1000.0,946.0,2.02e+16,990.0,0.0,981.0,988.0
d3a1c511a7a218e4f99117dde80e72dc440a938065d86d2ef96c30e0180e1374,1,0.0,0.0,0.0,408.74,408.74,d3a1c511a7a218e4f99117dde80e72dc440a938065d86d2ef96c30e0180e1374,4782201.0,SP,9240000000000000.0,9880000000000000.0,821.0,1.48e+16,880.0,44465.0,895.0,986.0
d3b5313b73714b4474e31dc4e1d8e65f6b152837dba0238895c759afa7a8c422,1,0.0,0.0,0.0,550.0,550.0,d3b5313b73714b4474e31dc4e1d8e65f6b152837dba0238895c759afa7a8c422,4921301.0,MG,9960000000000000.0,8770000000000000.0,959.0,2.23e+16,970.0,233.0,982.0,989.0
d3c1ba38a008fa55f006395c8ed151094d5b88c6b080cfe1dc5d5da9d55888cc,1,0.0,0.0,0.0,2952.84,2952.84,d3c1ba38a008fa55f006395c8ed151094d5b88c6b080cfe1dc5d5da9d55888cc,1412601.0,PE,9080000000000000.0,1000.0,704.0,2.24e+16,820.0,14256.0,965.0,989.0
d3d77a88cb3c61e4de87a494adef35b6fa328e2ea62e17e1b1c1ec61df1c2222,1,0.0,0.0,0.0,7374.64,7374.64,d3d77a88cb3c61e4de87a494adef35b6fa328e2ea62e17e1b1c1ec61df1c2222,4541206.0,SP,9140000000000000.0,1000.0,823.0,98750.0,950.0,15278.0,962.0,989.0
d3e8f9d18d7a7014eac82a53bc0b8d8c8900c747765f31ebcd93b6d6e2ca1bf8,1,0.0,0.0,0.0,580.51,580.51,,,,,,,,,,,
d3f5bbb087b5ac9d0f223c6b04af0d45ddf3cbbd8b60b95499a2f9017853d5cf,1,4.0,4.0,1.0,285.23,285.23,d3f5bbb087b5ac9d0f223c6b04af0d45ddf3cbbd8b60b95499a2f9017853d5cf,4744099.0,SC,9170000000000000.0,7260000000000000.0,868.0,2.37e+16,940.0,9076.0,884.0,985.0
d405ac517f9007511acc616cc8178a562984de50afc23f73d149b7f9f3925dad,1,0.0,0.0,0.0,14062.65,14062.65,d405ac517f9007511acc616cc8178a562984de50afc23f73d149b7f9f3925dad,4530703.0,SP,9740000000000000.0,9490000000000000.0,950.0,2.52e+16,990.0,0.0,981.0,988.0
d41642384f9d4361d392f244fb1ee4c00c0921435133a631b9fad5ebdc1f080e,1,1.0,1.0,1.0,22047.32,22047.32,d41642384f9d4361d392f244fb1ee4c00c0921435133a631b9fad5ebdc1f080e,4639701.0,PE,4.55e+16,9240000000000000.0,841.0,1.71e+16,840.0,97789.0,959.0,989.0
d41b028d8abde0d083b29cb158041cc65a457ff18bdb124b8f7279c2069a9ed3,1,3.0,3.0,1.0,68238.54,68238.54,d41b028d8abde0d083b29cb158041cc65a457ff18bdb124b8f7279c2069a9ed3,4731800.0,PR,2.87e+16,9840000000000000.0,766.0,1.35e+16,880.0,33531.0,196.0,975.0
d41bc5f62cb06790a0d729c55f117dfbc7628df364e8599c02a5fc2582644b7c,1,0.0,0.0,0.0,2037.37,2037.37,d41bc5f62cb06790a0d729c55f117dfbc7628df364e8599c02a5fc2582644b7c,5819100.0,SP,9630000000000000.0,8160000000000000.0,935.0,1.94e+16,950.0,17955.0,974.0,988.0
d420c379e08fe2e684b021ff88b8e59fa5d2bc677ac32533f6b76032631e5c02,6,0.0,0.0,0.0,264350.79,44058.465,d420c379e08fe2e684b021ff88b8e59fa5d2bc677ac32533f6b76032631e5c02,2099199.0,SP,879808000000000.0,9020000000000000.0,957.0,2.19e+16,950.0,1973.0,982.0,989.0
d430cef4135a36a7e4c5a12eabf179d15eca6ceac1ea85eed6a1291ad82fa89c,1,122.0,122.0,1.0,2688.0,2688.0,,,,,,,,,,,
d446fe569eff685af103233067dfd9bfcf2a317e427d9b89d537f75e2bea3ba9,1,2.0,2.0,1.0,349.88,349.88,d446fe569eff685af103233067dfd9bfcf2a317e427d9b89d537f75e2bea3ba9,4789005.0,SP,9450000000000000.0,7270000000000000.0,863.0,212250.0,880.0,26905.0,966.0,989.0
d44d8b75c823252ef2e1b0373d8f290b6fef03d5142f2f19ed4d87ac6dccae56,2,4.5,9.0,0.5,348600.0,174300.0,,,,,,,,,,,
d461a8dae7247e741888c8ae6be616a841bfc60463d8fa1c1db7080153c3b5e9,1,0.0,0.0,0.0,32448.0,32448.0,d461a8dae7247e741888c8ae6be616a841bfc60463d8fa1c1db7080153c3b5e9,4711302.0,SP,9450000000000000.0,7660000000000000.0,952.0,1980000000000000.0,960.0,686.0,981.0,989.0
d4676885d15a89c427cd0f9cddfaa416e06b3d0345dd969921fec91616500d83,1,0.0,0.0,0.0,21250.0,21250.0,d4676885d15a89c427cd0f9cddfaa416e06b3d0345dd969921fec91616500d83,4637101.0,SP,7100000000000000.0,6310000000000000.0,874.0,2e+16,910.0,5735.0,957.0,986.0
d47374dff57f020161a227b0cf99d40926542eb833447b41b7a81d5bfb72cc6b,2,0.0,0.0,0.0,12340.61,6170.305,d47374dff57f020161a227b0cf99d40926542eb833447b41b7a81d5bfb72cc6b,1099699.0,SC,744906000000000.0,9790000000000000.0,872.0,223600.0,890.0,0.0,970.0,987.0
d479833088906cc8d470e601244842f908462c2a70dc2e6f9b23fd1d6eb6e623,1,12.0,12.0,1.0,138.12,138.12,d479833088906cc8d470e601244842f908462c2a70dc2e6f9b23fd1d6eb6e623,4771701.0,PR,953629000000000.0,1000.0,836.0,2.21e+16,910.0,1087.0,945.0,986.0
d490c2c39e16cca48179e128a2397ba69a72c3537484627d75fdde7c7c8184ef,1,0.0,0.0,0.0,187574.94,187574.94,d490c2c39e16cca48179e128a2397ba69a72c3537484627d75fdde7c7c8184ef,4679699.0,SP,9600000000000000.0,7800000000000000.0,916.0,1.88e+16,970.0,68.0,976.0,988.0
d49325b7e915c4ec65f5e4f91e58b77f5bf89c95f164c6e341f510f1b289e9c4,2,0.0,0.0,0.0,1121.71,560.855,,,,,,,,,,,
d4973697a3e82e03c0bcd4229dc3e5b9fe9f3406a001fb4e928f7115191596e8,2,0.0,0.0,0.0,134.88,67.44,,,,,,,,,,,
d4a965404fc5ef9670f23aa2cac95f03843617bb9df702f70cf0bde82308463a,1,0.0,0.0,0.0,465.48,465.48,,,,,,,,,,,
d4bc85b904b70a8aa1434a33b2a3ef96eaa3af97bb4307e92446f87ec86481dc,1,4.0,4.0,1.0,607.92,607.92,d4bc85b904b70a8aa1434a33b2a3ef96eaa3af97bb4307e92446f87ec86481dc,4761003.0,MG,8040000000000000.0,1000.0,964.0,0.0,980.0,0.0,981.0,988.0
d4be91d3c3363d63443a22801f936dec3d98349af90141f675b52a678423e6e1,1,0.0,0.0,0.0,336.5,336.5,,,,,,,,,,,
d4cb6ca6da32958a6f4cf0b183c758cfdd7966363ef15a03f3f0e613cf80a635,1,0.0,0.0,0.0,2961.47,2961.47,d4cb6ca6da32958a6f4cf0b183c758cfdd7966363ef15a03f3f0e613cf80a635,2229399.0,RJ,9490000000000000.0,9930000000000000.0,758.0,4610000000000000.0,880.0,2048.0,948.0,988.0
d4f50588d7d42c43c61c99df51cd39c2882a1bee5a2b2130682abd53c8fcf4a2,1,0.0,0.0,0.0,415.32,415.32,d4f50588d7d42c43c61c99df51cd39c2882a1bee5a2b2130682abd53c8fcf4a2,4781400.0,GO,9980000000000000.0,6330000000000000.0,924.0,3070000000000000.0,990.0,0.0,975.0,988.0
d4f92b40bacc2e399fa7e0f56f3c6865bfb3359a510d817da586d98afdd34988,1,2.0,2.0,1.0,374.9,374.9,,,,,,,,,,,
d510a11aca53d82f6fb9bf563f7686616b69dccf23613f8dcefd2df7a11d413c,2,0.5,1.0,0.5,133.86,66.93,,,,,,,,,,,
d5136f7c01b63e1c1be20aa8da417704cc17760b23acdb15dfc122b58bc5ae31,2,0.5,1.0,0.5,2010.25,1005.125,,,,,,,,,,,
d519648620869a6d08310a1301bab71ae2e6aa7e369afb2b33ebe19abf8f9d1e,1,0.0,0.0,0.0,255.2,255.2,d519648620869a6d08310a1301bab71ae2e6aa7e369afb2b33ebe19abf8f9d1e,4744001.0,SC,9970000000000000.0,9360000000000000.0,951.0,1.93e+16,980.0,0.0,973.0,988.0
d55dc8484452e6dee41cb5c062aac546322d38cb1d3b9b1331db097946888f5b,8,0.375,1.0,0.375,280266.38,35033.2975,d55dc8484452e6dee41cb5c062aac546322d38cb1d3b9b1331db097946888f5b,2061400.0,BA,9710000000000000.0,89865100000000.0,964.0,2.19e+16,970.0,421.0,983.0,989.0
d56206e19f743b9a910b928e41ce98df2cfc36ce17082a951e9539c8b971c5d8,1,2.0,2.0,1.0,3166.66,3166.66,,,,,,,,,,,
d56c5e91db40dc0178e225189733eaae16854391db0989058ba2d4e9f5525eab,1,0.0,0.0,0.0,3112.0,3112.0,d56c5e91db40dc0178e225189733eaae16854391db0989058ba2d4e9f5525eab,4930202.0,RS,9140000000000000.0,9070000000000000.0,938.0,2.5e+16,940.0,0.0,980.0,988.0
d574b57ff6e27b49a317a7048fab0e55d23d251a3f0e418654881582086ae404,2,31.0,62.0,0.5,35629.5,17814.75,,,,,,,,,,,
d5800019db043379acfadc8fd627d7ffd0c24ec03494b3a5af6f0e257cac0ab9,1,0.0,0.0,0.0,236.85,236.85,,,,,,,,,,,
d5841f537c14b31baea9e905df2377e873d81a5f12f4769dad7ab6e6856a0a72,1,28.0,28.0,1.0,6666.67,6666.67,d5841f537c14b31baea9e905df2377e873d81a5f12f4769dad7ab6e6856a0a72,4329101.0,SP,2.44e+16,558382000000000.0,268.0,4870000000000000.0,490.0,15692.0,98.0,982.0
d585ca854b392292f7dc30b5a0855da1b1102130425668c0cefcb81e13dbddd3,1,1.0,1.0,1.0,183.61,183.61,,,,,,,,,,,
d599d595622cb3f6a76b9401f80d5791cf65163560220ac05031b787e6bc5131,1,1.0,1.0,1.0,1400.0,1400.0,,,,,,,,,,,
d59b8285a74335ff742c5003739db0f2307f77fde7074fa50b7fdca936abceae,6,0.3333333333333333,2.0,0.16666666666666666,52984.06,8830.676666666666,d59b8285a74335ff742c5003739db0f2307f77fde7074fa50b7fdca936abceae,4691500.0,RN,9670000000000000.0,9410000000000000.0,932.0,1980000000000000.0,970.0,4554.0,981.0,986.0
d5be12a774ddf1782b9cfa817b6e057c5393ba1901514b788f1e5581f7452b40,1,0.0,0.0,0.0,967.59,967.59,,,,,,,,,,,
d5d945371d5f71d537fea80a753e2b1375a3b8d5e0550cb532cdb1e92e582dc8,1,0.0,0.0,0.0,3825.8,3825.8,d5d945371d5f71d537fea80a753e2b1375a3b8d5e0550cb532cdb1e92e582dc8,5620101.0,SP,9790000000000000.0,9300000000000000.0,881.0,0.0,960.0,0.0,966.0,983.0
d62130bb346115bbaad8f9e76281b75e77dc0c70af55a5c726d65d67a7135518,1,0.0,0.0,0.0,297.97,297.97,d62130bb346115bbaad8f9e76281b75e77dc0c70af55a5c726d65d67a7135518,4789099.0,SP,1000.0,8700000000000000.0,959.0,240500.0,960.0,0.0,981.0,988.0
d625c9c263d2ee24fc074504d865dcd05780f2ce474c8344b7696b3879698db6,1,0.0,0.0,0.0,749.95,749.95,,,,,,,,,,,
d62cc0046409359178c69beb31a340dbb9384bd536aae51d9562d56900f7c8aa,1,0.0,0.0,0.0,826.4,826.4,,,,,,,,,,,
d65b9d518899cd0ea6c899987c2d4794c5a53a737c604b6920249dca01e0004f,1,0.0,0.0,0.0,304.41,304.41,,,,,,,,,,,
d67d72642bc33dd61f22251423f4fa102e1337c6d775d339877aa813b4b36540,1,0.0,0.0,0.0,204.85,204.85,,,,,,,,,,,
d690a36ad297a7392cb97b8993c12c0890ab001f9f1cf6a50ffcc19e575ed1ce,1,7.0,7.0,1.0,148.33,148.33,,,,,,,,,,,
d6b5109650251bf120da89b6f167ede78dc91d7ee076247bca78ec40280127be,1,1.0,1.0,1.0,159.58,159.58,d6b5109650251bf120da89b6f167ede78dc91d7ee076247bca78ec40280127be,4771701.0,PR,9970000000000000.0,1000.0,964.0,242875.0,980.0,0.0,981.0,988.0
d6b51b59222f3492df379f107fde24f3c656415fc7696b765cb71b024be7b389,2,0.0,0.0,0.0,4775.02,2387.51,d6b51b59222f3492df379f107fde24f3c656415fc7696b765cb71b024be7b389,1354500.0,BA,9140000000000000.0,1000.0,957.0,222500.0,970.0,10758.0,981.0,988.0
d6baabdce224d7faa41823c342b73dbbec43076e39249daf266a7c81aad8c34f,1,0.0,0.0,0.0,11968.0,11968.0,,,,,,,,,,,
d6befd4587aea9e8b8f65f0141b887c1f724737705fd4bec8d1c8110e06944cb,1,0.0,0.0,0.0,3301.19,3301.19,,,,,,,,,,,
d6eacdf2ef679d55c507fc9e9408f08a3cb21c0645068a39826aeac4c77c1c6b,1,0.0,0.0,0.0,11603.25,11603.25,,,,,,,,,,,
d6f43e0405d77f9c05a8efc025ed6e2acb1bf71167154a18338618edecd5a4e9,3,0.0,0.0,0.0,66540.0,22180.0,d6f43e0405d77f9c05a8efc025ed6e2acb1bf71167154a18338618edecd5a4e9,1066000.0,PR,978815000000000.0,7960000000000000.0,962.0,2.47e+16,970.0,228.0,979.0,988.0
d6f88bad89b07e414fd4686a9bdc66f35532302a30be4dd194b11b1325e8ed71,1,0.0,0.0,0.0,1704.64,1704.64,,,,,,,,,,,
d714eaa52411c389e2bbe136b2178c44dd794fdf2c2bfc8f83844207ccae1ed5,1,0.0,0.0,0.0,2353.08,2353.08,,,,,,,,,,,
d71f817119b5a721c940013320ce66afbb94fcc7db02e587baf26e066312925f,1,6.0,6.0,1.0,22947.6,22947.6,d71f817119b5a721c940013320ce66afbb94fcc7db02e587baf26e066312925f,4646001.0,SP,4340000000000000.0,980421000000000.0,301.0,1.13e+16,680.0,5681.0,344.0,971.0
d73f13d7ee2dd5fc2a8d1d2334bc28a1115c56d810e92e3a8af845f1e7c9dd46,1,0.0,0.0,0.0,310.94,310.94,d73f13d7ee2dd5fc2a8d1d2334bc28a1115c56d810e92e3a8af845f1e7c9dd46,4742300.0,SC,9850000000000000.0,8280000000000000.0,950.0,2690000000000000.0,970.0,0.0,984.0,988.0
d756180faf501401f5eedd1a6d3fd109673022aa113cc7899ad8fee9986a9748,1,1.0,1.0,1.0,447.1,447.1,,,,,,,,,,,
d75ebb8c91b5515a7c87778c60c3a8399e5d510cf920a3c41f21c4d56f5faae1,1,0.0,0.0,0.0,748.44,748.44,,,,,,,,,,,
d77f52dfd94cb5efc58ae91c98c36919ffc13d01d14ff90394b353ed6184fcfd,3,3.3333333333333335,7.0,0.6666666666666666,3013.6,1004.5333333333333,d77f52dfd94cb5efc58ae91c98c36919ffc13d01d14ff90394b353ed6184fcfd,2063100.0,GO,3390000000000000.0,1000.0,934.0,1.49e+16,840.0,0.0,971.0,988.0
d7861aaccb2b46f2df6a76d52ff1fdfacca7d9f8d3982ec3b56fb97290031c0b,1,0.0,0.0,0.0,3380.4,3380.4,,,,,,,,,,,
d795007f38b5f8105f073e857ba69cd0e65ea136fef4d757bcd5050c7b87a354,1,0.0,0.0,0.0,297.35,297.35,,,,,,,,,,,
d799e6f5675c1b1ee5b8f5caf48df441942e2f537ca7809de76710ef7ddaaea5,1,0.0,0.0,0.0,91.73,91.73,,,,,,,,,,,
d7ce092f7884afee1e811467a8c1dd22c95756c71d7aaf317e5fd51c1fa23a96,1,0.0,0.0,0.0,4383.33,4383.33,d7ce092f7884afee1e811467a8c1dd22c95756c71d7aaf317e5fd51c1fa23a96,4110700.0,PA,3960000000000000.0,8400000000000000.0,544.0,119125.0,790.0,0.0,754.0,976.0
d7e29d08d32494a0e3cd9d123c00d55e222d677a116a4f873418e73b82b98b0c,1,0.0,0.0,0.0,419.5,419.5,,,,,,,,,,,
d7eed0b3b94c305368842242e0f7f07d93c97de018a5f216a094dbe1b03f3449,1,0.0,0.0,0.0,105.84,105.84,,,,,,,,,,,
d7f8cce75f5cdd649c20a74cf799cd44505aa88f919ef5df64a82970faa13fcf,1,0.0,0.0,0.0,158.25,158.25,,,,,,,,,,,
d82008887bc679169776b9aae9ae00a249e27b8b593b7cf1b9f0d7349c96f582,1,4.0,4.0,1.0,579749.38,579749.38,,,,,,,,,,,
d824dd59c3d6b80c26566fc7d96ff4c93b34b05c20ba4843a54a358c4201affc,1,0.0,0.0,0.0,6600.0,6600.0,,,,,,,,,,,
d84991dcfdadd221c12e53c43cad20d053b052f426f74ddd64a1e85624aba0e8,1,64.0,64.0,1.0,5055.0,5055.0,,,,,,,,,,,
d85d845f669dba1db05843c588d20cc623414e9724646106b5b68de339227408,1,0.0,0.0,0.0,1023.93,1023.93,,,,,,,,,,,
d8662ee62c42890267a3edb255907f8431148a5758e75bffc69d62eb0c6eb680,2,2.0,2.0,1.0,22001.66,11000.83,d8662ee62c42890267a3edb255907f8431148a5758e75bffc69d62eb0c6eb680,4691500.0,RJ,946184000000000.0,693719000000000.0,948.0,2.01e+16,960.0,10183.0,970.0,988.0
d86726326b06e5c230796cdcde6c0be6db1abb62b72ccda531edb90539079a48,1,0.0,0.0,0.0,2199.92,2199.92,d86726326b06e5c230796cdcde6c0be6db1abb62b72ccda531edb90539079a48,4686902.0,MS,9740000000000000.0,9260000000000000.0,928.0,194400.0,950.0,18685.0,954.0,986.0
d875873e9768ff7045b04fed8c7759653c1d2ef0709709cf009151bb35a46108,1,0.0,0.0,0.0,3032.65,3032.65,d875873e9768ff7045b04fed8c7759653c1d2ef0709709cf009151bb35a46108,4731800.0,SP,9970000000000000.0,1000.0,903.0,1.73e+16,940.0,249.0,979.0,988.0
d87e69138920cf0e8bf4c73cc4d02c9689f3e2bedccb70cfbd6c4ca5c9c06fa4,2,0.0,0.0,0.0,144.67000000000002,72.33500000000001,,,,,,,,,,,
d88bb220e04720310a0333d449fa2fcc8eb010af1cd0f102bb002909a7499005,3,1.6666666666666667,2.0,1.0,534.29,178.09666666666666,,,,,,,,,,,
d8a0354f7df2ee3d17784a894630cf8d234b09e4ec6ab803a80a3a8474b65c06,16,0.125,1.0,0.125,680775.4,42548.4625,d8a0354f7df2ee3d17784a894630cf8d234b09e4ec6ab803a80a3a8474b65c06,4634601.0,RJ,8600000000000000.0,7720000000000000.0,856.0,1.49e+16,940.0,10585.0,977.0,989.0
d8a2ed7b256196578e91e2988b4ebb2134dc6c250cdded56d68fb4b6f94fb22d,1,0.0,0.0,0.0,521.0,521.0,,,,,,,,,,,
d8b66706c33bb32e0f7152c039a0e3aa44a286983c7f37eecc0554aaff5bb826,2,0.0,0.0,0.0,541.27,270.635,,,,,,,,,,,
d8bac708d406db705c2feb5d26a8116587ec1749fb50863ede3a47b1fca94599,1,0.0,0.0,0.0,815.0,815.0,d8bac708d406db705c2feb5d26a8116587ec1749fb50863ede3a47b1fca94599,4530703.0,GO,9780000000000000.0,5270000000000000.0,913.0,2620000000000000.0,940.0,0.0,977.0,987.0
d8dfbae478f4e3287019ff49de5474ccc0143295336626fd1a6e5d4bd0846136,1,1.0,1.0,1.0,1081.83,1081.83,,,,,,,,,,,
d8fa635e99487e05d88fb59e0a2032b20da7f08026b253be6741e5b7162287dd,4,0.25,1.0,0.25,54082.45,13520.6125,d8fa635e99487e05d88fb59e0a2032b20da7f08026b253be6741e5b7162287dd,1121600.0,SP,9830000000000000.0,9550000000000000.0,953.0,2.54e+16,960.0,0.0,981.0,989.0
d8fab739d22db3248b3125ce6ff18acfec49002220fbd97192a588c9e05ab388,1,1.0,1.0,1.0,1431.9,1431.9,,,,,,,,,,,
d8fd8cf9a03d16b92a642595fa09d93ee9df529784916fb34e0ab69f4f7ad62c,1,0.0,0.0,0.0,161.49,161.49,,,,,,,,,,,
d906ecd3e8e689e97357b4ebb1fb6f6fc15b083605ad7abca2cbbbc7b2e25c03,1,1.0,1.0,1.0,693.04,693.04,d906ecd3e8e689e97357b4ebb1fb6f6fc15b083605ad7abca2cbbbc7b2e25c03,4646001.0,MG,5760000000000000.0,6750000000000000.0,171.0,1.11e+16,720.0,6164.0,462.0,984.0
d907456faf37daad7ab9dfc88a67bc8504d9f78a13cc57f2d725c5027c31e6d3,1,0.0,0.0,0.0,693.54,693.54,,,,,,,,,,,
d907685f695a0846fd8937b49adf84deec7eef812ee5f1d16570f64cdd2f59ce,1,0.0,0.0,0.0,923.52,923.52,,,,,,,,,,,
d924ea094912d19935a456c0e2c069b291592be10f4fd22e5c791325d401219e,1,0.0,0.0,0.0,319.11,319.11,,,,,,,,,,,
d934773101ca2a606d8aa1ab9dca47c6e3b6fdb0050c9ec03f92bdf90ae3eeb2,1,0.0,0.0,0.0,918.18,918.18,,,,,,,,,,,
d9585ad4116cad01b25f8e851f13c892bd06112f2b0e7bfaa2e863757b9a6445,2,3.0,6.0,0.5,411672.65,205836.325,,,,,,,,,,,
d9d36f0e7215498ee57f1af077be5e6a25b184a4c15f51d8a36bfb9b0798a927,1,0.0,0.0,0.0,19.54,19.54,,,,,,,,,,,
d9e63d396ef371e3fe89fbaa42d5273d2266ef180676e5ff0fdb8dac4da1b1ff,2,15.0,30.0,0.5,13573.640000000001,6786.820000000001,,,,,,,,,,,
d9efd1186c68bad0eb0afa096a90fe828ef994711f37eb91fdf6e0795de5edd8,1,0.0,0.0,0.0,134784.0,134784.0,d9efd1186c68bad0eb0afa096a90fe828ef994711f37eb91fdf6e0795de5edd8,1095300.0,SP,9910000000000000.0,1000.0,961.0,175250.0,970.0,0.0,981.0,988.0
d9f422775e4438d0e26e3014977acdc17ba7dfb02ff804bfb6484a45137d7048,1,0.0,0.0,0.0,520.56,520.56,d9f422775e4438d0e26e3014977acdc17ba7dfb02ff804bfb6484a45137d7048,2599302.0,SP,953069000000000.0,9870000000000000.0,960.0,266600.0,930.0,0.0,976.0,989.0
d9f5c84051ceda04be1570f5dbdee03236a6208654ec94f2072c327a9fbb4e55,1,4.0,4.0,1.0,1101.0,1101.0,d9f5c84051ceda04be1570f5dbdee03236a6208654ec94f2072c327a9fbb4e55,4781400.0,SC,896569000000000.0,7130000000000000.0,714.0,2.1e+16,850.0,0.0,958.0,988.0
d9fb69d51706e3343c92db63cefd21afe801cb89dbacdb1f757a3672b5e4ce22,2,0.0,0.0,0.0,735.46,367.73,d9fb69d51706e3343c92db63cefd21afe801cb89dbacdb1f757a3672b5e4ce22,4751201.0,DF,9420000000000000.0,9760000000000000.0,913.0,2.33e+16,910.0,28679.0,959.0,988.0
da29656683431c24805cb048518eef4399a1498e0123b8d7c9b4ff9d13a84c52,1,0.0,0.0,0.0,80.03,80.03,,,,,,,,,,,
da50495881379528d7638f15f990fb01546d1b16c2c3bdfde795eb2fe6ffb0cc,1,0.0,0.0,0.0,547.68,547.68,,,,,,,,,,,
da5224de9f9c9cbc9fb3dc9376e9229f52c15181744563ccccab7d7e50e82eee,1,0.0,0.0,0.0,362.63,362.63,,,,,,,,,,,
da5f8820f01631b4903c95302d8386ea175f10648c60552b8a628bf68d89f380,1,0.0,0.0,0.0,525.9,525.9,,,,,,,,,,,
da7d6a3a11b106b980d8a7cdb22528d867a7eceb9d6cae4eae3b6b477625619b,3,0.0,0.0,0.0,2304.5299999999997,768.1766666666666,,,,,,,,,,,
da83171d2cc0da627bf66ddb73873a2ee4e5274ecb9b73376317e594af34391e,1,1.0,1.0,1.0,319.34,319.34,,,,,,,,,,,
da8b4c01a3b32c9bc90c4fc814e23ce18d2de5dc1ee3a9b66af01526d996b506,1,0.0,0.0,0.0,366.86,366.86,,,,,,,,,,,
da99df2c9e5676f9c61c92ba9600f826d6ed0fcdf5d0fc62335dbe6f53a64f49,6,1.0,1.0,1.0,1907393.47,317898.9116666667,da99df2c9e5676f9c61c92ba9600f826d6ed0fcdf5d0fc62335dbe6f53a64f49,7490199.0,SP,8500000000000000.0,6920000000000000.0,898.0,2.59e+16,930.0,4.0,983.0,989.0
dac1f2885aa99c0692f1d501b52d7fb98e16babe2a4de03a2c0d759cda362ffc,1,0.0,0.0,0.0,1020.0,1020.0,dac1f2885aa99c0692f1d501b52d7fb98e16babe2a4de03a2c0d759cda362ffc,4712100.0,BA,9850000000000000.0,1000.0,964.0,2250000000000000.0,970.0,4391.0,981.0,989.0
dac7a73d35920d79528f1a2ba2e42c352eebdbefd46fc7e119784dbf5b9eb0e4,5,5.8,8.0,1.0,4294.71,858.942,,,,,,,,,,,
dacdae60db84c43ed760f932a5a32f339a43444fd574ebd28aa62fb5478ee8d4,1,6.0,6.0,1.0,576.06,576.06,,,,,,,,,,,
dad7ff71077db2f1764f2595229e65b9d7579ac98ec20c0e49cb851628485ed6,1,0.0,0.0,0.0,1694.0,1694.0,dad7ff71077db2f1764f2595229e65b9d7579ac98ec20c0e49cb851628485ed6,4649408.0,RN,7200000000000000.0,9240000000000000.0,790.0,88250.0,830.0,0.0,961.0,988.0
db1bfea643c0f2bcbb860a7414573c8715fc19f966568b5f075bc0acd87b181b,1,2.0,2.0,1.0,632.75,632.75,db1bfea643c0f2bcbb860a7414573c8715fc19f966568b5f075bc0acd87b181b,4744001.0,SP,975980000000000.0,879239000000000.0,933.0,160500.0,950.0,0.0,981.0,988.0
db30b039290cb777e8d5d90823d5309edcc02182f10fc0d40426f2cfeaf85bb8,1,2.0,2.0,1.0,169.27,169.27,,,,,,,,,,,
db32912063d9b1821c227f5db6002b3cad112add69a3c0a590e484c608c4637b,5,0.0,0.0,0.0,99375.71,19875.142,db32912063d9b1821c227f5db6002b3cad112add69a3c0a590e484c608c4637b,2532201.0,SP,7360000000000000.0,9090000000000000.0,940.0,135875.0,960.0,15077.0,981.0,988.0
db3ad25a49b13b754fca927f4ef7c7ab8075092524a5161e1557f3337541078c,1,22.0,22.0,1.0,149387.11,149387.11,db3ad25a49b13b754fca927f4ef7c7ab8075092524a5161e1557f3337541078c,2099199.0,SP,4.98e+16,2560000000000000.0,96.0,9890000000000000.0,520.0,7536.0,687.0,989.0
db3c13c287ec286feab02011e2e3c3b5591c1b310a834b56b406d8aa1f64e76b,1,0.0,0.0,0.0,5984.42,5984.42,db3c13c287ec286feab02011e2e3c3b5591c1b310a834b56b406d8aa1f64e76b,4623109.0,RS,992963000000000.0,962797000000000.0,964.0,2.2e+16,950.0,72.0,983.0,988.0
db4d741fede2c0af50aa1182ca994c9cd156fafb0d307cfb36d005c123cf44fe,1,0.0,0.0,0.0,2941.5,2941.5,,,,,,,,,,,
db74142bbb357f7fb7bd82c4dc3481b598a62d13d50d5e50fe87fbe5ddb280d7,1,0.0,0.0,0.0,556.55,556.55,db74142bbb357f7fb7bd82c4dc3481b598a62d13d50d5e50fe87fbe5ddb280d7,4530703.0,BA,9770000000000000.0,8870000000000000.0,901.0,254500.0,910.0,0.0,956.0,988.0
db74df316b0298c33ed84e3798649eda767802672cf3a0af76f6f4b14f3dff55,1,0.0,0.0,0.0,238.96,238.96,,,,,,,,,,,
db81f5792ec824d8bc430118ed6331840c25c75647ce267f85dae7c1871acd49,1,0.0,0.0,0.0,1251.82,1251.82,,,,,,,,,,,
db82119e989fbd131f8eb92cb2c34176e0710fafc3e9b6d4de1f7f986eb17142,1,0.0,0.0,0.0,168.69,168.69,db82119e989fbd131f8eb92cb2c34176e0710fafc3e9b6d4de1f7f986eb17142,4771701.0,PR,9160000000000000.0,1000.0,950.0,2.18e+16,970.0,2778.0,979.0,989.0
db8c5dc48c47d5ecae33324ee886afa21de700c19d815438b853da6867103000,2,0.0,0.0,0.0,14166.18,7083.09,db8c5dc48c47d5ecae33324ee886afa21de700c19d815438b853da6867103000,2212900.0,ES,1e+16,8840000000000000.0,860.0,0.0,930.0,0.0,977.0,988.0
db8e624552dd3d994125a378cc9259453be09ce1ec270993055f44ac4d06ec7c,1,0.0,0.0,0.0,1003.01,1003.01,db8e624552dd3d994125a378cc9259453be09ce1ec270993055f44ac4d06ec7c,4751201.0,SC,8990000000000000.0,8850000000000000.0,762.0,2.67e+16,810.0,0.0,910.0,987.0
dbf8b0cd10c4df35b20d9e593cfde3700612daf5006fabb7390b01dfafbc9521,9,0.6666666666666666,4.0,0.2222222222222222,73807.6,8200.844444444445,dbf8b0cd10c4df35b20d9e593cfde3700612daf5006fabb7390b01dfafbc9521,1099699.0,SC,8910000000000000.0,934880000000000.0,883.0,1.86e+16,910.0,1697.0,969.0,989.0
dbfc499d0f0f234b7b03def99a046f75b1bff228a77f8d3b70120495300a9e20,1,0.0,0.0,0.0,145.2,145.2,dbfc499d0f0f234b7b03def99a046f75b1bff228a77f8d3b70120495300a9e20,4789005.0,AC,7770000000000000.0,905133000000000.0,941.0,1.92e+16,910.0,0.0,980.0,989.0
dbfd8535aebe826f1baa2d018ed8cce40d88e141db595d9b5f9cd645a788aff4,1,0.0,0.0,0.0,218.54,218.54,,,,,,,,,,,
dc00c3b8c49760e564212a935d51cd6e1e78d480ae4fc57c870793851aa5b095,1,0.0,0.0,0.0,51500.0,51500.0,,,,,,,,,,,
dc252024832808c683f5ca81b02553496675b0d822fb29757229f8badc1caedc,3,0.0,0.0,0.0,50881.009999999995,16960.336666666666,dc252024832808c683f5ca81b02553496675b0d822fb29757229f8badc1caedc,1733800.0,PR,994475000000000.0,9200000000000000.0,962.0,2290000000000000.0,970.0,0.0,981.0,988.0
dc33c40bfb3564e7e0bedd20b23df9f8913a650b02d99b2f4c443afd6a8115b0,1,1.0,1.0,1.0,1861.6,1861.6,,,,,,,,,,,
dc4692b6f4e7d013efb42cdee588d1fb30095d7ba1083bcb4da084619a0731ab,1,0.0,0.0,0.0,398.76,398.76,,,,,,,,,,,
dc4ca9bc05b9631e33384db7f3b6202af2476b5012be74a7bae77af9c0e2e7fd,2,2.5,3.0,1.0,86596.20000000001,43298.100000000006,,,,,,,,,,,
dc50ac317904be47916b3e85ab41d32d156b54cf9a50947894442f4f1d2c35e4,1,0.0,0.0,0.0,739.56,739.56,,,,,,,,,,,
dc54b8a313d2aff70b1d2644faf4885d0eb2ec87325edddde03d4f40a9b95935,2,0.0,0.0,0.0,5302.02,2651.01,dc54b8a313d2aff70b1d2644faf4885d0eb2ec87325edddde03d4f40a9b95935,4661300.0,SP,9720000000000000.0,696947000000000.0,959.0,1.57e+16,960.0,0.0,982.0,989.0
dc76a8d653eb58e42994de75176d05145b6c981b134b3278451695cf002dbf7d,1,14.0,14.0,1.0,120000.0,120000.0,,,,,,,,,,,
dc7ee5c8554d4608327bb7b3a21242ce2b7d4107bea7211db839544a63ba8399,3,0.0,0.0,0.0,1742.48,580.8266666666667,dc7ee5c8554d4608327bb7b3a21242ce2b7d4107bea7211db839544a63ba8399,4930202.0,SP,9540000000000000.0,8180000000000000.0,922.0,1.86e+16,810.0,2189.0,981.0,989.0
dc864d6da3e8b6eec5416f50071cb6e728a3f619f68d399120fbfdb67ffda547,1,0.0,0.0,0.0,134.68,134.68,,,,,,,,,,,
dc91e79a1d66a4bff4ff2393440fad9f86964b136764ba4d877dfa54130618fd,3,45.333333333333336,68.0,0.6666666666666666,3762.6,1254.2,dc91e79a1d66a4bff4ff2393440fad9f86964b136764ba4d877dfa54130618fd,4753900.0,MG,2.36e+16,9340000000000000.0,178.0,8640000000000000.0,640.0,17316.0,24.0,866.0
dca1700d9ab12dcc16e1d1cacf2802e90256b7efa11f265f24f1f7a8fd341bd5,2,0.0,0.0,0.0,3329.25,1664.625,,,,,,,,,,,
dcaed34a0253222b1f2a4207eceab53902f4c89d7e2ca7b851360d6096cf668c,1,2.0,2.0,1.0,9.31,9.31,dcaed34a0253222b1f2a4207eceab53902f4c89d7e2ca7b851360d6096cf668c,4322302.0,SP,9100000000000000.0,1000.0,945.0,2226875.0,950.0,28.0,982.0,988.0
dcbc831ec6e879e9c738ba28e42a8208a39c616de76b35aed1b9578aff16a883,1,1.0,1.0,1.0,138.73,138.73,dcbc831ec6e879e9c738ba28e42a8208a39c616de76b35aed1b9578aff16a883,4771701.0,PR,8610000000000000.0,3650000000000000.0,882.0,1720000000000000.0,960.0,1496.0,966.0,988.0
dccb2733f47105e78e2fe5156ce2ad1bcae469265c077f8b8997ea80c2e68063,1,0.0,0.0,0.0,526.77,526.77,dccb2733f47105e78e2fe5156ce2ad1bcae469265c077f8b8997ea80c2e68063,4744099.0,SC,9880000000000000.0,6710000000000000.0,966.0,2.57e+16,990.0,3275.0,983.0,989.0
dce5b144d76375feb09c8a83d753bc751f612d9e80e4662a2b7fa68721512d83,1,0.0,0.0,0.0,120.76,120.76,,,,,,,,,,,
dd0b8d91b8175c04e6726749f72c0af6d9a5c3a183fe75276d1bf65bbf6ecb89,1,1.0,1.0,1.0,252.23,252.23,,,,,,,,,,,
dd12ed236bfe6feac5bb084f0e6c7529fef694e675c62e2dd044914ea6362f26,1,0.0,0.0,0.0,1846.43,1846.43,dd12ed236bfe6feac5bb084f0e6c7529fef694e675c62e2dd044914ea6362f26,4530703.0,BA,9450000000000000.0,6670000000000000.0,898.0,1780000000000000.0,900.0,1044.0,976.0,986.0
dd1b01f0e4962a3dfb89b2d06398a85c2f333625f51bbf6253cafb58c2e0f71f,1,1.0,1.0,1.0,90.24,90.24,,,,,,,,,,,
dd4113722c570223784ecdfc41eceab4bd81e604665693ebbf414f8f3ee17a7a,1,8.0,8.0,1.0,683.04,683.04,,,,,,,,,,,
dd4aabb797584c75518c1df46ddef435e15fa3845e6ac8c07209ba9a1c140cca,1,0.0,0.0,0.0,624.45,624.45,dd4aabb797584c75518c1df46ddef435e15fa3845e6ac8c07209ba9a1c140cca,4781400.0,SP,6350000000000000.0,1660000000000000.0,503.0,81320.0,970.0,18274.0,105.0,970.0
dd5c362b8efd3b1ebd061e8bba0cec18243da3cbbe018881808ad26dcf43ed46,1,0.0,0.0,0.0,120.66,120.66,,,,,,,,,,,
dd5f33a3ede6f29988814926116b88a2d694528574d7397ef19567264bb1bd2f,1,0.0,0.0,0.0,30495.02,30495.02,,,,,,,,,,,
dd64c9ba46dba5a84ed89cf5794a0108075546dcaff7d502183438d9f6b3b489,4,0.5,1.0,0.5,20561.89,5140.4725,,,,,,,,,,,
dd6e1d03ca1c37a99e3cf3ddb9d7053515ccdb8e114690b06e092bf492059c72,1,0.0,0.0,0.0,265.1,265.1,dd6e1d03ca1c37a99e3cf3ddb9d7053515ccdb8e114690b06e092bf492059c72,4686902.0,SP,9730170000000.0,8860000000000000.0,951.0,225200.0,980.0,0.0,982.0,988.0
dd7acd1c8cd5890058024583043b9fdfde5f0177d6548f483bb77cec6e1a651d,2,0.5,1.0,0.5,231.63,115.815,dd7acd1c8cd5890058024583043b9fdfde5f0177d6548f483bb77cec6e1a651d,4771701.0,PR,9910000000000000.0,1000.0,950.0,247800.0,990.0,1285.0,983.0,988.0
ddaed690ff2d1fa4f7e148fb4045eab66e2b6e8fe5d31901bd24eab97dbab2fd,1,0.0,0.0,0.0,184.59,184.59,,,,,,,,,,,
de007be61926ffc0386e10ca62b960295025e1af23e8c1e858637040a8a9227f,1,0.0,0.0,0.0,442.39,442.39,,,,,,,,,,,
de046e0b1c038cb962203a93b4a9981c8623879b25a610d08cf2a53a48fa173d,1,0.0,0.0,0.0,1852.0,1852.0,de046e0b1c038cb962203a93b4a9981c8623879b25a610d08cf2a53a48fa173d,2811900.0,AL,957899000000000.0,4.51e+16,907.0,2.08e+16,960.0,1246.0,979.0,988.0
de0a2e9521429efdcb5258675aa0feee319498e5659015bfaab2a0d4765e0cc4,1,0.0,0.0,0.0,580.53,580.53,,,,,,,,,,,
de0b64a4f149299e50ae48491877f9c50015f61d7be9b3d87f7810bb7d991958,1,20.0,20.0,1.0,563.37,563.37,,,,,,,,,,,
de2b3c42060cf3762e0260948c8ebc845daf002ba0e24595f0231d9e27328e1d,1,0.0,0.0,0.0,829.9,829.9,,,,,,,,,,,
de3faf3784aef1ef299848e259552064290b059aa31442e8b060ed1963a44eb9,6,7.0,11.0,1.0,531.39,88.565,,,,,,,,,,,
de70bab8080211cfefa68f8bd7632f11e22bb3859ee10c6e4f888ef3bebaf336,3,0.0,0.0,0.0,6921.18,2307.06,de70bab8080211cfefa68f8bd7632f11e22bb3859ee10c6e4f888ef3bebaf336,4637199.0,SP,9350000000000000.0,5510000000000000.0,737.0,24000.0,930.0,0.0,972.0,988.0
de864b7c011682f12f3b7d9cdf612a7cb0e4308eec40c6539bcd59366d6167dd,1,1.0,1.0,1.0,12600.0,12600.0,de864b7c011682f12f3b7d9cdf612a7cb0e4308eec40c6539bcd59366d6167dd,4729699.0,SP,8970000000000000.0,8030000000000000.0,847.0,144300.0,910.0,499.0,966.0,988.0
debd815c88df3691e2d8c340e11fee828df5b5d8135e0fa165105aef515b360f,2,0.0,0.0,0.0,4411.0,2205.5,,,,,,,,,,,
ded39bfbdec8a452953934f99864e24749b9330457f7b9b3dee0569ad2986001,1,188.0,188.0,1.0,210500.0,210500.0,ded39bfbdec8a452953934f99864e24749b9330457f7b9b3dee0569ad2986001,2542000.0,RJ,5750000000000000.0,6830000000000000.0,161.0,1.01e+16,640.0,23357.0,71.0,948.0
ded5103a87b55bda6ef1086c311a647be8b6bdbd70ba6e04f3b24ba5f5ccfa3a,1,0.0,0.0,0.0,386.86,386.86,ded5103a87b55bda6ef1086c311a647be8b6bdbd70ba6e04f3b24ba5f5ccfa3a,4744001.0,RO,9940000000000000.0,9150000000000000.0,956.0,2.5e+16,970.0,0.0,982.0,988.0
ded60e006d91389aea01798b6906f111291c2453861506610a46f07bd82b83ee,3,0.0,0.0,0.0,11304.0,3768.0,ded60e006d91389aea01798b6906f111291c2453861506610a46f07bd82b83ee,6463800.0,SP,7900000000000000.0,4910000000000000.0,900.0,1.91e+16,810.0,10594.0,965.0,988.0
defc98abd9aa2f3204a94d1316af30e879f5f9976d10961984f288f3ea771cbd,1,1.0,1.0,1.0,89571.71,89571.71,defc98abd9aa2f3204a94d1316af30e879f5f9976d10961984f288f3ea771cbd,1321900.0,SP,9730000000000000.0,8920000000000000.0,940.0,2.29e+16,890.0,4996.0,980.0,989.0
df0a8068c10978ad1cd8553a190bce8dec38e577afc6f83debecba22d186936d,1,7.0,7.0,1.0,840.0,840.0,df0a8068c10978ad1cd8553a190bce8dec38e577afc6f83debecba22d186936d,4639701.0,SP,9480000000000000.0,7910000000000000.0,924.0,1.78e+16,950.0,8256.0,972.0,988.0
df12860814bb633c5333dc553cb2356b6309f9453b8badcf39688b6b74d71052,1,0.0,0.0,0.0,240.8,240.8,,,,,,,,,,,
df22d93d079ea97c49c10ca28d670097ea9c76862629381b134467650d3ba3c3,1,6.0,6.0,1.0,578.42,578.42,,,,,,,,,,,
df2f9f17a50be6c320f3d6a9aeb106a091ea1c2683f2797a5579ed1ae98eb9af,2,0.0,0.0,0.0,4314.7,2157.35,,,,,,,,,,,
df4d240528669d050a5d6ab7125cdfa398ad1bddb00b4bd8791453b860394bf9,2,0.0,0.0,0.0,199773.5,99886.75,df4d240528669d050a5d6ab7125cdfa398ad1bddb00b4bd8791453b860394bf9,2733300.0,SP,8680000000000000.0,641492000000000.0,933.0,2.25e+16,950.0,0.0,973.0,989.0
df70340e548113a13fb91c7ed496648e68c9d54ed0d41fa3adabcf34835b6131,1,15.0,15.0,1.0,10136.61,10136.61,df70340e548113a13fb91c7ed496648e68c9d54ed0d41fa3adabcf34835b6131,4689399.0,SP,6870000000000000.0,3700000000000000.0,185.0,8790000000000000.0,370.0,12823.0,895.0,975.0
df715ee95cc74e4a9c7a1516ec663cf72202ec053d5ddaa3b7df782cd1a1351a,1,0.0,0.0,0.0,149.27,149.27,,,,,,,,,,,
df732473a0adaa9c38d88723ccf44beaf7d4880df7dab5531d802d2321758b37,1,2.0,2.0,1.0,646.07,646.07,,,,,,,,,,,
df7f7905fb0221808ed2b1f3ac9b50ec15ac052855802d11598a61ec47648ff9,2,0.5,1.0,0.5,2475.38,1237.69,df7f7905fb0221808ed2b1f3ac9b50ec15ac052855802d11598a61ec47648ff9,2833000.0,PA,7410000000000000.0,1000.0,924.0,132500.0,860.0,97886.0,967.0,989.0
df895e96080fcac3310c5ff089992723219f700e1e63def5d95f0d7dfb98e073,1,0.0,0.0,0.0,403.12,403.12,,,,,,,,,,,
df939004f71bf1c34bacdc49b41863f9a46867f409c1067da87825f69e67069a,1,11.0,11.0,1.0,18749.56,18749.56,df939004f71bf1c34bacdc49b41863f9a46867f409c1067da87825f69e67069a,4639701.0,SP,3.05e+16,8530000000000000.0,746.0,75000.0,740.0,0.0,887.0,971.0
df9d2ba9353161ddb2a5240bdce90f397a9147c71b5567dacb0df8852fa040a7,1,0.0,0.0,0.0,372.4,372.4,,,,,,,,,,,
dfa1d38e229125ebee0e970b9867e94286f836a0e0e0103485699322a95b9afc,3,0.0,0.0,0.0,1490087.94,496695.98,dfa1d38e229125ebee0e970b9867e94286f836a0e0e0103485699322a95b9afc,7490199.0,SP,9530000000000000.0,8520000000000000.0,961.0,255000.0,940.0,0.0,984.0,989.0
dfa8910b2cb8cf229db4671bf32cbb5677b69a81f6bbb1f31192607790de5153,2,0.5,1.0,0.5,7713.84,3856.92,dfa8910b2cb8cf229db4671bf32cbb5677b69a81f6bbb1f31192607790de5153,4530701.0,PE,9610000000000000.0,885702000000000.0,925.0,2.28e+16,970.0,8152.0,976.0,987.0
dfac5fe720bd77f54f277dfab605a5f740c08f50aec70ef9a296c249a67157a3,1,0.0,0.0,0.0,400.0,400.0,,,,,,,,,,,
dfb0b398d34862adecbe4c3b63ec1c401b55b017d2fd1e1997b9ba8c44b255b8,1,0.0,0.0,0.0,1073.9,1073.9,,,,,,,,,,,
dfb44136f590ba87d4bd49b5818dfb3823635129b57175c468cec0e2a350e289,7,1.2857142857142858,8.0,0.2857142857142857,13244.009999999998,1892.0014285714283,dfb44136f590ba87d4bd49b5818dfb3823635129b57175c468cec0e2a350e289,2829199.0,PR,9810000000000000.0,8300000000000000.0,883.0,2580000000000000.0,930.0,177.0,974.0,988.0
dfb5303668ef6fd83af24b6e37ff511b50a8417dd229ce989cb5e9ab6faba9eb,1,0.0,0.0,0.0,603.45,603.45,,,,,,,,,,,
dfbf4a2e56e8fd764e943162f4d6ea63defc731511360faa97390acb9b2b7a86,1,0.0,0.0,0.0,2345.13,2345.13,,,,,,,,,,,
dfc3af15d9364b2784970b90bf9072bce1808dae03f0954f01dc10ed6f45f469,4,0.25,1.0,0.25,69155.86,17288.965,dfc3af15d9364b2784970b90bf9072bce1808dae03f0954f01dc10ed6f45f469,4722901.0,SP,9960000000000000.0,8530000000000000.0,963.0,2.37e+16,970.0,0.0,977.0,989.0
dfd9ca152bf25e8ccad29a8abdfc41e1408c0a2d038eccf05e703529c91ccbb4,1,0.0,0.0,0.0,3091.2,3091.2,dfd9ca152bf25e8ccad29a8abdfc41e1408c0a2d038eccf05e703529c91ccbb4,4711302.0,SP,930961000000000.0,400727000000000.0,950.0,2.3e+16,950.0,32847.0,979.0,989.0
dfe109f86785f152fe755a581249bddd9ef606548bc6f23421dfa2f949f7f672,1,8.0,8.0,1.0,262.37,262.37,,,,,,,,,,,
dfe18e9a87c4f98747157a9f7be0bca3e1f1d3c196f6f3a997f6d97d8f069256,1,0.0,0.0,0.0,1806.84,1806.84,,,,,,,,,,,
e02c4409e8df3932a143a08b02f81e84a2dd86da2848e804850b02381ee08fbc,1,0.0,0.0,0.0,270.3,270.3,e02c4409e8df3932a143a08b02f81e84a2dd86da2848e804850b02381ee08fbc,2722801.0,SP,9810000000000000.0,791658000000000.0,965.0,2.42e+16,990.0,41.0,983.0,987.0
e046886f12bedef91219a172d8bd122190545100f8ad6f94ceb451d393e46a1a,1,2.0,2.0,1.0,2119.77,2119.77,,,,,,,,,,,
e06c13943cc36094d2b5ac273125a1d59818716a9382b8388844fdf64ce46f95,1,0.0,0.0,0.0,635.0,635.0,e06c13943cc36094d2b5ac273125a1d59818716a9382b8388844fdf64ce46f95,1099699.0,GO,8970000000000000.0,924533000000000.0,947.0,1.66e+16,950.0,13687.0,983.0,989.0
e0934ea189d500dcf6258a946b8318cd5a38c351af7dcfe35330cc8f27c85634,1,1.0,1.0,1.0,1499.16,1499.16,,,,,,,,,,,
e0967d72e88d50d8df24cff7c36cb4ff2a98a2b1d60b7d44d4a7ce3f7c267530,1,0.0,0.0,0.0,15472.86,15472.86,,,,,,,,,,,
e0975e9cf557666225669ec599a15b8699f52fa6e40cdcc570e8326bc7c1959b,2,0.0,0.0,0.0,6416.22,3208.11,e0975e9cf557666225669ec599a15b8699f52fa6e40cdcc570e8326bc7c1959b,4754701.0,PR,9990000000000000.0,9010000000000000.0,945.0,142500.0,930.0,23337.0,978.0,987.0
e0cfc3db0348a3b4823388463aabd9bff821a1a1546e6447a17a749a772a1efa,1,0.0,0.0,0.0,86.81,86.81,,,,,,,,,,,
e0d4cea18dbd773ff769e2ca331a5053b08e183717e980f70cd3066a597067d8,1,1.0,1.0,1.0,1937.0,1937.0,,,,,,,,,,,
e1173e8235130adfdb49dbec1c54a818374cc61fe6d87d108a82d44396f68f04,1,1.0,1.0,1.0,1428.0,1428.0,,,,,,,,,,,
e12751b7c8476c1f9248e2de27313936c2620135d6d30b82f481ee1dd3c9a9fc,2,11.0,22.0,0.5,33480.59,16740.295,e12751b7c8476c1f9248e2de27313936c2620135d6d30b82f481ee1dd3c9a9fc,8610102.0,BA,6480000000000000.0,2690000000000000.0,377.0,1.07e+16,850.0,5398.0,976.0,986.0
e12b440356881aa3dff6c3b5c1c238b73e81af5e52bc16aafa46d354fc46333a,1,20.0,20.0,1.0,441.67,441.67,,,,,,,,,,,
e142b31dbc443114ecc4942152a98cf731997fb8c80d698e697d3387bf4ce8a6,1,0.0,0.0,0.0,150589.96,150589.96,e142b31dbc443114ecc4942152a98cf731997fb8c80d698e697d3387bf4ce8a6,2441502.0,PR,9550000000000000.0,9960000000000000.0,958.0,2.1e+16,960.0,78.0,983.0,989.0
e1453f78a7544a74fe39646fc8dbe6ade6a7c4424b458720585f051762dcd157,2,0.5,1.0,0.5,3404.7,1702.35,,,,,,,,,,,
e14ec80ccbcd1d75796e080ceb0fe3868729eb064de9b590c3612366a1c6cdb9,1,0.0,0.0,0.0,230.91,230.91,e14ec80ccbcd1d75796e080ceb0fe3868729eb064de9b590c3612366a1c6cdb9,1051100.0,SC,7530000000000000.0,1000.0,840.0,2.39e+16,870.0,3457.0,959.0,988.0
e1cce65dd07793186091132119ae2c8ff259811787b5ee2af24af7514213cffe,1,2.0,2.0,1.0,1450.0,1450.0,,,,,,,,,,,
e1f75b2cc6ee78699c52e3a586a78095c6f573339d6b5fce3371520342fddc93,1,0.0,0.0,0.0,174464.24,174464.24,e1f75b2cc6ee78699c52e3a586a78095c6f573339d6b5fce3371520342fddc93,2441502.0,PR,9740000000000000.0,9230000000000000.0,958.0,2.17e+16,940.0,72.0,979.0,988.0
e1fc362495c82a4cb6c4a4f355802f1d152a7b0b013fe42a1554567062d62af6,1,0.0,0.0,0.0,568.7,568.7,,,,,,,,,,,
e20f30969f60e81c510eb4936d65ebf3c0a46ae6679f9faa923b7bb211ec0a10,1,2.0,2.0,1.0,480.84,480.84,,,,,,,,,,,
e21126cbff29056ee18aa96c55c887c3850dda2f5de1f8c2ad7fc18d814f43cf,1,0.0,0.0,0.0,885.89,885.89,e21126cbff29056ee18aa96c55c887c3850dda2f5de1f8c2ad7fc18d814f43cf,4644301.0,PA,9540000000000000.0,6130000000000000.0,922.0,1.48e+16,970.0,1511.0,979.0,986.0
e24c0163115158f683733513e52f615dcd24c8f74918ec892910dc3f543ac87e,1,0.0,0.0,0.0,354.86,354.86,,,,,,,,,,,
e254c78498f92eff518c675560008c4871282604c7cf0d1ea084c719b9d0346c,1,0.0,0.0,0.0,2887.79,2887.79,,,,,,,,,,,
e256f75496eb41ea48a4cba25fecc7353d2dce47efca0a778779e8b46c8eda8c,1,0.0,0.0,0.0,483.59,483.59,,,,,,,,,,,
e257246301c6d4a43b1c1ae7cec91cac1dd2ff525b326ac41c527a4e6b89e402,1,2.0,2.0,1.0,460.92,460.92,,,,,,,,,,,
e2b89e2c2f4c75db39455e541d5fc52031632b035493d4b10c8aa59f19a2e609,1,0.0,0.0,0.0,95785.54,95785.54,e2b89e2c2f4c75db39455e541d5fc52031632b035493d4b10c8aa59f19a2e609,2591800.0,GO,8880000000000000.0,8460000000000000.0,803.0,1.66e+16,880.0,10774.0,952.0,987.0
e2c780be559b981956d6044e0e4d8d6520e79d1c8aa227e234515030e0323e3c,1,0.0,0.0,0.0,735.23,735.23,,,,,,,,,,,
e2d3bc92824871bcf23541a1f585c4bd7a75d8a906203112720dc9ce4059afbd,2,0.0,0.0,0.0,461.38,230.69,e2d3bc92824871bcf23541a1f585c4bd7a75d8a906203112720dc9ce4059afbd,4771701.0,PR,7600000000000000.0,1000.0,732.0,2.79e+16,920.0,24658.0,957.0,988.0
e2e36fee9c543587b59f43d110252875b425cf03fb5dffdd0e1c987638af6919,5,1.8,4.0,0.6,19775.0,3955.0,e2e36fee9c543587b59f43d110252875b425cf03fb5dffdd0e1c987638af6919,4721102.0,SP,9430000000000000.0,8800000000000000.0,908.0,1870000000000000.0,950.0,23588.0,970.0,986.0
e3005e2b791431f45fd9913cfdbf4b32340b783961939eb27e52db8bc4dd5ab2,1,0.0,0.0,0.0,2838.42,2838.42,,,,,,,,,,,
e33a3ae42a5bb03da072f5d1ca374808c4d9ffeab8d44c5c2b2db717780bf3cb,1,0.0,0.0,0.0,666.57,666.57,e33a3ae42a5bb03da072f5d1ca374808c4d9ffeab8d44c5c2b2db717780bf3cb,2061400.0,BA,6920000000000000.0,8450000000000000.0,932.0,2.34e+16,930.0,213.0,970.0,989.0
e35184ad4713cc6e442f3437e138069c7357f166ec02dd15ef32e32411cdf344,1,0.0,0.0,0.0,2680.9,2680.9,e35184ad4713cc6e442f3437e138069c7357f166ec02dd15ef32e32411cdf344,4711302.0,PR,9560000000000000.0,8620000000000000.0,957.0,2230000000000000.0,960.0,881.0,978.0,988.0
e367cc002853bfa21876a79398b27dfbb3f07c23b9fe70313a9f6be8af53bc43,1,0.0,0.0,0.0,7029.5,7029.5,,,,,,,,,,,
e380e43e239ba63cee61b37ef4f2b401e1bae55407fbf307fa719ebb5a36aa4d,1,0.0,0.0,0.0,59.44,59.44,,,,,,,,,,,
e3873f4eaace94b8dffc54d7a8f8b04535424113cc5456fb5441a567ae75f9eb,1,0.0,0.0,0.0,2977.49,2977.49,e3873f4eaace94b8dffc54d7a8f8b04535424113cc5456fb5441a567ae75f9eb,4744001.0,MT,9120000000000000.0,868804000000000.0,948.0,243400.0,940.0,0.0,983.0,989.0
e3ba7185391a200ae11453fde2187ba4c25890d2ddba0510c57ce07384145bd4,1,0.0,0.0,0.0,458.01,458.01,,,,,,,,,,,
e3c65778b7785139e93e59d679d1147b53ad9079538bae442a35927e63168a2e,1,6.0,6.0,1.0,376.27,376.27,,,,,,,,,,,
e3e33b91504457eebf50703f3075941e4c98707be6511ffa27cd96da4a2f5547,2,0.0,0.0,0.0,328.94,164.47,,,,,,,,,,,
e3e819eeb69a808bba9b78e4fec1997d42153cb6e750f69d833477cbe6331ecf,1,0.0,0.0,0.0,201.0,201.0,,,,,,,,,,,
e404c9de8579f1c3d9eda516484d28738d3d10f8b01a8cb0b1ef553773785d04,1,6.0,6.0,1.0,444.63,444.63,,,,,,,,,,,
e41fd7e3d7d2758ff6cfc274d3d9a110f91bb87d4bf9b063dccfdce4629fdf37,2,0.0,0.0,0.0,708.7,354.35,e41fd7e3d7d2758ff6cfc274d3d9a110f91bb87d4bf9b063dccfdce4629fdf37,4744005.0,SC,9630000000000000.0,9070000000000000.0,929.0,2.32e+16,980.0,0.0,974.0,988.0
e458415808ab910665dbbb7bdf9a8298cd70b37272c6ae226697588efeaedf13,1,0.0,0.0,0.0,3897.79,3897.79,,,,,,,,,,,
e4585f27fca7cdd5b7c26e21ccadf1e713a42d11f8c8597d7cb0a9283a25cc5b,2,0.0,0.0,0.0,1083.73,541.865,e4585f27fca7cdd5b7c26e21ccadf1e713a42d11f8c8597d7cb0a9283a25cc5b,4781400.0,MT,9680000000000000.0,2.14e+16,944.0,204250.0,960.0,0.0,953.0,988.0
e4598a523033fff5f3253eb02c7376f659b9b601f41904a3c0fcae242b91363e,1,0.0,0.0,0.0,516.8,516.8,,,,,,,,,,,
e45ed7624cbbdc2e0e2e2a1d0af743ecd002a385b48dc6f00f46cfd8f1f3173b,1,0.0,0.0,0.0,5348.75,5348.75,e45ed7624cbbdc2e0e2e2a1d0af743ecd002a385b48dc6f00f46cfd8f1f3173b,4541206.0,SP,9200000000000000.0,9500000000000000.0,951.0,2.22e+16,980.0,4945.0,980.0,988.0
e47dcf9d6a65646f1c37d6b60eb47545444e624e2de0abb2f047ff383095f853,2,0.0,0.0,0.0,619.0,309.5,,,,,,,,,,,
e482dec767071092ae0ee0bc5acea35d3607cab2c8869b4621d1719d09d1404b,1,0.0,0.0,0.0,843.06,843.06,,,,,,,,,,,
e4896c27d68a08ceefa7b753da25845acaff60c3370e1dcb0c4c2b1c2d7bd242,2,1.0,2.0,0.5,2696.18,1348.09,e4896c27d68a08ceefa7b753da25845acaff60c3370e1dcb0c4c2b1c2d7bd242,4711302.0,RO,865881000000000.0,9060000000000000.0,952.0,2.15e+16,970.0,9561.0,982.0,989.0
e4a3e924eb52b705bceb678c170d268313da3fd6c472f983ab3315b0c6984359,1,1.0,1.0,1.0,858.7,858.7,e4a3e924eb52b705bceb678c170d268313da3fd6c472f983ab3315b0c6984359,4530703.0,MS,412270000000000.0,8240000000000000.0,398.0,7570000000000000.0,830.0,10888.0,360.0,961.0
e4c2e788b1b8cf252b8ea776dbb2d14ea01745b1f851258be1dda0c6aff4378f,1,0.0,0.0,0.0,406.83,406.83,,,,,,,,,,,
e4c476a3e01784309ca3fd7d59dc6319bfd86fc62f18852ec0aca688ba7f151a,1,0.0,0.0,0.0,4037.5,4037.5,,,,,,,,,,,
e4c58fb8aaf115b948fc39902677ecbcb93c978829e182c1e33ed265ff289960,1,0.0,0.0,0.0,495.33,495.33,,,,,,,,,,,
e4cf6d70994b58dbbccde77e576285334e04a621318fbb0882b094512c878729,1,5.0,5.0,1.0,257.3,257.3,,,,,,,,,,,
e4ebfb176e442a8ecc022d5029fac19d50011c033421d1e6ce3b30e955557e09,7,1.0,4.0,0.42857142857142855,4123.22,589.0314285714286,e4ebfb176e442a8ecc022d5029fac19d50011c033421d1e6ce3b30e955557e09,4754701.0,PR,9700000000000000.0,4.04e+16,963.0,2.38e+16,970.0,0.0,979.0,989.0
e506d4aab2f984faa116d9690a9b260dc75fe5c712e00528798557ac714d60ad,1,0.0,0.0,0.0,623.4,623.4,,,,,,,,,,,
e50a7cda9ded9b1197cdf626c8824c7659aae6694b9b906f7f957157fcb73e74,1,0.0,0.0,0.0,6897.33,6897.33,,,,,,,,,,,
e513321b966309e680e76c8255709c106020d31e52044ea3f5f9695e3c2e5ac9,1,0.0,0.0,0.0,1734.86,1734.86,,,,,,,,,,,
e52ec4c6c92db9d2d005db08e2826918141f3f1605c625b1ca170fe1570f2d49,1,0.0,0.0,0.0,1700.0,1700.0,e52ec4c6c92db9d2d005db08e2826918141f3f1605c625b1ca170fe1570f2d49,4633801.0,RJ,991897000000000.0,9500000000000000.0,964.0,2.38e+16,980.0,242.0,976.0,988.0
e53454511be0976355144fafb72874295593f9f44673aaac379dcd1f67f19fc3,1,2.0,2.0,1.0,1043.14,1043.14,,,,,,,,,,,
e55467608a549910398ad4bc99df4b362c2011f24462dfeea8aeb1060e46cd98,1,0.0,0.0,0.0,227.33,227.33,,,,,,,,,,,
e55d6a184239e32c6998415d942b54aea8220eba33d99d637cd7bc08f6115cb8,2,0.0,0.0,0.0,313.28,156.64,,,,,,,,,,,
e5676ec2f480956abb0e043650ceff8cfd270d46ceea3a97a1b785b6103a8036,2,0.0,0.0,0.0,853.38,426.69,e5676ec2f480956abb0e043650ceff8cfd270d46ceea3a97a1b785b6103a8036,2229301.0,RJ,7660000000000000.0,9130000000000000.0,834.0,2.29e+16,870.0,49507.0,961.0,985.0
e5861e9a7d6e766c31596aea12062a217d346052b0098337c1637e07eac20cab,1,5.0,5.0,1.0,17037.4,17037.4,,,,,,,,,,,
e592134478f9be9ec9ec99f21057dc0480a5ce89fc83cd10a130fdfa992dac00,2,0.0,0.0,0.0,95414.18,47707.09,e592134478f9be9ec9ec99f21057dc0480a5ce89fc83cd10a130fdfa992dac00,4120400.0,SP,5970000000000000.0,1000.0,250.0,1.11e+16,670.0,579.0,825.0,982.0
e59bf63c31850ad1ae8ecfa801f6c7e2f8479dadf47ac9fb379d0f1dbf396b40,1,0.0,0.0,0.0,1471.63,1471.63,e59bf63c31850ad1ae8ecfa801f6c7e2f8479dadf47ac9fb379d0f1dbf396b40,4781400.0,MG,7810000000000000.0,2600000000000000.0,436.0,1.11e+16,930.0,12482.0,941.0,985.0
e5c092e2e042d70eec2381c5bf60c0ec510fc4c1dfad6c86e42947a38743191a,1,1.0,1.0,1.0,355.11,355.11,e5c092e2e042d70eec2381c5bf60c0ec510fc4c1dfad6c86e42947a38743191a,4530701.0,GO,9890000000000000.0,8640000000000000.0,961.0,2470000000000000.0,980.0,0.0,983.0,988.0
e5c6110469abae773b78c0817f72886af387d0bdc68000f7893f8d2f72d36b31,1,0.0,0.0,0.0,1698.04,1698.04,,,,,,,,,,,
e5dc75c5a56cea8cd9d3b0dd16f9eb0f0accd744dc8e429796dd4b7df9c76ff1,1,0.0,0.0,0.0,152.0,152.0,,,,,,,,,,,
e5fa82e40cba1a3f6e2b095f2ba453eca7ea906be3bb54528e2c15729bcd9ed6,1,0.0,0.0,0.0,2295.12,2295.12,,,,,,,,,,,
e60e57fb24b60d96dbc0d3b5a9fad19e252ebde5e0a4d5fb58ed48a78eb6ad12,1,0.0,0.0,0.0,1573.03,1573.03,,,,,,,,,,,
e6200992f5620acde9db832379ba36a760667ead674db35401506e3b28b67ea2,1,0.0,0.0,0.0,1600.1,1600.1,,,,,,,,,,,
e670e33963f1737a542dfd7441a105b582514026ed5ed29981bae2855b4a5dab,1,0.0,0.0,0.0,3041.76,3041.76,,,,,,,,,,,
e6715c482be461c407fbac459ea58b2b2b4f082b6f25ffd5a3e71f897eb3cb71,66,49.24242424242424,64.0,0.7878787878787878,63106.56,956.16,,,,,,,,,,,
e6757f9c10a6764f4b996299a6cf93379f67a614271a9cd56e762fe10e8883c0,1,0.0,0.0,0.0,2451.0,2451.0,,,,,,,,,,,
e6935d223f5df6ee3d36505c8de3308c993e846db48a0bc05a7e6fba74b60a85,1,0.0,0.0,0.0,2226.36,2226.36,e6935d223f5df6ee3d36505c8de3308c993e846db48a0bc05a7e6fba74b60a85,4711301.0,SP,8120000000000000.0,8350000000000000.0,427.0,1.47e+16,800.0,0.0,658.0,988.0
e6a1a6383f1f3bc3c40e180d552bcd4befff0b7e80e1159cbb348251ebd923b7,1,0.0,0.0,0.0,921.0,921.0,,,,,,,,,,,
e6a6a6783ef110bf4b9efeac4af598ea0d553b0a21d0c961f081b79f5c405bc2,1,2.0,2.0,1.0,72.8,72.8,,,,,,,,,,,
e6ab766b2391938f758b48b40ef6f4d00c35f65984acada0c70bf8981b680aa5,1,0.0,0.0,0.0,62892.16,62892.16,,,,,,,,,,,
e6c12390d636b735fae6b3d15519ad172224e858cd548682c3550bdda9db2c56,1,29.0,29.0,1.0,360.59,360.59,,,,,,,,,,,
e6cd01e65529728288bdf5c098817aa782ba0b17e24d5a8a501e63103c39d64d,1,0.0,0.0,0.0,381.63,381.63,e6cd01e65529728288bdf5c098817aa782ba0b17e24d5a8a501e63103c39d64d,5611201.0,GO,9370000000000000.0,1000.0,951.0,2.52e+16,940.0,0.0,973.0,989.0
e6e1b0eba9d9a35bfb68ee6ed35ce49fe8aed936deb042e2131482a29fd8f9ae,1,0.0,0.0,0.0,47.83,47.83,,,,,,,,,,,
e6ef1ab47956446f30bc626f12e1b13500c40c0974c5bbf68e81959032226aa0,1,1.0,1.0,1.0,600.92,600.92,e6ef1ab47956446f30bc626f12e1b13500c40c0974c5bbf68e81959032226aa0,4753900.0,MT,9530000000000000.0,6000000000000000.0,934.0,186500.0,930.0,15617.0,978.0,989.0
e6efcf3d71dd26ebb7b0042b7e7348c01c247299a6e3b716e880745c72a43f1c,1,0.0,0.0,0.0,401.14,401.14,,,,,,,,,,,
e6fc100ca1af21639abb7455801b8a134f3821b2a1d89af56cc67e162f2ed50e,7,9.428571428571429,41.0,1.0,1080908.88,154415.55428571426,e6fc100ca1af21639abb7455801b8a134f3821b2a1d89af56cc67e162f2ed50e,1932200.0,MT,983934000000000.0,5110000000000000.0,905.0,2100000000000000.0,920.0,1383.0,981.0,988.0
e7198cb954bf5dfe632032894b762cbb5d0ce87c65e71c172d07cb2e2eb1ec5a,1,0.0,0.0,0.0,61012.2,61012.2,e7198cb954bf5dfe632032894b762cbb5d0ce87c65e71c172d07cb2e2eb1ec5a,4744001.0,SP,9750000000000000.0,9030000000000000.0,923.0,169875.0,950.0,0.0,983.0,988.0
e736162aebb06c7bf42bcee1a16feeb5f745d10493d70856f6e5cd54546d8445,1,0.0,0.0,0.0,2000.0,2000.0,,,,,,,,,,,
e74170d0844f3082a8a0e80d02b0606fdae6983840298336dd8cddb734d1a9aa,1,0.0,0.0,0.0,3500.03,3500.03,,,,,,,,,,,
e743888ab7b7100e45dbf20a71fd0a9d0ac4ce9bb0627fe68fd77932f434adab,1,0.0,0.0,0.0,466.89,466.89,,,,,,,,,,,
e75b3585eacfbf6bb7b42504a6e91a875c2f7eec1a1ba35a7778167e738670c7,1,2.0,2.0,1.0,516.8,516.8,,,,,,,,,,,
e7612b5d09a402017eb6df0d17540b91e4c88453b141c371029093c0b9eb40ef,1,0.0,0.0,0.0,1068.67,1068.67,,,,,,,,,,,
e7837fc56b5ded86cd8676d1f94cee2721238f833af1a7f77338d86afff59f1e,1,0.0,0.0,0.0,11604.58,11604.58,e7837fc56b5ded86cd8676d1f94cee2721238f833af1a7f77338d86afff59f1e,4634601.0,SP,98742800000000.0,9860000000000000.0,866.0,1.27e+16,910.0,11.0,971.0,988.0
e7a648fd53012d8b8accab1af990d0377ab9bb72bf6858086a3a992785d62189,1,2.0,2.0,1.0,3993.48,3993.48,e7a648fd53012d8b8accab1af990d0377ab9bb72bf6858086a3a992785d62189,4631100.0,RJ,6140000000000000.0,799535000000000.0,717.0,7250000000000000.0,890.0,50059.0,190.0,976.0
e7a8cb353cbfd773adee706c823665a0c80985b9ec457a5cfa3d9cc42d7dc7d8,1,3.0,3.0,1.0,1143.6,1143.6,e7a8cb353cbfd773adee706c823665a0c80985b9ec457a5cfa3d9cc42d7dc7d8,4755503.0,GO,5150000000000000.0,2.71e+16,504.0,76500.0,890.0,67367.0,438.0,979.0
e7a98ca15374999ed7916c1e033de46c4b1074564b14d0513d6ce643cf267120,3,0.3333333333333333,1.0,0.3333333333333333,12518.22,4172.74,,,,,,,,,,,
e7ae700eb86c1d1bf887bd1e263832d8ded70ab76f0110f362ba70bd1dae990f,1,0.0,0.0,0.0,290.43,290.43,,,,,,,,,,,
e7b28505dfd34d13f986528b9db1cdc4fc115cd08ef44cd420160011c55d9692,1,1.0,1.0,1.0,84.33,84.33,,,,,,,,,,,
e7db4c18ce7ee2f04d8d8778e37f99944d6acf143c587b7131a3f253815ab79e,1,0.0,0.0,0.0,633.32,633.32,,,,,,,,,,,
e7e553058562b1eececfbefc4a2897b72db1784842855b8a917e76c069647f49,1,62.0,62.0,1.0,53500.0,53500.0,e7e553058562b1eececfbefc4a2897b72db1784842855b8a917e76c069647f49,1013901.0,MG,2760000000000000.0,8380000000000000.0,152.0,1.13e+16,590.0,19817.0,172.0,963.0
e80e9385ea7c444400536a1683eae681abfe3be885b653fe4624f11eb3362369,2,0.5,1.0,0.5,23733.6,11866.8,e80e9385ea7c444400536a1683eae681abfe3be885b653fe4624f11eb3362369,4684299.0,RJ,9340000000000000.0,8080000000000000.0,943.0,1860000000000000.0,910.0,0.0,980.0,988.0
e813f465edfba786c4e503d1a5384fcc358832ef81e0edd06c40ebee3b94d1aa,2,9.0,18.0,0.5,623.67,311.835,,,,,,,,,,,
e8208fcae3081f251ed0cd60b131b131ec3f96ed64c4adba01d0ceffab197067,1,1.0,1.0,1.0,544.8,544.8,e8208fcae3081f251ed0cd60b131b131ec3f96ed64c4adba01d0ceffab197067,2539002.0,SP,9630000000000000.0,9960000000000000.0,937.0,196750.0,930.0,16916.0,977.0,989.0
e827168dbfce426dae95865e3e9776a03dfb2738052a225e98a3dcc700badc99,1,0.0,0.0,0.0,457.95,457.95,,,,,,,,,,,
e8348dd5fa437339ca992e06a45af012107028075884c71902032c18b68100ce,1,1.0,1.0,1.0,1586.8,1586.8,e8348dd5fa437339ca992e06a45af012107028075884c71902032c18b68100ce,4742300.0,SC,9750000000000000.0,9430000000000000.0,951.0,247400.0,970.0,0.0,983.0,989.0
e87abcfff9d8e972875eb037921792a2e28c8c1cc60fc80a4652209a152d8c3b,1,0.0,0.0,0.0,641.93,641.93,,,,,,,,,,,
e891d93bd1dda61d3f6297eba9ae3369486b90fdc93ff01ca40b4ec20d787137,1,0.0,0.0,0.0,4872.72,4872.72,e891d93bd1dda61d3f6297eba9ae3369486b90fdc93ff01ca40b4ec20d787137,2593400.0,SP,8020000000000000.0,1000.0,920.0,209500.0,920.0,45116.0,981.0,989.0
e8a6b42811c8cc1a35009ad4ecd14bfe3d597f2e3bf7aa16bd40b9b26b63f67e,1,0.0,0.0,0.0,10218.5,10218.5,,,,,,,,,,,
e8ad1e2f3bf4b6ac46954f1ee44386092db916deb5c3cb1a2403da6a09a0880e,2,0.0,0.0,0.0,16241.33,8120.665,e8ad1e2f3bf4b6ac46954f1ee44386092db916deb5c3cb1a2403da6a09a0880e,4683400.0,SC,9890000000000000.0,4.18e+16,951.0,2090000000000000.0,930.0,0.0,973.0,988.0
e8bb90867c305a4727fbbc62a51580aa49b98690bec600e5df5a37b7c4fc55d3,1,0.0,0.0,0.0,1866.67,1866.67,e8bb90867c305a4727fbbc62a51580aa49b98690bec600e5df5a37b7c4fc55d3,1091101.0,SP,9280000000000000.0,8670000000000000.0,817.0,1.75e+16,880.0,1428.0,981.0,989.0
e8bcbfca95bbd8cbe10822e562d7f8cd66c5fed60013f0b0da7f41388c9a6546,4,0.0,0.0,0.0,8737.65,2184.4125,e8bcbfca95bbd8cbe10822e562d7f8cd66c5fed60013f0b0da7f41388c9a6546,1099699.0,PA,893335000000000.0,8460000000000000.0,927.0,1.63e+16,970.0,27723.0,983.0,989.0
e8c84a24c3181186171ffe0d084d3ac918f2316decd50942fc94e8a2ca1c2136,1,0.0,0.0,0.0,1916.14,1916.14,,,,,,,,,,,
e8e7c22b4b72a971f3b3fbfb00058f1165dbab0265f6ae648ddc7748a386273a,1,4.0,4.0,1.0,257.3,257.3,e8e7c22b4b72a971f3b3fbfb00058f1165dbab0265f6ae648ddc7748a386273a,4313400.0,SC,8240000000000000.0,8470000000000000.0,742.0,1308125.0,910.0,21931.0,889.0,988.0
e8ec685aa7465381fe4a211eb3b274a1952e0a13ad7ce24915d0e688c228cbee,2,0.0,0.0,0.0,1892.14,946.07,e8ec685aa7465381fe4a211eb3b274a1952e0a13ad7ce24915d0e688c228cbee,4661300.0,MT,9890000000000000.0,4.65e+16,963.0,245525.0,990.0,9792.0,981.0,988.0
e90b9b6b1b545dd051bce66d58d9fb35b1268ecdaa2b3bc40d8eff47570fe4c1,1,0.0,0.0,0.0,3595.46,3595.46,e90b9b6b1b545dd051bce66d58d9fb35b1268ecdaa2b3bc40d8eff47570fe4c1,4711302.0,SP,948039000000000.0,9800000000000000.0,926.0,2020000000000000.0,960.0,1287.0,968.0,988.0
e91b385fe3e71061b4e06cfa9f46dd9688ebd4ccd60023c182923fc48bd72b88,1,1.0,1.0,1.0,598.03,598.03,,,,,,,,,,,
e9300d1d30f0e0c3e6946f4490b508472c8b8e1a3bd7f23ad3d720f7b5f558a4,1,0.0,0.0,0.0,18055.14,18055.14,e9300d1d30f0e0c3e6946f4490b508472c8b8e1a3bd7f23ad3d720f7b5f558a4,1413401.0,PR,9480000000000000.0,1000.0,961.0,2.15e+16,940.0,0.0,982.0,988.0
e93442a2f9ad0a4096b5196adafc12da4d97b840c49cf11b30f11d7ac3d5b934,1,0.0,0.0,0.0,1215.31,1215.31,,,,,,,,,,,
e94eeeb1a67379e8fb0fb981f641d69a077c9b2a9e4251cef1f4e999a95e5874,4,3.75,13.0,0.5,6272.51,1568.1275,e94eeeb1a67379e8fb0fb981f641d69a077c9b2a9e4251cef1f4e999a95e5874,4646001.0,GO,9270000000000000.0,9400000000000000.0,894.0,165480.0,920.0,11655.0,983.0,989.0
e9650a26727cf450425cb23386984d2ca87b1c51679b183e71f25e260d82d0ae,1,1.0,1.0,1.0,5702.49,5702.49,e9650a26727cf450425cb23386984d2ca87b1c51679b183e71f25e260d82d0ae,4744001.0,SP,9670000000000000.0,9480000000000000.0,829.0,2000000000000000.0,960.0,4096.0,965.0,988.0
e9852f45e96905e6b045a5199951f0e89b7d0f04f4bfd8e055d12831971d9734,1,28.0,28.0,1.0,343.17,343.17,,,,,,,,,,,
e98bf9d0cd1385db34fae5b3b3b6f2cb07a4aa3dba393a8615ab366a38dda49d,1,0.0,0.0,0.0,179.28,179.28,,,,,,,,,,,
e9c4235a7006a4a073959e905008616dce280bb0f00ec82bcd1f609e4945d1c8,1,0.0,0.0,0.0,514.55,514.55,,,,,,,,,,,
e9e465fd7f145cdec748d184d2baf8a88caf85f7be4ed44c0ecb885f2c616813,5,0.2,1.0,0.2,90229.15,18045.829999999998,e9e465fd7f145cdec748d184d2baf8a88caf85f7be4ed44c0ecb885f2c616813,2869100.0,SC,8620000000000000.0,3.49e+16,955.0,2510000000000000.0,930.0,1185.0,981.0,988.0
e9e7c7a1e9656c70ee5b99936bed10c9ef23506dc397f8d88417c40e87521085,2,2.0,3.0,1.0,555.94,277.97,e9e7c7a1e9656c70ee5b99936bed10c9ef23506dc397f8d88417c40e87521085,4722901.0,GO,7540000000000000.0,9370000000000000.0,869.0,1.23e+16,830.0,0.0,810.0,986.0
e9ef22a806d9f413a6079220141770df48ab95686eff358e3536a97cdfddccaf,1,0.0,0.0,0.0,778.1,778.1,,,,,,,,,,,
e9f76c104a6c984557e8c78c992e25a638ed4003772b42bf5b9b7896ac2a957e,1,2.0,2.0,1.0,522.05,522.05,,,,,,,,,,,
e9fb0fe667d4032a934c8ad1bdc1aed24d7c2679c79282b0361d13ad4d704f5a,1,0.0,0.0,0.0,688.57,688.57,,,,,,,,,,,
e9fbe30d74ec576cffb4f9d6a5c8eed1a55a21eadfe854f3f48020e024d6f380,2,1.5,3.0,0.5,17317.5,8658.75,e9fbe30d74ec576cffb4f9d6a5c8eed1a55a21eadfe854f3f48020e024d6f380,1099699.0,SP,5600000000000000.0,8160000000000000.0,709.0,1.86e+16,850.0,801.0,926.0,981.0
ea2ce85ffa23de16d2d8bf1d9516c64e156379588afeb1362b2c6430f1dff1c7,1,1.0,1.0,1.0,606.95,606.95,ea2ce85ffa23de16d2d8bf1d9516c64e156379588afeb1362b2c6430f1dff1c7,4781400.0,SC,9200000000000000.0,2930000000000000.0,627.0,1.25e+16,870.0,3757.0,957.0,988.0
ea39176607a2c3be28da05437bb51f8db24fbef312ea936df9e5b52ddda57ea5,7,1.2857142857142858,5.0,0.5714285714285714,67480.15,9640.021428571428,ea39176607a2c3be28da05437bb51f8db24fbef312ea936df9e5b52ddda57ea5,1031700.0,SP,7150000000000000.0,8940000000000000.0,475.0,1330000000000000.0,830.0,13476.0,223.0,985.0
ea6ac14ae6a8534591a5629f6e57b528caa25db3f498ae9c0aa76152f907da32,1,1.0,1.0,1.0,3311.9,3311.9,,,,,,,,,,,
ea802ff5e1818342ace5932c587a0d7aee9f0f5f5c8f2c0d2fd0a6e684a9cd41,1,8.0,8.0,1.0,9027.82,9027.82,ea802ff5e1818342ace5932c587a0d7aee9f0f5f5c8f2c0d2fd0a6e684a9cd41,2063100.0,PE,4880000000000000.0,6600000000000000.0,200.0,1.33e+16,760.0,6846.0,933.0,988.0
ea8178100d72fb4adf61fb99bfa3b3fcaba358a44820d293b810ed14c3d57923,1,0.0,0.0,0.0,3510.0,3510.0,,,,,,,,,,,
ea956882b24afc1e0d4bc71eb3321851231d705c7b6b5990ccf074999a7eb41b,1,62.0,62.0,1.0,1810.35,1810.35,,,,,,,,,,,
eab5bdd2ce8a4332b006b90d82eb983174b05a002a3d1dd6da92e056b922d30a,1,1.0,1.0,1.0,663.36,663.36,,,,,,,,,,,
eace02a89401ec7e1a7e71ece3f594bf110090c0f6b005d938ff38d09829a4ee,1,0.0,0.0,0.0,397.68,397.68,,,,,,,,,,,
eaeaa7fd3e27b44c090e130ff91a7f79185730230d57a237430590aff287dba5,4,0.25,1.0,0.25,175989.4,43997.35,eaeaa7fd3e27b44c090e130ff91a7f79185730230d57a237430590aff287dba5,2733300.0,RS,9950000000000000.0,9970000000000000.0,952.0,2380000000000000.0,970.0,34.0,981.0,989.0
eaee4f950e5b38c6cf4e37a7e94857d65adb4172d20a95b4ea1d819a5a68ea26,1,0.0,0.0,0.0,332.99,332.99,,,,,,,,,,,
eaf03a4082d29b4ff5da300d24d13bb133dac5033a7ac135b67ff6e2836c3bdf,2,2.0,3.0,1.0,2107.2,1053.6,,,,,,,,,,,
eaf61810f9f19df03920e79a74c7241ef69fcd9990ac22b8aaf1614b75839a04,1,2.0,2.0,1.0,213.14,213.14,,,,,,,,,,,
eafc5101205faabc8b5b0a13b9cb92c7da058ef6c6b08dda123d2389c41bd467,1,0.0,0.0,0.0,651.07,651.07,,,,,,,,,,,
eafe957be992e7e804e8c2d38249ea8320cbab14a4a1752944aa37a7f29e4f8f,2,0.0,0.0,0.0,379.16999999999996,189.58499999999998,,,,,,,,,,,
eb00d8ec0fe079ac773c16b2fec115905cd1f23a395fe5f3c0b4420c8ee9d206,1,0.0,0.0,0.0,1336.13,1336.13,,,,,,,,,,,
eb10ab8a5a3e5aa78c26502bcef1c0f5346c33633b736db13d24cd13671b3014,1,62.0,62.0,1.0,1616.67,1616.67,,,,,,,,,,,
eb1d5cdb2029f32c911431d870f43e4d59884c8bd8b28b1ad7714993d0136982,1,0.0,0.0,0.0,1727.75,1727.75,,,,,,,,,,,
eb1fa0d9cdda970ae3a67e12c0578dd62683faef41200bc6a9c19edcaa02e566,1,0.0,0.0,0.0,703.0,703.0,eb1fa0d9cdda970ae3a67e12c0578dd62683faef41200bc6a9c19edcaa02e566,2212900.0,CE,985383000000000.0,9180000000000000.0,957.0,197375.0,930.0,0.0,973.0,989.0
eb272e6eaec02e3c05131a5d3b9f8a060c164f6a8f9df5287241b0fd6af98e56,1,0.0,0.0,0.0,8722.96,8722.96,eb272e6eaec02e3c05131a5d3b9f8a060c164f6a8f9df5287241b0fd6af98e56,4744002.0,MG,9950000000000000.0,1000.0,901.0,221600.0,950.0,0.0,969.0,988.0
eb2931f1546010899be531fcd5dab839a560e89204c8516b54737c8a4eb380c4,1,0.0,0.0,0.0,3931.75,3931.75,eb2931f1546010899be531fcd5dab839a560e89204c8516b54737c8a4eb380c4,4930203.0,GO,8760000000000000.0,1000.0,933.0,2.56e+16,870.0,5401.0,978.0,988.0
eb4ccf4a5b6040a06948a3bcb56078b2e2ca26f7af2185a3d273724a79fe9f15,2,0.0,0.0,0.0,162.72,81.36,eb4ccf4a5b6040a06948a3bcb56078b2e2ca26f7af2185a3d273724a79fe9f15,4771701.0,PR,8470000000000000.0,5610000000000000.0,954.0,2.43e+16,980.0,0.0,978.0,988.0
eb5de936c651e9d81fa151b45dd4d2e7b863c24dfad94145ecbab2254c0d1f9e,6,1.3333333333333333,3.0,0.6666666666666666,44575.55,7429.258333333334,eb5de936c651e9d81fa151b45dd4d2e7b863c24dfad94145ecbab2254c0d1f9e,4691500.0,AP,7300000000000000.0,7760000000000000.0,728.0,1.09e+16,910.0,27538.0,952.0,986.0
eb8580056f599a0ad8dd572464202a9a32a8e26eacf73c6aac0bd70203348307,1,0.0,0.0,0.0,5855.85,5855.85,,,,,,,,,,,
eb85f366d04bc05d657aae59555c7b2126a2be6f9ac24216060b49ee0527313d,1,0.0,0.0,0.0,1199.2,1199.2,,,,,,,,,,,
eb86178b277d61bf44bef30bab87ec97649cf9734bd4767d1ff16f6582884fa5,2,0.0,0.0,0.0,36829.2,18414.6,eb86178b277d61bf44bef30bab87ec97649cf9734bd4767d1ff16f6582884fa5,4731800.0,SP,9950000000000000.0,9860000000000000.0,922.0,259375.0,960.0,0.0,979.0,988.0
ebcd906e64635d8787b6847f51fdd69166efa9ea81fdcf6df1aafffff26e62bd,1,0.0,0.0,0.0,2333.98,2333.98,ebcd906e64635d8787b6847f51fdd69166efa9ea81fdcf6df1aafffff26e62bd,4530701.0,SP,9880000000000000.0,945812000000000.0,965.0,2.35e+16,990.0,0.0,984.0,988.0
ebdff09240817075e63f116af7910d47516e1123eef810cf804ca370f74b97b1,1,0.0,0.0,0.0,1625.46,1625.46,ebdff09240817075e63f116af7910d47516e1123eef810cf804ca370f74b97b1,4763602.0,PR,9930000000000000.0,1000.0,923.0,2.03e+16,960.0,0.0,974.0,989.0
ebf972e71186b7865a703fa33f02605b965b97b0c6a51214ff87029735c8538d,1,4.0,4.0,1.0,57.71,57.71,,,,,,,,,,,
ebf9e1e19c444dfbba10eab80b4e7b507dbd3610df0daafe2d98ee1a16bb2cca,11,0.5454545454545454,1.0,0.5454545454545454,1064822.0,96802.0,,,,,,,,,,,
ec0775b33b26bf2e213eb874d7017359e8ee6b4e0d299f08aa517a2b06fa9f46,1,0.0,0.0,0.0,1503.29,1503.29,,,,,,,,,,,
ec07c766da706a0ee1bea5e4bcfce7a488c1d2606e1c21adc2b253266911bf0e,1,0.0,0.0,0.0,217.35,217.35,,,,,,,,,,,
ec09bac25dbca55cbc9dba6bac6bc72a9feb455ecf6eae675e4c8a6e3a8cd4ef,1,1.0,1.0,1.0,524.7,524.7,,,,,,,,,,,
ec0e882e9b8fbfd7d90279de740867bef8ac994a0671f78b29a9d4cf62d4201e,1,0.0,0.0,0.0,557.78,557.78,,,,,,,,,,,
ec14265ac109e8ac1f2d8315c9330c80dc4c4fc03847b4246194fcb4883b2447,1,0.0,0.0,0.0,66.4,66.4,,,,,,,,,,,
ec426187cea5a1c7b2252a8450380e823ed3068d49588674ff1352e3985e4fc8,1,0.0,0.0,0.0,223.5,223.5,ec426187cea5a1c7b2252a8450380e823ed3068d49588674ff1352e3985e4fc8,8111700.0,SP,1000.0,1000.0,555.0,0.0,790.0,0.0,739.0,971.0
ec4543349a12eaddef6a2310530756a7cd0246b3b12ac9f69ca296e576eefe5b,1,0.0,0.0,0.0,6044.11,6044.11,ec4543349a12eaddef6a2310530756a7cd0246b3b12ac9f69ca296e576eefe5b,4663000.0,RS,9880000000000000.0,9310000000000000.0,955.0,2.07e+16,950.0,4049.0,982.0,989.0
ec4a0cd899b47b3e8703d8c6d6e5f84d739b8cc183e1d94381b51ca1e1258135,1,1.0,1.0,1.0,137.24,137.24,,,,,,,,,,,
ec5412c30ef96ab72f9747343e1e1b3d68511ec9b5f76f699ab7458fa4ebc48a,1,0.0,0.0,0.0,706.35,706.35,ec5412c30ef96ab72f9747343e1e1b3d68511ec9b5f76f699ab7458fa4ebc48a,4644301.0,PR,8080000000000000.0,9640000000000000.0,950.0,227750.0,980.0,0.0,982.0,988.0
ec69e92bb0a5b7b5fceaae42c1d3f63b1597202a7ab6c3ce2dfc49c603b1c591,2,0.5,1.0,0.5,752.49,376.245,,,,,,,,,,,
ec76c723ae3c87630c297ba248b16d62ff0d5afd29ecfb71ac8dd048246cfa22,1,0.0,0.0,0.0,199.11,199.11,,,,,,,,,,,
ec7fb026f1023d9c32902bd567d87b4e12670e210f0ad26d2d98c08b595bfa4e,1,0.0,0.0,0.0,70000.0,70000.0,,,,,,,,,,,
ec83de1261a3b98d38c3eba4f2d4a2f20701db06ccffd6090275f0dcc63edfb9,1,0.0,0.0,0.0,816.65,816.65,,,,,,,,,,,
ec89e0b0d5ff14253738bfe9007d75c0d0de6ad2742cbab7ae74f95dc26d45bb,2,0.0,0.0,0.0,1946.56,973.28,,,,,,,,,,,
ec92b53d3e466676ff0067f04b1f80ab5b1502a3f587fc4bbf3ffe19047ec3ac,2,4.5,6.0,1.0,6081.389999999999,3040.6949999999997,ec92b53d3e466676ff0067f04b1f80ab5b1502a3f587fc4bbf3ffe19047ec3ac,2063100.0,MG,4.19e+16,6330000000000000.0,353.0,9530000000000000.0,720.0,3899.0,131.0,967.0
ecb95bac9913571b8dc1255c8eb896d0fe004fa0b31f605b89e0aa0b34b0a40f,1,0.0,0.0,0.0,234.02,234.02,,,,,,,,,,,
ece367e55ad708819977b3374971f6d2fb7baa1c038cf6698de76b4e44ee4aca,1,3.0,3.0,1.0,285.25,285.25,,,,,,,,,,,
ece9f222f4e7a39f6c6ff698d7f57da720e8c6cfb8aebb7fa101f3391a44edd4,1,62.0,62.0,1.0,509.8,509.8,,,,,,,,,,,
ecefe222a6223e88d7cd4bf84d23b025d100cea3499fc48d7d1855edddaf0ac5,1,2.0,2.0,1.0,5205.99,5205.99,ecefe222a6223e88d7cd4bf84d23b025d100cea3499fc48d7d1855edddaf0ac5,7319002.0,PR,9160000000000000.0,50.0,849.0,153200.0,740.0,0.0,921.0,986.0
ecf89dc7f9b9d9c1a655a72503bca58a88df0480eb080bc5ad843f6f1cf63983,1,2.0,2.0,1.0,67.16,67.16,,,,,,,,,,,
ed06b81a53e7bbf477ee984aada39b544fb2602add88eb3d857945f8b38e6c25,1,0.0,0.0,0.0,1933.34,1933.34,,,,,,,,,,,
ed4a543bd88d5f9fbe0ad08e8625664dcbf48a88f0c74be5e3c75345581946d8,4,0.75,2.0,0.5,659.54,164.885,ed4a543bd88d5f9fbe0ad08e8625664dcbf48a88f0c74be5e3c75345581946d8,4772500.0,PR,4720000000000000.0,3830000000000000.0,365.0,177125.0,800.0,65667.0,826.0,974.0
ed4dd760d7c1978b724aa2c1cbd1bdb137002ac17afc7f9d383c98e4f269528f,1,0.0,0.0,0.0,1026.27,1026.27,ed4dd760d7c1978b724aa2c1cbd1bdb137002ac17afc7f9d383c98e4f269528f,4789005.0,SC,9220000000000000.0,6790000000000000.0,895.0,1.72e+16,940.0,20199.0,964.0,986.0
ed8f528601a0983bc4a4045f8427be073fe0d79351ccc65a10423a28cb78540f,1,0.0,0.0,0.0,92.01,92.01,,,,,,,,,,,
edb2d2d289f63fb84114b2f5ecdbb00d7c2adce3392eb966796b2445084429b2,1,1.0,1.0,1.0,1761.71,1761.71,edb2d2d289f63fb84114b2f5ecdbb00d7c2adce3392eb966796b2445084429b2,4744001.0,MS,9760000000000000.0,7070000000000000.0,954.0,254800.0,940.0,0.0,980.0,988.0
edb47eb547b8d704a8c412f2a0b72c7d5069fac52924985f4bb76c14f91447bf,1,0.0,0.0,0.0,1591.25,1591.25,,,,,,,,,,,
edbaa2fc67a836d894bf2d8800b27512497ab6e16d661719a4ecc9f9eed268fb,1,0.0,0.0,0.0,480.0,480.0,edbaa2fc67a836d894bf2d8800b27512497ab6e16d661719a4ecc9f9eed268fb,4921302.0,MG,9790000000000000.0,7720000000000000.0,959.0,161880.0,940.0,3706.0,982.0,988.0
edf29b993cf92a4c52dcccee49acead204de8201805e23ea1a121d9e97148ffc,3,1.3333333333333333,2.0,0.6666666666666666,527074.8400000001,175691.61333333337,,,,,,,,,,,
edf4e7d72a0d738ae25acc9fc39954863501132773e71a86bb6e314d097fda78,1,0.0,0.0,0.0,1275.72,1275.72,edf4e7d72a0d738ae25acc9fc39954863501132773e71a86bb6e314d097fda78,2229399.0,SP,9470000000000000.0,8560000000000000.0,918.0,2e+16,960.0,3378.0,971.0,989.0
ee10ebd7ea1f96f0e42f2457279a6d53a2d87bf1704436c5eed7714f2f007d88,1,0.0,0.0,0.0,923.76,923.76,,,,,,,,,,,
ee110e17a8051c897d5c8d8a2b4e218718e21d358656b243baf667514c3a9adf,1,0.0,0.0,0.0,7520.0,7520.0,,,,,,,,,,,
ee3046a149fbb719a8915183f925660e4f8a2c259b39b18aa163ce8eaf6e9fad,1,98.0,98.0,1.0,579.36,579.36,,,,,,,,,,,
ee3eb80d34e06cd11c9c04d86f690153d5bf2f825ffba1f50aa95d45bc1b7283,1,0.0,0.0,0.0,12371.04,12371.04,ee3eb80d34e06cd11c9c04d86f690153d5bf2f825ffba1f50aa95d45bc1b7283,2441501.0,PR,9980000000000000.0,9200000000000000.0,958.0,2410000000000000.0,970.0,0.0,981.0,989.0
ee3fdbb1b80a0d09264b1992e517ae940fd61b14a1fe365a0622307947be9f0e,1,1.0,1.0,1.0,1636.33,1636.33,ee3fdbb1b80a0d09264b1992e517ae940fd61b14a1fe365a0622307947be9f0e,4711302.0,SP,8890000000000000.0,8240000000000000.0,897.0,1.51e+16,950.0,19869.0,981.0,989.0
ee46ef75e4b0759434bb12727dab707a767fc872e6b23e46a548ce659c165319,1,0.0,0.0,0.0,231.59,231.59,,,,,,,,,,,
ee48836b86abd5c2e49585969ef8fc1bee6ece0ec044b296da4909a359b4b0e5,1,3.0,3.0,1.0,304.5,304.5,,,,,,,,,,,
ee8998bf7727e55f9994a252113e10e346c5e43469c62c9ee9a2f66f9eff4e6b,2,0.0,0.0,0.0,149987.19,74993.595,,,,,,,,,,,
ee8f4da160506abe024d951028f6ae2b85492f99a3afb87351eb76a3e6493fee,1,0.0,0.0,0.0,2137.37,2137.37,,,,,,,,,,,
eea0e665a44275f0d88d08a53a35ee62c91574f8c04127e1ae31c2972e15ba74,3,1.0,2.0,0.6666666666666666,2297.08,765.6933333333333,,,,,,,,,,,
eec2b09cff66d01fc573a4af3a4214eedd65d7dc13acc352777959b5b78d09a4,1,0.0,0.0,0.0,238032.68,238032.68,,,,,,,,,,,
eec48303a63f5e2399f78bd0103656ec905a37ca57060ad7d132f7e2269a9d6d,1,1.0,1.0,1.0,880.0,880.0,eec48303a63f5e2399f78bd0103656ec905a37ca57060ad7d132f7e2269a9d6d,2212900.0,MG,939267000000000.0,926753000000000.0,881.0,102000.0,960.0,13061.0,976.0,989.0
eec76c58ec07dd38491fbbf01d36aa6db1053d4cf5ef3091e00afe96734285b2,1,0.0,0.0,0.0,444.57,444.57,,,,,,,,,,,
eed51a2527f831cd697a953471dac213c930b9cf7467c2ee10b8de4a5c63bdf8,2,0.0,0.0,0.0,1647.0900000000001,823.5450000000001,,,,,,,,,,,
eee341af1a3c4266d9803eaf7e3a764c5dbe0ccb3459124740c00825d8b425c3,2,0.0,0.0,0.0,30272.68,15136.34,eee341af1a3c4266d9803eaf7e3a764c5dbe0ccb3459124740c00825d8b425c3,4634602.0,PR,9750000000000000.0,9210000000000000.0,957.0,2.14e+16,950.0,0.0,981.0,989.0
ef04cb2fa462c8682d5247c81ba05af517d8f3e673ef6bb94e93ffcdae33d7a4,1,62.0,62.0,1.0,202.58,202.58,,,,,,,,,,,
ef1d431b1e781ef2807e9c9ab8503f349790d070c2a65b47bf1fd3b453bec836,1,0.0,0.0,0.0,5025.98,5025.98,ef1d431b1e781ef2807e9c9ab8503f349790d070c2a65b47bf1fd3b453bec836,4672900.0,MG,9170000000000000.0,9400000000000000.0,941.0,1.93e+16,940.0,11971.0,972.0,987.0
ef242e140424d4ea202bdbab9ba908d3542bc6f86286799f1f3a348411c86d61,1,0.0,0.0,0.0,334.68,334.68,,,,,,,,,,,
ef37a033a594d6b5b9572a242f12df27f67d41c490d0c65c7ceefe96586a7b48,1,1.0,1.0,1.0,111.6,111.6,,,,,,,,,,,
ef3c16049a923b996db59ff3adfe2c78a38b5d875b57707a8b51dbd844a1d28b,1,8.0,8.0,1.0,1959.78,1959.78,ef3c16049a923b996db59ff3adfe2c78a38b5d875b57707a8b51dbd844a1d28b,4744099.0,CE,8320000000000000.0,5480000000000000.0,832.0,1.38e+16,910.0,17.0,938.0,987.0
ef3ee0a2bb80296505fa204b43ddf42c340c9a005225bfbc387c408cf025b39d,1,1.0,1.0,1.0,357.07,357.07,,,,,,,,,,,
ef47f1762b8806720704d75ac2afc1494f980fb21eba8d9845b5ddd4f1d5bfd2,1,0.0,0.0,0.0,2071.08,2071.08,ef47f1762b8806720704d75ac2afc1494f980fb21eba8d9845b5ddd4f1d5bfd2,4741500.0,RJ,9260000000000000.0,7190000000000000.0,921.0,2.18e+16,830.0,0.0,934.0,988.0
ef4ad5ade113c12006fe2b8999f9e3ed989203ab366b50df7abf9609064ff311,1,0.0,0.0,0.0,169.01,169.01,ef4ad5ade113c12006fe2b8999f9e3ed989203ab366b50df7abf9609064ff311,4723700.0,SP,50.0,50.0,568.0,0.0,50.0,0.0,299.0,621.0
ef62fb8244659bbae61bd9a52f38bda53ee5571746d32b5d2d641988b26fabbf,1,1.0,1.0,1.0,774.28,774.28,,,,,,,,,,,
ef64c7f59aaa9760853d43e1468833b27f35dd971c28ba0dbf8dbb18f3cb57f3,1,0.0,0.0,0.0,631.04,631.04,,,,,,,,,,,
ef6c53a7249dd5a2d6e66d0245ccf215a10bd854183d7e4ddffa1cbe9645d394,1,1.0,1.0,1.0,4982.54,4982.54,ef6c53a7249dd5a2d6e66d0245ccf215a10bd854183d7e4ddffa1cbe9645d394,6550200.0,SP,639751000000000.0,877380000000000.0,696.0,1.12e+16,850.0,18529.0,975.0,988.0
ef7b90a487cde4e5cc3a8550aa41549a77764300c23c699a1aa8eefd473e95c9,2,0.0,0.0,0.0,1112.37,556.185,,,,,,,,,,,
ef87d07d7f0155adccaf3faf29cf0811897da7558a95da9cda389eb2352b7904,1,0.0,0.0,0.0,231972.44,231972.44,,,,,,,,,,,
ef88192d65b6fb943ef261c566368e6f17fc6e9d402945c88033fc18d9e1b18d,1,3.0,3.0,1.0,10320.75,10320.75,ef88192d65b6fb943ef261c566368e6f17fc6e9d402945c88033fc18d9e1b18d,1121600.0,AL,5420000000000000.0,4650000000000000.0,443.0,1.17e+16,780.0,11463.0,871.0,986.0
efa35a6383a6e8ca3afddad7fe5abf79a54c94a66aae63a4e189e7ed77b1c555,2,13.0,19.0,1.0,1008.73,504.365,,,,,,,,,,,
efaa7aa6b2a6ec1d5c56375c330390ac4ef04ba32d6a59d4b93e49594fbdfc9b,1,0.0,0.0,0.0,678.46,678.46,efaa7aa6b2a6ec1d5c56375c330390ac4ef04ba32d6a59d4b93e49594fbdfc9b,4781400.0,PB,8330000000000000.0,9600000000000000.0,336.0,106750.0,440.0,0.0,440.0,910.0
efacacff9ca481a4ac3e2ae3395e4e1c6d82b6299420bf5d65b5a0512f5d0d58,1,64.0,64.0,1.0,1013.16,1013.16,,,,,,,,,,,
efcc48c99330de4d2d240e9ef9063105dadb05771ff3444faf334c59fc29a637,1,1.0,1.0,1.0,443.24,443.24,,,,,,,,,,,
efdd45da4828f388b33bcdaa2bb556e69c3d981c7c97eeee1e1c3c59dcc82ff6,1,0.0,0.0,0.0,455.71,455.71,,,,,,,,,,,
efdff0512dfea3691c16f26bbb180063514e9709cdb26be3fc7d53235e96b0bf,1,1.0,1.0,1.0,418.43,418.43,efdff0512dfea3691c16f26bbb180063514e9709cdb26be3fc7d53235e96b0bf,4742300.0,SC,9640000000000000.0,975655000000000.0,962.0,264875.0,960.0,0.0,983.0,987.0
efe7f1af3786a4c948815eb8e1054e631427243a1219d5364f6815de0afb8a3d,1,2.0,2.0,1.0,326172.0,326172.0,efe7f1af3786a4c948815eb8e1054e631427243a1219d5364f6815de0afb8a3d,4685100.0,SP,9440000000000000.0,5840000000000000.0,952.0,1.83e+16,950.0,4506.0,979.0,986.0
f01312f318efe39eaff3970a2d29602c0a6f9d2eaa097815321545ce093e60df,1,0.0,0.0,0.0,741.12,741.12,,,,,,,,,,,
f01ac7aace3ab47a017d4cd79cbb9424c96f314b91c4f31f1ea2201ec99ecf07,1,0.0,0.0,0.0,222.03,222.03,,,,,,,,,,,
f01e7a0630079f292566a297d74ca885168eebb5cf962bdd057abd329e6195ca,1,0.0,0.0,0.0,51221.44,51221.44,f01e7a0630079f292566a297d74ca885168eebb5cf962bdd057abd329e6195ca,4110700.0,SP,6250000000000000.0,4.45e+16,509.0,1.43e+16,670.0,43.0,808.0,984.0
f028d31578dcff55836e4510d4506cfd63be2dea393211ad393a6b7063dcf990,2,29.0,58.0,0.5,1527614.63,763807.315,f028d31578dcff55836e4510d4506cfd63be2dea393211ad393a6b7063dcf990,4644301.0,PR,3.39e+16,7350000000000000.0,121.0,7130000000000000.0,650.0,1648.0,152.0,970.0
f052905a64862f99018d18f52323264b4424bbbed20b713da3e01ae52152d3ff,1,0.0,0.0,0.0,14780.72,14780.72,f052905a64862f99018d18f52323264b4424bbbed20b713da3e01ae52152d3ff,2733300.0,SP,9330000000000000.0,8500000000000000.0,922.0,1.24e+16,970.0,0.0,974.0,988.0
f05300348c7ea89f82b828f711c534c5477a8a58c6dde2015eff89634c5d8245,1,2.0,2.0,1.0,974.08,974.08,f05300348c7ea89f82b828f711c534c5477a8a58c6dde2015eff89634c5d8245,4781400.0,RS,9930000000000000.0,50.0,949.0,2324375.0,970.0,0.0,981.0,988.0
f07447ec76b722e89084b4a1f3428d6b8a0da42a70779fe81407eecad5537dea,1,2.0,2.0,1.0,552.0,552.0,,,,,,,,,,,
f07db56e903c2d8d27e77c9f81c82b72879b7a9410663be61e542a5c97c7022e,1,0.0,0.0,0.0,2313.5,2313.5,f07db56e903c2d8d27e77c9f81c82b72879b7a9410663be61e542a5c97c7022e,4639701.0,PR,8910000000000000.0,8460000000000000.0,957.0,2240000000000000.0,960.0,4315.0,980.0,988.0
f0867b7f0257a838723f74df6476dd22fcc8dcf5c75b75c57f9b578f9edb0542,1,2.0,2.0,1.0,301.02,301.02,f0867b7f0257a838723f74df6476dd22fcc8dcf5c75b75c57f9b578f9edb0542,4771701.0,PR,8830000000000000.0,6570000000000000.0,961.0,2.27e+16,970.0,3574.0,964.0,986.0
f088ba3bf83d7f47a454c528ffb848749dc95869912ef466a763374e715e9a39,2,1.5,3.0,0.5,202.12,101.06,,,,,,,,,,,
f0cfee2444d0e92d20b235954f1b22ad23afc362ba74e4003c90b80489f08bf1,1,1.0,1.0,1.0,254.85,254.85,f0cfee2444d0e92d20b235954f1b22ad23afc362ba74e4003c90b80489f08bf1,4781400.0,MT,5120000000000000.0,3.64e+16,657.0,1410000000000000.0,940.0,3272.0,934.0,986.0
f0e7357029ccbc58f7f7b51670508481dcf99f7be31d16b1eac633ddb400a175,2,0.5,1.0,0.5,27963.08,13981.54,f0e7357029ccbc58f7f7b51670508481dcf99f7be31d16b1eac633ddb400a175,4722901.0,SP,9930000000000000.0,9340000000000000.0,964.0,2.07e+16,950.0,0.0,978.0,989.0
f0f8d4f3a941fa45c8d680410d6e26fa1d4d09f4cc78de84401bef82b103a3ad,5,0.2,1.0,0.2,3501.67,700.3340000000001,,,,,,,,,,,
f0ff26aaadc0861bd904e8a738045e10f9262e3dec2b2b47e4b5d0a521042d17,1,0.0,0.0,0.0,1506.45,1506.45,f0ff26aaadc0861bd904e8a738045e10f9262e3dec2b2b47e4b5d0a521042d17,4772500.0,SP,50.0,50.0,662.0,21000.0,250.0,0.0,67.0,900.0
f10333c266e841e4a4912abe6c477d264e184b9f7888143c3c5b045aee4d6e42,1,0.0,0.0,0.0,564.58,564.58,,,,,,,,,,,
f12f8837172ecf6ba52842556e72bba73bf241e70aa392d93aa58cc4708b4756,1,0.0,0.0,0.0,2240.0,2240.0,,,,,,,,,,,
f1417f6213297616f2750c68b2cf59cc7b4c9bef540a863d9b1cf46f6d23fc12,1,2.0,2.0,1.0,176.07,176.07,,,,,,,,,,,
f171edf576e2cafeeec2417e11aa21547163ba72a20e6262b4a156bf0c13a041,1,0.0,0.0,0.0,2204.6,2204.6,f171edf576e2cafeeec2417e11aa21547163ba72a20e6262b4a156bf0c13a041,4729699.0,RS,9900000000000000.0,6600000000000000.0,960.0,2.5e+16,980.0,3748.0,982.0,988.0
f175c7d7810f726fc2592f90a22d7965dea589c823b00b069b0e9f25da375ccc,1,0.0,0.0,0.0,6250.0,6250.0,f175c7d7810f726fc2592f90a22d7965dea589c823b00b069b0e9f25da375ccc,4673700.0,MG,9790000000000000.0,8130000000000000.0,962.0,233050.0,940.0,0.0,977.0,989.0
f1777d88e9a577309d2eedaa5862abdddcef72448246d4742713e7f275da0df3,1,18.0,18.0,1.0,18416.67,18416.67,,,,,,,,,,,
f17bb07cdc71bb29b695d36ff2a7471577e450534360a14dd6f6393685f7aeca,1,0.0,0.0,0.0,248.24,248.24,,,,,,,,,,,
f193340b6071defeb9c355f73730db061758c482392afc24bbeee7481654bcf1,1,3.0,3.0,1.0,517.33,517.33,f193340b6071defeb9c355f73730db061758c482392afc24bbeee7481654bcf1,4789005.0,MG,6090000000000000.0,9010000000000000.0,760.0,171760.0,870.0,30052.0,308.0,982.0
f1956a8a70f8085f42a982e810200413ed14a26ea163e43af4bc500ceed2ed73,2,0.0,0.0,0.0,1360.1,680.05,,,,,,,,,,,
f1a5ee8b7b451812bddbb67a84d16e0d1bda5e0b7c4bf24dad19d2d4a7f2a925,2,0.0,0.0,0.0,374481.27999999997,187240.63999999998,f1a5ee8b7b451812bddbb67a84d16e0d1bda5e0b7c4bf24dad19d2d4a7f2a925,4691500.0,MG,9880000000000000.0,9180000000000000.0,865.0,1.47e+16,930.0,916.0,952.0,988.0
f1b4032e3795521b7132fb810f754dcb0bc2b9a3054e721cfb87313376f68c0b,1,0.0,0.0,0.0,1551.67,1551.67,f1b4032e3795521b7132fb810f754dcb0bc2b9a3054e721cfb87313376f68c0b,2212900.0,MG,6970000000000000.0,549010000000000.0,902.0,130500.0,930.0,0.0,491.0,985.0
f1d1c9f362b314304e5b083916638ebf7cd41bbb802f24938e75c68edde1dda5,1,0.0,0.0,0.0,1397.5,1397.5,,,,,,,,,,,
f1e6e64fd53a2be555c24d5f6eb70e2fa0ff4209718ef4013b6444fa22457cef,1,0.0,0.0,0.0,187.5,187.5,,,,,,,,,,,
f1e7904b806709f76ac06a6c42d32e097d84c112abfb045483ba16b7916880f8,2,0.0,0.0,0.0,850.9100000000001,425.45500000000004,,,,,,,,,,,
f21cc83cec28622f350b3b388950cf17ec359777a16980eeddd00f06df7b96d3,1,0.0,0.0,0.0,373.68,373.68,,,,,,,,,,,
f22b3f975829fe1455c1578ded556c5c502e5915e09df86966dbc56ef22d89da,1,0.0,0.0,0.0,37733.2,37733.2,f22b3f975829fe1455c1578ded556c5c502e5915e09df86966dbc56ef22d89da,2599399.0,SP,9770000000000000.0,8930000000000000.0,786.0,2480000000000000.0,950.0,54.0,978.0,987.0
f242c80bc20e9565523100ce0c29e07cb480c292e46d39fe0002ea2e295f773e,1,0.0,0.0,0.0,3527.71,3527.71,f242c80bc20e9565523100ce0c29e07cb480c292e46d39fe0002ea2e295f773e,2599399.0,SP,910144000000000.0,943747000000000.0,960.0,2.38e+16,950.0,845.0,982.0,987.0
f2516057c8dd35fa1a55d2f5786f2f2757d7f0f9fccc3c488f5400a2479d561b,1,68.0,68.0,1.0,429.76,429.76,,,,,,,,,,,
f277435beb9b85f043b99a982f85b18199b8056b617cac4578aca9895ba13b59,1,0.0,0.0,0.0,2368.29,2368.29,f277435beb9b85f043b99a982f85b18199b8056b617cac4578aca9895ba13b59,4711302.0,PR,971832000000.0,7720000000000000.0,940.0,2.17e+16,970.0,417.0,967.0,989.0
f28b3781e9ee7bc3f359de65287cb1b9c962176340b74faef448b7edca43ff92,1,1.0,1.0,1.0,747.59,747.59,,,,,,,,,,,
f2908bd175183d88928a60a84d3a6ef40f683b087623e1a95a819ebdebbd256e,1,0.0,0.0,0.0,79000.0,79000.0,f2908bd175183d88928a60a84d3a6ef40f683b087623e1a95a819ebdebbd256e,2452100.0,SP,9940000000000000.0,9290000000000000.0,925.0,2.14e+16,960.0,1901.0,977.0,988.0
f2a8bb24174cb2f885bd433cd6e90386fcf06f21e587be1e898fd9ef4a704b22,3,0.0,0.0,0.0,2084.93,694.9766666666666,,,,,,,,,,,
f2b23d9b3ca408fc0ad6217183a8b67e1abcf9d43dfb12f2c344792991f41809,1,0.0,0.0,0.0,376.22,376.22,,,,,,,,,,,
f2d04d5759df1f70ad42d35c0f5cf080787ac3c6008b61ce6f50147fdd65ea41,1,36.0,36.0,1.0,390.32,390.32,,,,,,,,,,,
f2e6463628903318680e153fb457d52afa673df54475d3c24c53363988f5f884,1,0.0,0.0,0.0,286.21,286.21,f2e6463628903318680e153fb457d52afa673df54475d3c24c53363988f5f884,6311900.0,MG,7450000000000000.0,8750000000000000.0,577.0,9000.0,820.0,1000.0,440.0,984.0
f326b8f9dafe99d01a8a0ab07da0fdd2411202e36bc4d2d523d5f7d8f2c5abbf,1,0.0,0.0,0.0,631.99,631.99,,,,,,,,,,,
f32a8e048ef809ee2d4fcac6beea5e4d9be26c430119c126ab5824f5a9560edf,1,0.0,0.0,0.0,3066.53,3066.53,f32a8e048ef809ee2d4fcac6beea5e4d9be26c430119c126ab5824f5a9560edf,3250701.0,SP,9790000000000000.0,9910000000000000.0,958.0,2.49e+16,980.0,0.0,982.0,988.0
f331263797bc6c68350230e4d2a18fb7cbbb12cedb28d189dc6f23407262f610,3,3.3333333333333335,8.0,0.6666666666666666,20776.38,6925.46,,,,,,,,,,,
f358783fb3f4b6cc8ff611188cbb2a67d0908c42e3eb509389e4c560be8f07c5,1,0.0,0.0,0.0,480.8,480.8,f358783fb3f4b6cc8ff611188cbb2a67d0908c42e3eb509389e4c560be8f07c5,4711302.0,PR,9490000000000000.0,7420000000000000.0,962.0,1590000000000000.0,970.0,6633.0,981.0,988.0
f35ade4ff33f3242e2fc525a0a5351b4352b9334dd4d8a4a66d75cff829961d8,1,32.0,32.0,1.0,29640.0,29640.0,f35ade4ff33f3242e2fc525a0a5351b4352b9334dd4d8a4a66d75cff829961d8,4618499.0,RO,50.0,2930000000000000.0,141.0,1.36e+16,570.0,21661.0,314.0,885.0
f36443debb92aad96bef88801c40b21a8f7d411b9b731bd3e7a4b6d3f378b521,2,0.0,0.0,0.0,1177.54,588.77,,,,,,,,,,,
f36dcf5aaf10f99bbc19d7ea2070200df270fb71c9a3ee4fb3ddd0ecba9143fc,1,0.0,0.0,0.0,2375.0,2375.0,,,,,,,,,,,
f377245ced8832cbb81392f093f39e9c9b789be012db746b1e7074bf945c8f9b,1,0.0,0.0,0.0,345.51,345.51,,,,,,,,,,,
f378d9155d64c13530a0dd6281a4b2c5c90e81252d476e96aab8419a467416ec,1,0.0,0.0,0.0,89.33,89.33,,,,,,,,,,,
f39d29a8e4b43ea052d2decda2845da3a22b9d316a0ed8280ccb0f04fe95bede,4,0.25,1.0,0.25,44128.840000000004,11032.210000000001,f39d29a8e4b43ea052d2decda2845da3a22b9d316a0ed8280ccb0f04fe95bede,113000.0,SP,7880000000000000.0,7140000000000000.0,949.0,1850000000000000.0,950.0,249.0,979.0,989.0
f3a03e168596bcd21e7f0b807bc7f03faac178ac6bc171b24532680549b89fa8,2,0.0,0.0,0.0,2944.08,1472.04,f3a03e168596bcd21e7f0b807bc7f03faac178ac6bc171b24532680549b89fa8,4711302.0,SP,9900000000000000.0,983640000000000.0,964.0,213740000000000.0,980.0,251.0,983.0,988.0
f3b5d6617ceee3baa8e3d5e05366d7c6bb17c36c81f897896071369f5dfb1be5,1,0.0,0.0,0.0,55.88,55.88,,,,,,,,,,,
f3bcedc95a72d3a81ed70647fed5099a0d70dfd7d7db7c88366916eff3f2ae9f,1,0.0,0.0,0.0,2112.62,2112.62,f3bcedc95a72d3a81ed70647fed5099a0d70dfd7d7db7c88366916eff3f2ae9f,4731800.0,MT,9900000000000000.0,6890000000000000.0,948.0,1760000000000000.0,930.0,875.0,952.0,987.0
f3d80c24b84c14c88fbcc84ac2ae29bdc1f8c83f42129613c830e98d847f84d0,1,0.0,0.0,0.0,4250.0,4250.0,f3d80c24b84c14c88fbcc84ac2ae29bdc1f8c83f42129613c830e98d847f84d0,2452100.0,RS,9770000000000000.0,1000.0,930.0,242625.0,930.0,0.0,970.0,988.0
f3fa1c26842f1285f2d7be2a5b35137bb5ec05ef8621c0cfb592e7a2995ee57d,1,0.0,0.0,0.0,118.68,118.68,,,,,,,,,,,
f409f1f9d20b849c837ec5441015b26e99221540a4e8c158fdcad615805eef39,1,0.0,0.0,0.0,320.8,320.8,f409f1f9d20b849c837ec5441015b26e99221540a4e8c158fdcad615805eef39,4711302.0,SC,9760000000000000.0,973538000000000.0,965.0,2.32e+16,960.0,13678.0,982.0,989.0
f41c10c19f6ddbe370c114dbfc1f10ee9228d7756aadf051d9ee21186378165d,3,0.3333333333333333,1.0,0.3333333333333333,208325.08,69441.69333333333,f41c10c19f6ddbe370c114dbfc1f10ee9228d7756aadf051d9ee21186378165d,2592602.0,SC,9990000000000000.0,9700000000000000.0,943.0,181700.0,950.0,69.0,971.0,989.0
f436a9146ab28af5ce7e7e124c4b62efdfeb76ec008e80ee37ed6ad00070023c,1,0.0,0.0,0.0,916.94,916.94,,,,,,,,,,,
f440f38d44504cf229977ec3b63a9c6134cfdb1239d233cb63321ea3b1eb5783,1,1.0,1.0,1.0,869.22,869.22,,,,,,,,,,,
f442944f7b4ef7a197b97340b74f5f451b8a10f7674701de3d4252be7fd3b087,3,0.0,0.0,0.0,103484.65000000001,34494.88333333334,f442944f7b4ef7a197b97340b74f5f451b8a10f7674701de3d4252be7fd3b087,2852600.0,SP,9960000000000000.0,9530000000000000.0,943.0,2.26e+16,980.0,561.0,981.0,989.0
f4652e1bf28262b6a376b93b84ff4daf7788f5ca5be3c96f0f95bc5845900a6e,1,8.0,8.0,1.0,178.0,178.0,,,,,,,,,,,
f4877f95279e308cd61b12e1de22c2b7415f8a7081b7c44062fe6b7b8c7e7a37,1,0.0,0.0,0.0,145.66,145.66,,,,,,,,,,,
f49fa9b157b596253da2dd7b10f5cc85c569045798c249c7edd60b637f6906d6,1,0.0,0.0,0.0,710.88,710.88,,,,,,,,,,,
f4a5fa38cddf9af0310513d30dd558edf3ca913c49272e4fbc21eba808b3fe7d,1,0.0,0.0,0.0,1497.6,1497.6,f4a5fa38cddf9af0310513d30dd558edf3ca913c49272e4fbc21eba808b3fe7d,1813001.0,SP,9150000000000000.0,6280000000000000.0,921.0,1.64e+16,910.0,44924.0,970.0,989.0
f4a8cc21b60f6ab3eac4174b04232b4bebfafa1028ca755e466f087023679511,1,0.0,0.0,0.0,302.22,302.22,f4a8cc21b60f6ab3eac4174b04232b4bebfafa1028ca755e466f087023679511,4742300.0,SC,9580000000000000.0,8560000000000000.0,944.0,2.37e+16,980.0,6452.0,983.0,988.0
f4ce478cdc9df331ce700da9f5c0ded89fb36738101c375d75d8d36e0353d072,1,5.0,5.0,1.0,1177.37,1177.37,f4ce478cdc9df331ce700da9f5c0ded89fb36738101c375d75d8d36e0353d072,1813099.0,SP,1.16e+16,1000.0,191.0,55000.0,670.0,7669.0,132.0,955.0
f4dc720dc5a25dbba6cd36b1e4d8953fb566439de7b26b9910e6a2db8f0578ed,1,0.0,0.0,0.0,972.58,972.58,,,,,,,,,,,
f50a59c333b5b78d34f4ab03f33bcd9d518360040b19883cf8c175331c0fd899,1,0.0,0.0,0.0,2658.18,2658.18,f50a59c333b5b78d34f4ab03f33bcd9d518360040b19883cf8c175331c0fd899,1412601.0,GO,9400000000000000.0,7670000000000000.0,851.0,1820000000000000.0,850.0,0.0,958.0,987.0
f542087f72de9f49e9fe3a9f10f87ed9129dfbc61730c2fb04650ffd373a5a60,1,0.0,0.0,0.0,289.7,289.7,f542087f72de9f49e9fe3a9f10f87ed9129dfbc61730c2fb04650ffd373a5a60,4744099.0,SC,9780000000000000.0,8730000000000000.0,945.0,2.73e+16,990.0,0.0,978.0,988.0
f549de7c42c29e74bc21066baca411904a9708ca71cf25180c8ad976b6184fe1,1,0.0,0.0,0.0,448.31,448.31,,,,,,,,,,,
f55481f2488a055cf258338082950b66ac8545935cf04a3a00ccc803bfde337d,1,0.0,0.0,0.0,2463.93,2463.93,f55481f2488a055cf258338082950b66ac8545935cf04a3a00ccc803bfde337d,2821601.0,SP,9170000000000000.0,4.97e+16,952.0,2.31e+16,930.0,2137.0,979.0,989.0
f55fd541394e848f1116eb71d329f742a973d7ec5abfcade49e013487cb43529,1,0.0,0.0,0.0,912.54,912.54,,,,,,,,,,,
f57e9ece4a53e9784568938e38f7922dfc6d26c9b0d9952d79cd6505f172718f,1,0.0,0.0,0.0,547.26,547.26,,,,,,,,,,,
f5a658cad4060d76599d9e6f1619d584da719f2815f0a5cc7de379c1a19c61dc,2,8.5,10.0,1.0,196.88,98.44,,,,,,,,,,,
f5acee04c33a64c81aaae11847d8f1e2a229996e4cdc5b324d5dc9b99b954f86,1,2.0,2.0,1.0,724.94,724.94,,,,,,,,,,,
f5afd055131b9db08283eec583bd04df8d1f0101161c7a610d9796eb39188912,1,0.0,0.0,0.0,3344.0,3344.0,,,,,,,,,,,
f5b81d65be2d53645f4b7edeaf80932f7a0e394807341769be206823a16576cf,2,0.0,0.0,0.0,977.84,488.92,,,,,,,,,,,
f5c1faa8bde566754f0fa35c4fe3b11f935360080949f2851a377c2792373210,1,0.0,0.0,0.0,18709.21,18709.21,f5c1faa8bde566754f0fa35c4fe3b11f935360080949f2851a377c2792373210,3600601.0,PR,5550000000000000.0,7580000000000000.0,93.0,1.16e+16,310.0,5682.0,56.0,968.0
f5dec799a6d6b89226de0a7ab9d1c103b499db63d3f6302ee8e7d16318e7f507,1,0.0,0.0,0.0,197.76,197.76,f5dec799a6d6b89226de0a7ab9d1c103b499db63d3f6302ee8e7d16318e7f507,4530701.0,RS,1000.0,9890000000000000.0,955.0,182500.0,940.0,0.0,983.0,988.0
f5e33f1af43508aa63bb1fe07effcd242a3c3e6f2ad0f92e92e986339d3e542c,1,0.0,0.0,0.0,375.99,375.99,,,,,,,,,,,
f5fd3dafd65049ef5ade33a69c5105462c97324b937f8c4424a8c6b1ad38de75,1,0.0,0.0,0.0,306.0,306.0,f5fd3dafd65049ef5ade33a69c5105462c97324b937f8c4424a8c6b1ad38de75,4511102.0,SP,9730000000000000.0,1000.0,956.0,2280000000000000.0,970.0,0.0,976.0,986.0
f5fe92721356486d2dd25032645fabd3423f28faf6ad8d9981eabc063a2a2a8a,1,0.0,0.0,0.0,444.41,444.41,f5fe92721356486d2dd25032645fabd3423f28faf6ad8d9981eabc063a2a2a8a,1412601.0,RS,9010000000000000.0,8350000000000000.0,921.0,1.67e+16,870.0,4307.0,940.0,988.0
f60a21cf4de5dc9ab0a20425f7f57e199c3d22effe956084451746b5a0bcf5f8,2,0.0,0.0,0.0,1127.8,563.9,,,,,,,,,,,
f618694ac43d81f84c8f8cbf12d07a0f7320a4bf03f08632787693c9ce068f66,1,0.0,0.0,0.0,349.08,349.08,,,,,,,,,,,
f61b1df90deab395d9705117373611ec2353e4e88ad135e46a9f12e0663f9a5b,2,0.0,0.0,0.0,7243.5,3621.75,f61b1df90deab395d9705117373611ec2353e4e88ad135e46a9f12e0663f9a5b,4731800.0,RJ,9840000000000000.0,1000.0,965.0,2.34e+16,900.0,0.0,974.0,988.0
f62ff4b3beea7286958474133e28f6f3c36cd2f5678160a12bce048feab68afe,1,0.0,0.0,0.0,309.38,309.38,,,,,,,,,,,
f642ec85eb9b06d5d9dda783e8e037bc9a46407abc57ef001a7d73fa5d23153e,1,1.0,1.0,1.0,796.4,796.4,,,,,,,,,,,
f64726ba40bb8a925f9b74454e16a937cc68c720086939bdb383adffdfcc74d2,1,0.0,0.0,0.0,153.21,153.21,,,,,,,,,,,
f67b9fe57c99a1084ad10616ff98409fc0396d714066b728bae340e5381ee645,9,0.0,0.0,0.0,41133.48,4570.386666666667,,,,,,,,,,,
f69c0e4721cbc477b9547a577a0a9617ea34873d48186ff2f91b4618cb159a7a,3,0.0,0.0,0.0,1952.1599999999999,650.7199999999999,,,,,,,,,,,
f6af555951fa77d30a487197f28fe725b6a10744dc8213cf3e35829e4e5a9a0d,7,0.0,0.0,0.0,72470.04,10352.862857142856,f6af555951fa77d30a487197f28fe725b6a10744dc8213cf3e35829e4e5a9a0d,3101200.0,RS,9660000000000000.0,9110000000000000.0,952.0,2.18e+16,950.0,86.0,978.0,988.0
f6b960021caeacfd023f1c04233fa268d879706062f24de09dbffefc634bb774,1,0.0,0.0,0.0,20300.0,20300.0,f6b960021caeacfd023f1c04233fa268d879706062f24de09dbffefc634bb774,4691500.0,AC,892886000000000.0,7960000000000000.0,916.0,107500.0,950.0,0.0,980.0,988.0
f6ba0cfcf63ab90b4895b8bdf2dfce584ab02c5d6b875116f7d7ba470bc7c902,1,4.0,4.0,1.0,30.18,30.18,,,,,,,,,,,
f6d3b2b02d1863d098926a188aa64a1d6d5b1a47dcf44e222beb50894ca7bace,4,1.0,2.0,0.5,1475.32,368.83,,,,,,,,,,,
f712041de72800d6e29febc4b16551ae4b0c469f72719ddad71f24f42d2a4c57,1,0.0,0.0,0.0,805.14,805.14,,,,,,,,,,,
f73ababcacc1730d5c1c9215847c4b76188c95ef815547a4cc07f71d5892fef0,2,0.0,0.0,0.0,139.74,69.87,,,,,,,,,,,
f73c2bcb7c964e50d4f5f3098661f5fe7594a30b602e74907b7addc212c32dbb,1,0.0,0.0,0.0,119.2,119.2,,,,,,,,,,,
f73c7b5dbd6a6ce6f0de1f258c1fd694b11c2abf1b7885c80023ff698b0f7f4b,1,0.0,0.0,0.0,956.16,956.16,,,,,,,,,,,
f741c92a8fd9a59d61ad1e7917d70a4d2bdd75e967cdebe7357f84cc408bddfd,2,0.0,0.0,0.0,4304.34,2152.17,f741c92a8fd9a59d61ad1e7917d70a4d2bdd75e967cdebe7357f84cc408bddfd,4120400.0,ES,924459000000000.0,5730000000000000.0,695.0,1.16e+16,950.0,898.0,949.0,987.0
f74a81705605d7c91556ff7004442f2258210d9010e0bdb0d800befc85ab7550,1,0.0,0.0,0.0,155785.56,155785.56,f74a81705605d7c91556ff7004442f2258210d9010e0bdb0d800befc85ab7550,1359600.0,MG,9210000000000000.0,8800000000000000.0,926.0,2.09e+16,950.0,2615.0,983.0,988.0
f7707daa9f0cc2425803777c6f1d5e4ea9f1baa605c28f2cdc425be02a7cdf43,1,1.0,1.0,1.0,95.36,95.36,,,,,,,,,,,
f77ca405a3e69c050274ee930e83bc96d4e2ba7e9b700907ba52f95b943400fb,2,0.0,0.0,0.0,484.78999999999996,242.39499999999998,,,,,,,,,,,
f78c950b62f1854ff57afca16824cbf551dc88c5c15acc970f6e82ee5ba253b1,1,0.0,0.0,0.0,95.28,95.28,f78c950b62f1854ff57afca16824cbf551dc88c5c15acc970f6e82ee5ba253b1,4771701.0,PR,9690000000000000.0,9160000000000000.0,951.0,2.2e+16,980.0,0.0,980.0,988.0
f7c885274592fbc9cf6144e20d8d544d6e56c1aa769a4219df770ff9bb806796,1,0.0,0.0,0.0,450.02,450.02,,,,,,,,,,,
f7d95d6b88ec86159e158c4a20c11f26d24944a606c9bf7f9c8364649640ce42,1,0.0,0.0,0.0,379.29,379.29,,,,,,,,,,,
f7ec3c9356435ae0cc42c2f6e974319ca7da11bdf5c8d37d914df5633a24e6b5,1,1.0,1.0,1.0,1001.75,1001.75,f7ec3c9356435ae0cc42c2f6e974319ca7da11bdf5c8d37d914df5633a24e6b5,4781400.0,MT,9160000000000000.0,3610000000000000.0,923.0,233250.0,920.0,0.0,963.0,988.0
f7f005f208cd73d0f3f9d41ff4cf782af59e8107174c2c5f4e1838752b858503,3,3.6666666666666665,10.0,0.6666666666666666,3052.6499999999996,1017.5499999999998,f7f005f208cd73d0f3f9d41ff4cf782af59e8107174c2c5f4e1838752b858503,4644301.0,PR,5020000000000000.0,7890000000000000.0,341.0,9600000000000000.0,840.0,12122.0,206.0,983.0
f7fb69836b73acb417699b4fe566a7274206d214cd53504ecc42051d2405a6d8,2,1.0,2.0,0.5,1849.59,924.795,,,,,,,,,,,
f7fcd0fe30fbfa2cde035739a96fc28074013fad4a805e8fd8b02af396b43a7a,1,0.0,0.0,0.0,266.8,266.8,,,,,,,,,,,
f811e4f716c4ef5321b35fc5bc1ee549bbc036a65b202e9b2ebd1989afff0be7,1,0.0,0.0,0.0,313.05,313.05,f811e4f716c4ef5321b35fc5bc1ee549bbc036a65b202e9b2ebd1989afff0be7,4742300.0,SC,9900000000000000.0,1000.0,942.0,1.63e+16,960.0,0.0,982.0,988.0
f85c68bcca5ec9c2b59e9f17449dae663657849361609fa6851a564858aeb384,1,0.0,0.0,0.0,52.98,52.98,,,,,,,,,,,
f88cc2b7c742c21f5bdea4a249d5ea2ab6baaf1df8ad34bd0a4382860d8b16aa,1,0.0,0.0,0.0,2472.88,2472.88,,,,,,,,,,,
f88ef2c49d10a7b948224b81134d029ce5f7ba8ad3785903d2ea5897d702c4d5,1,0.0,0.0,0.0,305.9,305.9,,,,,,,,,,,
f8a279c66b7da36f95ec86e317cb70e2fab726ffb5aef130490929e1dbce9ca3,1,0.0,0.0,0.0,91867.55,91867.55,,,,,,,,,,,
f8aa9452da7c5f2e4b4fb5158fa428d33f570ba06c051bbf420d2de139257f81,1,5.0,5.0,1.0,975.12,975.12,,,,,,,,,,,
f8af5051d19b7272e8d7b12aaf41a25a1c9ef78f08b86e2f88b6e57a5644c2c6,1,2.0,2.0,1.0,216.66,216.66,f8af5051d19b7272e8d7b12aaf41a25a1c9ef78f08b86e2f88b6e57a5644c2c6,4771701.0,PR,6210000000000000.0,9960000000000000.0,875.0,2310000000000000.0,930.0,381.0,968.0,988.0
f8b085586559a6e43c3b9fc03da84af42f8e3e75408e13b13d13f845e8cc53d3,1,0.0,0.0,0.0,446.05,446.05,f8b085586559a6e43c3b9fc03da84af42f8e3e75408e13b13d13f845e8cc53d3,2731700.0,SC,9500000000000000.0,7960000000000000.0,948.0,2.37e+16,960.0,26819.0,982.0,989.0
f8b88dd4ed4eb4908c02821dd93903af61a6f39dbdb4cde8f87afd697d5a421d,2,0.0,0.0,0.0,1120.9,560.45,f8b88dd4ed4eb4908c02821dd93903af61a6f39dbdb4cde8f87afd697d5a421d,4742300.0,SC,971531000000000.0,7480000000000000.0,929.0,2.07e+16,980.0,6265.0,982.0,988.0
f8e7968108e6308b8ba7059969e8bdc14f9e6348bf7422c0798868ff81c33e9d,1,2.0,2.0,1.0,9782.01,9782.01,,,,,,,,,,,
f8ec76c5b36d2a8ce7bba40c6d20271167ead96ccdb690329692f0911a82fc1f,2,0.0,0.0,0.0,99914.25,49957.125,f8ec76c5b36d2a8ce7bba40c6d20271167ead96ccdb690329692f0911a82fc1f,2733300.0,SP,9930000000000000.0,1000.0,940.0,2.06e+16,950.0,0.0,981.0,989.0
f8f0afa4155240723167b6c560a891f67ea5b6b9421193c0ebbf70f35a303720,1,0.0,0.0,0.0,34749.0,34749.0,f8f0afa4155240723167b6c560a891f67ea5b6b9421193c0ebbf70f35a303720,4635402.0,SP,9840000000000000.0,9600000000000000.0,957.0,210400.0,980.0,0.0,979.0,988.0
f8ff95abd5fd70ac33b711d4f50bfcd792bf9db95985e587da7b62c80ff8d905,1,0.0,0.0,0.0,62.15,62.15,,,,,,,,,,,
f935dc9e66b49c21d9f3fea12cf54233899caefd1af2400404528cda38286d6f,1,0.0,0.0,0.0,196.1,196.1,,,,,,,,,,,
f93845328865b516e4e9271e5d38552f8d4f044d24a8023e75819e4f18f77fd8,2,1.5,3.0,0.5,172.47,86.235,,,,,,,,,,,
f93b21d4123ede87f908e286b0812d900a9fbf5fa0d2d7ef57b6593dafec41bc,11,0.45454545454545453,2.0,0.2727272727272727,93206.53,8473.32090909091,f93b21d4123ede87f908e286b0812d900a9fbf5fa0d2d7ef57b6593dafec41bc,4647801.0,SP,8480000000000000.0,9610000000000000.0,955.0,152600.0,960.0,32094.0,981.0,988.0
f94c544d5170c935050a602452f2cde34a32deaa9dda061016d2048c6cf0c4ec,1,0.0,0.0,0.0,432.78,432.78,,,,,,,,,,,
f94fa69be3d8e371ced6237456932fbf00c1071d91ff52eabd337232201b07e1,3,0.3333333333333333,1.0,0.3333333333333333,457.98,152.66,,,,,,,,,,,
f9517b71d00fdd1232c01a3f0081b60e0bdf3f5d168d73e351c66c133c92e1f1,23,0.4782608695652174,2.0,0.30434782608695654,157765.84,6859.384347826087,f9517b71d00fdd1232c01a3f0081b60e0bdf3f5d168d73e351c66c133c92e1f1,4530701.0,SP,9790000000000000.0,9470000000000000.0,964.0,2.48e+16,980.0,285.0,984.0,989.0
f9544bae603ca1f1191046954ea90b998ffc323efda907fd71562004e4043f70,1,4.0,4.0,1.0,344.34,344.34,,,,,,,,,,,
f99f61c1d662644eb8368d9e6aedb6422ae099a9ede0d7ac6647bbc7339bd176,1,0.0,0.0,0.0,10650.0,10650.0,f99f61c1d662644eb8368d9e6aedb6422ae099a9ede0d7ac6647bbc7339bd176,4661300.0,MT,9360000000000000.0,2.35e+16,950.0,2.34e+16,960.0,0.0,981.0,989.0
f9da53b7fbe50b913a5386b94aa45b28fc1c6ca840004173447bea44760593a4,3,1.3333333333333333,2.0,0.6666666666666666,486.54,162.18,,,,,,,,,,,
f9e7dc3e0c0c2fdf842dd97b62952df1a6dc49a55671652d74c8abeff67802ff,1,0.0,0.0,0.0,1586.0,1586.0,f9e7dc3e0c0c2fdf842dd97b62952df1a6dc49a55671652d74c8abeff67802ff,4761003.0,MS,9860000000000000.0,8280000000000000.0,937.0,229500.0,970.0,0.0,976.0,989.0
fa2bde1b470b17794292ac267b539f7d45bdbd952189fc03358e85a2d365f248,1,0.0,0.0,0.0,107251.2,107251.2,,,,,,,,,,,
fa3b553a4f0c360c27c1f1fcf21eb0b13a2bd822ed8060717e5d8c320d7f5914,1,0.0,0.0,0.0,620.51,620.51,,,,,,,,,,,
fa508a82fb3595f9ddc13d8a41ab5b6e37d3666b90e88bc52bcb56d9fe2d4a91,10,50.9,219.0,0.6,945207.63,94520.763,fa508a82fb3595f9ddc13d8a41ab5b6e37d3666b90e88bc52bcb56d9fe2d4a91,1066000.0,MG,1.44e+16,8400000000000000.0,80.0,6880000000000000.0,410.0,15443.0,41.0,733.0
fa85c2ff9c59a7389e2f0dd71e4263d261831823750cb498ceb4da7fbbd5bf79,1,0.0,0.0,0.0,464.75,464.75,,,,,,,,,,,
fa86b8217530015d8f85c805a8ac174e4e6f51f9d90aeb1038e0b4d2038bb752,1,0.0,0.0,0.0,5080.06,5080.06,,,,,,,,,,,
fa95158d464d27cd5cc9db640fa78280d0b1537d52b33e862193ad0dde6e1e00,3,0.3333333333333333,1.0,0.3333333333333333,21909.940000000002,7303.313333333334,fa95158d464d27cd5cc9db640fa78280d0b1537d52b33e862193ad0dde6e1e00,2222600.0,RJ,6170000000000000.0,9470000000000000.0,812.0,91250.0,800.0,0.0,936.0,989.0
fa9979fa1c85da98c098208fe12df8f84aab250a1eb311325b203e812787d701,1,0.0,0.0,0.0,7449.75,7449.75,fa9979fa1c85da98c098208fe12df8f84aab250a1eb311325b203e812787d701,2222600.0,SP,9060000000000000.0,9660000000000000.0,943.0,243040.0,920.0,195.0,974.0,988.0
fab6856a3c9ef04db29a0b599aadd22204836f3eccbde9a95fa871562b62c2c3,1,0.0,0.0,0.0,2108.16,2108.16,,,,,,,,,,,
fb18b1a92339e5933167e864cfd8153b3848d38a8f8b294dbd3da7d7a6d8ca8c,1,0.0,0.0,0.0,949.3,949.3,,,,,,,,,,,
fb2ffbb4325159b1892ef02266434c9557f1aa4cbe92f22522df3453149b2f15,3,0.0,0.0,0.0,17221.34,5740.446666666667,,,,,,,,,,,
fb32529a62186f64e34f5402ff18af7ca1dfe6fef0719a40f96c5d777ccdc67e,5,12.4,62.0,0.2,132305.41999999998,26461.083999999995,fb32529a62186f64e34f5402ff18af7ca1dfe6fef0719a40f96c5d777ccdc67e,1091101.0,MG,8060000000000000.0,7920000000000000.0,914.0,2.19e+16,950.0,6194.0,967.0,988.0
fb434a60ae74fa4b1e64330d2e26031ee49973f86e8d4ffe86736265ef3207a7,1,0.0,0.0,0.0,3435.52,3435.52,fb434a60ae74fa4b1e64330d2e26031ee49973f86e8d4ffe86736265ef3207a7,2862300.0,MT,9890000000000000.0,9630000000000000.0,829.0,1.59e+16,860.0,0.0,966.0,988.0
fb787755984077cf34f9ad861975e8f482e7b4e2c9991c315194c560f006a496,1,10.0,10.0,1.0,337.36,337.36,,,,,,,,,,,
fb79d3b10a80b9c9450533e8795ff8a54cfa242ca3e188c84da2748bdaf39f46,2,0.0,0.0,0.0,2506.5,1253.25,,,,,,,,,,,
fb7a680ac996526155eb5e331e54423c12e51ed10ac41d0099b2416430abbe24,1,0.0,0.0,0.0,414.33,414.33,fb7a680ac996526155eb5e331e54423c12e51ed10ac41d0099b2416430abbe24,4744005.0,SP,9930000000000000.0,9520000000000000.0,943.0,3.13e+16,970.0,0.0,972.0,988.0
fb83027a4797991c7add3eda05b1044b2026f96039b55002324ff868409adf83,1,1.0,1.0,1.0,1292.81,1292.81,,,,,,,,,,,
fb92dafb5de282d82320ac287d2ea7f6741a3f6b41754f099d28ce82acc41682,1,20.0,20.0,1.0,336.24,336.24,,,,,,,,,,,
fb98305bb7466c07054384b19a2411562b569e6d9a40e03de22a9e64cf100031,2,0.0,0.0,0.0,1692.9099999999999,846.4549999999999,,,,,,,,,,,
fb9e7e3ece5b5619e2feabeab557f7f0ff7f5aa9a47225c8a377add0a31af79c,1,0.0,0.0,0.0,315.62,315.62,,,,,,,,,,,
fba0fa40c56bff94067c7727950cec278ef4f704d98d60958f5abaef4f5d3cbf,1,0.0,0.0,0.0,1910.58,1910.58,fba0fa40c56bff94067c7727950cec278ef4f704d98d60958f5abaef4f5d3cbf,4647801.0,CE,9570000000000000.0,8800000000000000.0,964.0,2.1e+16,980.0,7278.0,983.0,988.0
fbb6180b0338cd357ee3e350a1167dd1f2c60a99669f29b3c0aff7ee3b5b1f4b,1,0.0,0.0,0.0,412.0,412.0,fbb6180b0338cd357ee3e350a1167dd1f2c60a99669f29b3c0aff7ee3b5b1f4b,6920601.0,DF,9290000000000000.0,6740000000000000.0,807.0,26000.0,850.0,30144.0,802.0,983.0
fbcfbf2893ee6315e97cba7bce90814a78a1df58306012745ef44e6ab0fffd5c,1,0.0,0.0,0.0,2462.7,2462.7,fbcfbf2893ee6315e97cba7bce90814a78a1df58306012745ef44e6ab0fffd5c,4639701.0,PR,9540000000000000.0,9350000000000000.0,958.0,2.17e+16,980.0,2543.0,982.0,989.0
fc0f7c7233449ddbcbbc85b499e130cb386ca1f3800fc279cbda993af94e7e42,1,0.0,0.0,0.0,1300.35,1300.35,,,,,,,,,,,
fc247c092bbf069b75cbc35f8e86c18f4bd31bb868abe9c71c62e42b7c2ab8a6,1,7.0,7.0,1.0,532.99,532.99,,,,,,,,,,,
fc3431065054652c0dfbe109bf5ffe41bb33d0655ceafe2cb6977bb42a4dc71e,1,0.0,0.0,0.0,187.2,187.2,,,,,,,,,,,
fc4d476a0f1a8b8ef6dd94b985880b55e091f54e9149ebd9d72c806e0f5d05e4,1,0.0,0.0,0.0,194.72,194.72,fc4d476a0f1a8b8ef6dd94b985880b55e091f54e9149ebd9d72c806e0f5d05e4,8512100.0,SP,913889000000000.0,889291000000000.0,913.0,199625.0,940.0,0.0,979.0,989.0
fc6ee0ea0b020897290ba2d5959788a4703053f988a65f8423d2a6511f865532,2,0.0,0.0,0.0,615.04,307.52,,,,,,,,,,,
fc7086bdd1311e0fc4bc5f2d40be83030171a926292cfb062f0682dc565489c2,4,0.0,0.0,0.0,119119.2,29779.8,fc7086bdd1311e0fc4bc5f2d40be83030171a926292cfb062f0682dc565489c2,1330800.0,SC,9850000000000000.0,8490000000000000.0,954.0,2.15e+16,960.0,0.0,979.0,988.0
fc8f764a109880de2f1264fa2498a233dc8dfdca6014f09eadec6c9c95b9eacb,1,2.0,2.0,1.0,50014.24,50014.24,,,,,,,,,,,
fc921a19f63549bd70112eb4d6159986c99a80210682b2d8d58bcfa9d7d0b8f9,1,1.0,1.0,1.0,4210.2,4210.2,fc921a19f63549bd70112eb4d6159986c99a80210682b2d8d58bcfa9d7d0b8f9,1412601.0,SP,9460000000000000.0,1000.0,902.0,1730000000000000.0,950.0,0.0,978.0,989.0
fc9f52bb6bc649f59fe142a9182449c65d087de0a317df006e0324e0f1c6e09f,1,1.0,1.0,1.0,83.12,83.12,fc9f52bb6bc649f59fe142a9182449c65d087de0a317df006e0324e0f1c6e09f,4771701.0,PR,9940000000000000.0,1000.0,963.0,2.7e+16,980.0,0.0,982.0,989.0
fcad7f442064de55b081d955358cecdc9eaa363486bed08410ee5c85024acd96,1,0.0,0.0,0.0,434.58,434.58,,,,,,,,,,,
fcb393c510c689c5e6333559dad2e879f4435778237f41015baf58d392b7d273,1,0.0,0.0,0.0,311.78,311.78,,,,,,,,,,,
fcb7fd33c759ab853daaefe3d7928659c36f14d9e1a96e52149bd41ef3352986,2,0.0,0.0,0.0,1761.74,880.87,fcb7fd33c759ab853daaefe3d7928659c36f14d9e1a96e52149bd41ef3352986,4729699.0,SP,1000.0,8730000000000000.0,928.0,166200.0,890.0,0.0,976.0,988.0
fcdcaca89a3f6840d32bd6f81cf8c8c7cc7baf98a9fa60f24ac6bad47fdea384,1,1.0,1.0,1.0,15500.83,15500.83,,,,,,,,,,,
fd1a62505b2b1ef184893660648062f69b56e36f1e43c9a9d2f122db5676779b,1,3.0,3.0,1.0,124.1,124.1,,,,,,,,,,,
fd4741b5b8df0000547302de61902ad1053b382ca75aaad6abdf20739231bab4,1,0.0,0.0,0.0,467.47,467.47,,,,,,,,,,,
fd6a6bfa838d16c4d21ba87341af175abaec9abc7b6445fa7394fdc20369be58,1,0.0,0.0,0.0,2420.33,2420.33,,,,,,,,,,,
fd7b03a76de959496c2d06fed68cf62d5486dac4a20e50248129c8b2a876b550,1,0.0,0.0,0.0,4023.9,4023.9,fd7b03a76de959496c2d06fed68cf62d5486dac4a20e50248129c8b2a876b550,1011201.0,MS,9920000000000000.0,873720000000000.0,923.0,2.02e+16,950.0,1413.0,980.0,988.0
fd9490eedf5cea0f99fcae890de6cd3ba45aeb7b892e1db9f0e9e113484ad410,2,0.5,1.0,0.5,842.6899999999999,421.34499999999997,,,,,,,,,,,
fd9e551ab505e55ff6ea7c2f298073850cbfad918a32b916b18610d03eb656da,1,0.0,0.0,0.0,248.26,248.26,,,,,,,,,,,
fdbace054db181e3eefcf02ceac96c788397bb99fbba0d8ef0f3f69a8ee75bbd,1,0.0,0.0,0.0,312.16,312.16,,,,,,,,,,,
fdbfb416375014d2d53d8d1e034e3dbe7d3badf00f0ce1024eb6eb9f7e12b54a,1,0.0,0.0,0.0,155.58,155.58,,,,,,,,,,,
fdccda00552fde5cfd0bb1ac2f14532b6d644ccb16c7f42da9388d881264de8d,1,0.0,0.0,0.0,608.97,608.97,fdccda00552fde5cfd0bb1ac2f14532b6d644ccb16c7f42da9388d881264de8d,4722901.0,GO,9740000000000000.0,1000.0,949.0,259000.0,930.0,0.0,968.0,988.0
fdcdd82be822e68269f1a1ea249e9ec32eda52695ab3fab14e435c58f136eb68,1,0.0,0.0,0.0,9528.37,9528.37,fdcdd82be822e68269f1a1ea249e9ec32eda52695ab3fab14e435c58f136eb68,3104700.0,MG,9880000000000000.0,9050000000000000.0,957.0,2.15e+16,960.0,192.0,979.0,989.0
fdd1621bb8ef50441600981b877dbb29e041997ea380a06a89db65acb9747e22,2,52.0,52.0,1.0,413424.20999999996,206712.10499999998,fdd1621bb8ef50441600981b877dbb29e041997ea380a06a89db65acb9747e22,7319002.0,RS,4.25e+16,4.99e+16,573.0,1.48e+16,780.0,18289.0,149.0,980.0
fe0494f576edaa52572740169a9878aff2bdfb5d0c51d7523b7b14fb0fb9ca43,1,0.0,0.0,0.0,1642.0,1642.0,fe0494f576edaa52572740169a9878aff2bdfb5d0c51d7523b7b14fb0fb9ca43,4789099.0,PE,9180000000000000.0,50.0,958.0,2320000000000000.0,960.0,0.0,981.0,989.0
fe4038b313fac7a8a60a108a2b3cf32157a16ada672075b2a92d3d9f02039231,1,0.0,0.0,0.0,1214.22,1214.22,fe4038b313fac7a8a60a108a2b3cf32157a16ada672075b2a92d3d9f02039231,2833000.0,SP,9230000000000000.0,734564000000000.0,953.0,208550.0,970.0,0.0,979.0,989.0
fe40a8cdb74fe32406a459d90e751548a6fe22bb5926585a9da2dc87e4c07d96,2,2.5,5.0,0.5,814.1500000000001,407.07500000000005,,,,,,,,,,,
fe538e3f816550e5ee12ed0d2eb3f4f5bb168d6816f4f228d28f9356022f2d65,1,0.0,0.0,0.0,444.35,444.35,,,,,,,,,,,
fe5a1244f75f5f04fb86cebdcac63cb3fdf82e501f6f4a287caa6c1b0109d8ac,1,1.0,1.0,1.0,2432.58,2432.58,fe5a1244f75f5f04fb86cebdcac63cb3fdf82e501f6f4a287caa6c1b0109d8ac,4711302.0,GO,944606000000000.0,889104000000000.0,943.0,1.89e+16,940.0,5387.0,982.0,989.0
fe907d3815d397daf4b42e7dc98018caff9f4a8c781d8c87b0c8d8c8b73d4179,1,0.0,0.0,0.0,1822.16,1822.16,fe907d3815d397daf4b42e7dc98018caff9f4a8c781d8c87b0c8d8c8b73d4179,4649408.0,SC,9380000000000000.0,8650000000000000.0,949.0,207000.0,920.0,32284.0,968.0,989.0
feb3fb1890413307baa44ea29b07980115a0fdc7279e277aa75126227e2affd6,3,0.0,0.0,0.0,21480.850000000002,7160.283333333334,feb3fb1890413307baa44ea29b07980115a0fdc7279e277aa75126227e2affd6,1052000.0,MG,9780000000000000.0,9880000000000000.0,957.0,2230000000000000.0,950.0,0.0,979.0,987.0
feb9a18651f0e7098f3e5483377e9a369d2077b78e62bb01bbca27f0a38ca6a8,1,1.0,1.0,1.0,1471.23,1471.23,,,,,,,,,,,
fec741b91da7a76d8ac26d45fc644a05a6d1c6cb9be39f66b04c6a4ddb1b03ad,1,0.0,0.0,0.0,746.68,746.68,,,,,,,,,,,
feced8a3a1b3b42ea12f8039a5512cfeed6d1a658ae67a21eaea18dcedc63192,1,0.0,0.0,0.0,1325.41,1325.41,feced8a3a1b3b42ea12f8039a5512cfeed6d1a658ae67a21eaea18dcedc63192,4711302.0,SP,977136000000000.0,6440000000000000.0,898.0,2.63e+16,960.0,502.0,965.0,988.0
ff2f2d8aee7a380b6c94fbd9c41f0324482f53d82eac9c5f1cc6d9738598f766,1,0.0,0.0,0.0,178.19,178.19,,,,,,,,,,,
ff3badb01e8ad9dd6bc9785c5cfde7985ade87f7a2108cd05b2fd50ab7063efd,33,0.45454545454545453,5.0,0.21212121212121213,306325.73,9282.597878787878,ff3badb01e8ad9dd6bc9785c5cfde7985ade87f7a2108cd05b2fd50ab7063efd,4781400.0,RS,9230000000000000.0,7890000000000000.0,940.0,2140000000000000.0,970.0,4318.0,979.0,988.0
ff5b597c79b10ff7b6dfc2c079575ae4cded005b2afce565d3ae17decd816620,1,0.0,0.0,0.0,180.8,180.8,,,,,,,,,,,
ff635b326cece6435986d6c7aa1cc93bad570a3b5e7b9f805e5b5c2c4f16dd3d,2,0.0,0.0,0.0,18064.57,9032.285,ff635b326cece6435986d6c7aa1cc93bad570a3b5e7b9f805e5b5c2c4f16dd3d,810004.0,PA,893164000000000.0,1000.0,859.0,1.73e+16,910.0,144.0,964.0,989.0
ff7ed3bb75b65cd18b6612d9098263dd842597230617dbff92b01b6d19418ae7,1,2.0,2.0,1.0,6122.13,6122.13,ff7ed3bb75b65cd18b6612d9098263dd842597230617dbff92b01b6d19418ae7,3313999.0,RS,9840000000000000.0,9840000000000000.0,913.0,2760000000000000.0,940.0,0.0,968.0,988.0
ffb0266a688a7db8db61d42aaf9bdf22ed9ddcb9152e5f0d60ccaaeee5de9fd3,1,0.0,0.0,0.0,346.06,346.06,ffb0266a688a7db8db61d42aaf9bdf22ed9ddcb9152e5f0d60ccaaeee5de9fd3,4742300.0,SC,9050000000000000.0,8460000000000000.0,926.0,175750.0,870.0,0.0,959.0,989.0
ffd637eeee8e8c54dc7d423b3ddce3467c92f1c20ed1ca1ccad4bd2adfa1433b,4,0.25,1.0,0.25,2092.41,523.1025,ffd637eeee8e8c54dc7d423b3ddce3467c92f1c20ed1ca1ccad4bd2adfa1433b,4781400.0,SC,7340000000000000.0,6750000000000000.0,587.0,1.61e+16,940.0,28434.0,406.0,982.0
ffdd9a1785cdb11518cb192453ae4c73bc487a19c429c8edad6bcea31ea9d75d,1,0.0,0.0,0.0,399.68,399.68,ffdd9a1785cdb11518cb192453ae4c73bc487a19c429c8edad6bcea31ea9d75d,4781400.0,MG,1000.0,337040000000000.0,965.0,295375.0,970.0,0.0,964.0,988.0
ffe48c4854ed332f8352740491c0b70ad402d53467fdec20e350b4c0c06c69ae,1,0.0,0.0,0.0,463.37,463.37,,,,,,,,,,,
ffef03d80e763f0c16b845235279baf89e3a3fed8a5759db9dfb67eab64499b3,1,0.0,0.0,0.0,196.69,196.69,,,,,,,,,,,
